role,seed,status,reasons,plan_lap_s,v_peak,thrust_peak,max_angle_deg,stretch,lap_stretched_s,min_gate_gap,n_frame_crossings,frame_margin_m
study,0,reject,frame_crossing+arena+ref_contact,4.641,5.41,14.64,7.82,1.23,5.707,1.972,2.0,0.0
study,1,reject,frame_crossing+arena+ref_contact,4.905,6.019,14.717,7.473,1.368,6.711,1.198,1.0,0.0
study,2,reject,frame_crossing+arena+ref_contact,4.973,5.097,14.696,9.9,1.158,5.761,1.235,2.0,0.0
study,3,reject,frame_crossing+arena+ref_contact,4.705,5.806,14.65,7.268,1.32,6.209,1.077,2.0,0.0
study,4,pass,,4.181,3.986,14.726,7.352,1.0,4.181,1.032,0.0,0.044
study,5,reject,frame_crossing+arena+ref_contact,4.499,4.981,14.619,5.823,1.132,5.093,1.837,1.0,0.0
study,6,reject,frame_crossing+arena+ref_contact,4.632,5.192,14.699,9.727,1.18,5.465,1.5,2.0,0.0
study,7,reject,frame_crossing+arena+ref_contact,4.03,5.414,14.676,6.009,1.23,4.959,1.405,1.0,0.0
study,8,reject,arena,4.023,5.367,14.752,7.076,1.22,4.907,1.849,0.0,0.044
study,9,reject,arena+frame_margin,4.208,5.54,14.691,9.134,1.259,5.298,1.695,0.0,0.024
study,10,reject,frame_crossing+arena+ref_contact,4.716,5.024,14.715,7.591,1.142,5.385,1.031,1.0,0.0
study,11,reject,frame_crossing+arena+ref_contact,4.326,4.763,14.721,10.116,1.083,4.683,1.523,1.0,0.0
study,12,reject,frame_crossing+arena+ref_contact,4.934,6.059,14.733,6.406,1.377,6.795,1.433,1.0,0.0
study,13,reject,frame_crossing+arena+ref_contact,5.018,6.153,14.725,6.281,1.398,7.017,1.118,5.0,0.0
study,14,reject,arena+frame_margin,4.717,4.691,14.7,7.089,1.066,5.029,1.271,0.0,0.008
study,15,reject,frame_crossing+arena+ref_contact,5.143,5.299,14.701,8.714,1.204,6.194,1.058,3.0,0.0
study,16,reject,frame_crossing+frame_margin,4.719,4.495,14.459,6.684,1.022,4.821,1.097,1.0,0.006
study,17,reject,frame_crossing+arena+ref_contact,4.085,4.608,14.749,6.153,1.047,4.279,1.383,2.0,0.0
study,18,reject,frame_crossing+arena+ref_contact,4.578,3.876,14.471,6.476,1.0,4.578,1.384,2.0,0.0
study,19,reject,frame_crossing+arena+ref_contact,4.698,5.466,14.693,7.937,1.242,5.836,1.189,1.0,0.0
study,20,reject,frame_crossing+arena+ref_contact,4.363,4.859,14.622,5.98,1.104,4.818,1.026,3.0,0.0
study,21,reject,frame_crossing+arena+ref_contact,4.581,4.411,14.755,9.987,1.002,4.592,1.026,2.0,0.0
study,22,reject,frame_crossing+arena+ref_contact,4.355,6.067,14.76,8.104,1.379,6.004,1.761,2.0,0.0
study,23,reject,frame_crossing+ref_contact,5.199,5.179,14.544,9.761,1.177,6.119,2.083,3.0,0.0
study,24,reject,frame_crossing+arena+ref_contact,4.676,5.325,14.731,8.656,1.21,5.658,1.047,2.0,0.0
study,25,pass,,4.125,4.388,14.662,5.383,1.0,4.125,1.274,0.0,0.041
study,26,reject,frame_crossing+arena+ref_contact,5.055,6.389,14.683,7.075,1.452,7.34,1.363,1.0,0.0
study,27,reject,frame_crossing+arena+ref_contact,4.515,6.155,14.595,5.952,1.399,6.316,1.398,1.0,0.0
study,28,reject,frame_crossing+arena+ref_contact,4.948,5.251,14.794,8.046,1.193,5.904,2.058,2.0,0.0
study,29,reject,frame_crossing+arena+ref_contact,4.968,5.862,14.707,7.343,1.332,6.618,1.639,2.0,0.0
study,30,reject,frame_crossing+arena+ref_contact,4.723,6.253,14.756,9.429,1.421,6.712,1.694,3.0,0.0
study,31,reject,frame_crossing+arena+ref_contact,4.757,4.759,14.493,6.955,1.082,5.145,1.158,1.0,0.0
study,32,reject,frame_crossing+arena+ref_contact,5.018,5.647,14.59,8.145,1.283,6.44,2.217,1.0,0.0
study,33,reject,frame_crossing+ref_contact,4.685,5.628,14.669,7.529,1.279,5.993,1.204,1.0,0.0
study,34,reject,frame_crossing+arena+ref_contact,4.225,5.434,14.71,6.527,1.235,5.219,1.031,2.0,0.0
study,35,reject,frame_crossing+arena+ref_contact,4.341,5.07,14.586,6.525,1.152,5.002,1.419,1.0,0.0
study,36,reject,frame_crossing+arena+ref_contact,4.88,6.428,14.705,8.319,1.461,7.129,1.952,3.0,0.0
study,37,reject,frame_crossing+arena+ref_contact,5.104,5.357,14.726,9.264,1.218,6.214,1.987,2.0,0.0
study,38,reject,frame_crossing+arena+ref_contact,5.171,6.677,14.738,6.752,1.517,7.847,1.172,4.0,0.0
study,39,reject,frame_crossing+arena+ref_contact,4.916,5.892,14.633,8.083,1.339,6.583,1.172,2.0,0.0
study,40,reject,frame_crossing+ref_contact,4.885,5.686,14.717,7.315,1.292,6.313,1.235,1.0,0.0
study,41,reject,frame_crossing+arena+ref_contact,4.427,5.605,14.699,6.886,1.274,5.639,1.323,1.0,0.0
study,42,reject,frame_crossing+arena+ref_contact,4.309,5.19,14.668,8.652,1.18,5.083,1.274,2.0,0.0
study,43,reject,frame_crossing+arena+ref_contact,4.214,4.563,14.705,6.812,1.037,4.37,1.032,1.0,0.0
study,44,reject,frame_crossing+arena+ref_contact,4.755,4.729,14.667,6.758,1.075,5.111,1.053,3.0,0.0
study,45,reject,frame_crossing+arena+ref_contact,5.025,5.649,14.745,7.635,1.284,6.452,1.553,2.0,0.0
study,46,reject,frame_crossing+arena+ref_contact,4.995,6.443,14.728,8.514,1.464,7.315,2.498,2.0,0.0
study,47,reject,frame_crossing+arena+ref_contact,4.48,5.911,14.669,8.525,1.343,6.018,1.617,1.0,0.0
study,48,reject,frame_crossing+arena+ref_contact,4.173,4.455,14.642,6.419,1.013,4.226,1.015,2.0,0.0
study,49,reject,frame_crossing+arena+ref_contact,4.457,4.547,14.761,7.519,1.033,4.606,1.235,1.0,0.0
study,50,reject,frame_crossing+arena+ref_contact,4.847,6.699,14.735,9.166,1.523,7.38,1.228,3.0,0.0
study,51,reject,frame_crossing+arena+ref_contact,4.81,3.948,14.709,5.687,1.0,4.81,1.614,1.0,0.0
study,52,reject,frame_crossing+arena+ref_contact,4.564,5.054,14.719,9.671,1.149,5.243,1.219,1.0,0.0
study,53,reject,frame_crossing+arena+ref_contact,4.893,5.726,14.722,8.931,1.301,6.367,1.491,1.0,0.0
study,54,reject,frame_crossing+arena+ref_contact,5.031,6.288,14.728,7.754,1.429,7.189,2.482,2.0,0.0
study,55,reject,frame_crossing+arena+ref_contact,4.319,4.971,14.662,9.367,1.13,4.88,1.538,2.0,0.0
study,56,reject,frame_crossing+arena+ref_contact,4.923,4.404,14.672,6.368,1.001,4.928,1.398,1.0,0.0
study,57,reject,frame_crossing+arena+ref_contact,4.227,5.265,14.673,10.311,1.196,5.058,1.245,2.0,0.0
study,58,reject,frame_crossing+arena+ref_contact,4.776,6.03,14.677,7.187,1.371,6.546,1.398,6.0,0.0
study,59,reject,frame_crossing+arena+ref_contact,3.976,5.151,14.742,7.78,1.171,4.655,1.553,1.0,0.0
study,60,reject,frame_crossing+arena+ref_contact,4.808,5.274,14.719,6.857,1.199,5.763,1.172,2.0,0.0
study,61,reject,arena,4.083,3.729,14.735,8.174,1.0,4.083,1.799,0.0,0.037
study,62,reject,arena,4.298,5.024,14.683,7.255,1.142,4.908,1.461,0.0,0.04
study,63,reject,arena,4.005,5.319,14.615,7.373,1.209,4.842,1.96,0.0,0.036
study,64,reject,frame_crossing+arena+ref_contact,5.02,4.776,14.653,7.412,1.086,5.449,1.405,2.0,0.0
study,65,reject,arena+ref_contact,3.878,3.959,14.622,5.874,1.0,3.878,1.148,0.0,0.0
study,66,reject,frame_crossing+arena+ref_contact,4.518,5.176,14.595,6.155,1.176,5.314,1.097,1.0,0.0
study,67,reject,frame_crossing+arena+ref_contact,4.927,6.344,14.624,6.621,1.442,7.103,1.921,1.0,0.0
study,68,reject,frame_crossing+arena+ref_contact,4.985,5.268,14.74,9.451,1.197,5.969,1.333,1.0,0.0
study,69,reject,frame_crossing+arena+ref_contact,5.135,6.456,14.732,8.413,1.467,7.534,2.417,3.0,0.0
study,70,reject,frame_crossing+ref_contact,4.373,4.99,14.707,9.972,1.134,4.96,1.13,2.0,0.0
study,71,reject,frame_crossing+arena+ref_contact,4.72,5.349,14.696,7.001,1.216,5.738,1.639,1.0,0.0
study,72,reject,arena,3.637,4.067,14.66,5.744,1.0,3.637,1.148,0.0,0.034
study,73,reject,frame_crossing+arena+ref_contact,4.258,5.408,14.72,7.292,1.229,5.233,1.253,1.0,0.0
study,74,reject,frame_crossing+ref_contact,4.49,5.262,14.725,8.018,1.196,5.37,1.205,1.0,0.0
study,75,reject,frame_crossing+arena+ref_contact,4.12,5.275,14.749,6.375,1.199,4.939,1.496,1.0,0.0
study,76,reject,frame_crossing+arena+ref_contact,4.832,4.956,14.747,8.086,1.126,5.443,1.505,3.0,0.0
study,77,reject,arena,4.249,5.557,14.742,5.403,1.263,5.366,1.453,0.0,0.037
study,78,reject,frame_crossing+arena+ref_contact,4.77,3.735,14.693,5.015,1.0,4.77,1.553,1.0,0.0
study,79,reject,arena,4.518,5.242,14.733,6.25,1.191,5.382,1.031,0.0,0.042
study,80,reject,arena,4.168,5.486,14.761,7.397,1.247,5.198,1.477,0.0,0.037
study,81,reject,frame_crossing+arena+ref_contact,4.399,6.182,14.664,7.092,1.405,6.18,1.172,1.0,0.0
study,82,reject,frame_crossing+arena+ref_contact,4.52,5.228,14.659,7.63,1.188,5.371,1.158,1.0,0.0
study,83,reject,frame_crossing+arena+ref_contact,4.603,6.221,14.714,6.099,1.414,6.508,1.073,1.0,0.0
study,84,reject,frame_crossing+arena+ref_contact,3.899,3.905,14.698,7.099,1.0,3.899,1.035,1.0,0.0
study,85,reject,frame_crossing+arena+ref_contact,4.373,5.963,14.686,7.596,1.355,5.926,1.858,1.0,0.0
study,86,reject,frame_crossing+arena+ref_contact,4.612,5.256,14.68,8.422,1.195,5.509,1.249,1.0,0.0
study,87,reject,arena,4.409,5.218,14.566,5.906,1.186,5.228,1.301,0.0,0.056
study,88,reject,arena,4.164,4.168,14.743,4.427,1.0,4.164,1.614,0.0,0.044
study,89,reject,frame_crossing+arena+ref_contact,4.667,5.608,14.702,6.902,1.275,5.948,1.035,2.0,0.0
study,90,reject,frame_crossing+arena+ref_contact,5.279,5.78,14.73,8.037,1.314,6.934,2.094,3.0,0.0
study,91,reject,frame_crossing+arena+ref_contact,4.132,5.055,14.763,7.979,1.149,4.747,1.029,1.0,0.0
study,92,reject,frame_crossing+arena+ref_contact,3.681,4.193,14.784,5.699,1.0,3.681,1.176,1.0,0.0
study,93,pass,,3.581,4.872,14.659,6.926,1.107,3.966,2.051,0.0,0.039
study,94,reject,frame_crossing+arena+ref_contact,4.351,5.013,14.662,5.918,1.139,4.958,1.077,2.0,0.0
study,95,reject,frame_crossing+ref_contact,4.714,5.028,14.618,8.093,1.143,5.387,1.015,1.0,0.0
study,96,reject,frame_crossing+arena+ref_contact,4.893,5.545,14.645,8.174,1.26,6.166,1.37,2.0,0.0
study,97,reject,frame_crossing+arena+ref_contact,4.524,5.114,14.617,9.358,1.162,5.258,2.075,1.0,0.0
study,98,reject,arena,4.649,5.924,14.621,6.476,1.346,6.259,1.396,0.0,0.05
study,99,reject,frame_crossing+arena+ref_contact,4.823,6.226,14.65,7.926,1.415,6.825,1.553,2.0,0.0
study,100,reject,frame_crossing+arena+ref_contact,4.682,6.183,14.729,5.818,1.405,6.579,1.744,1.0,0.0
study,101,reject,frame_crossing+arena+ref_contact,4.755,5.965,14.63,6.118,1.356,6.446,1.337,2.0,0.0
study,102,reject,frame_crossing+arena+ref_contact,4.479,4.329,14.701,7.322,1.0,4.479,1.109,1.0,0.0
study,103,reject,frame_crossing+arena+ref_contact,4.709,6.454,14.778,6.725,1.467,6.908,1.073,1.0,0.0
study,104,reject,frame_crossing+arena+ref_contact,4.936,5.384,14.692,8.372,1.224,6.04,2.155,2.0,0.0
study,105,reject,frame_crossing+ref_contact,3.906,5.502,14.624,5.788,1.251,4.885,1.339,1.0,0.0
study,106,reject,arena+ref_contact,4.944,6.129,14.531,8.251,1.393,6.887,1.026,0.0,0.0
study,107,reject,frame_crossing+ref_contact,4.656,5.126,14.764,7.071,1.165,5.424,1.323,2.0,0.0
study,108,reject,frame_crossing+arena+ref_contact,4.976,5.561,14.682,9.477,1.264,6.289,1.148,2.0,0.0
study,109,reject,frame_crossing+arena+ref_contact,4.42,5.086,14.554,8.767,1.156,5.109,1.301,1.0,0.0
study,110,reject,frame_crossing+arena+ref_contact,4.904,6.486,14.673,8.878,1.474,7.228,1.228,1.0,0.0
study,111,reject,frame_crossing+arena+ref_contact,4.787,5.977,14.713,8.503,1.358,6.502,1.873,2.0,0.0
study,112,reject,frame_crossing+arena+ref_contact,4.813,4.949,14.726,9.004,1.125,5.414,1.031,2.0,0.0
study,113,reject,frame_crossing+arena+ref_contact,5.047,5.477,14.698,9.379,1.245,6.282,2.094,2.0,0.0
study,114,reject,arena,4.399,5.044,14.73,9.526,1.146,5.043,2.294,0.0,0.04
study,115,reject,frame_crossing+arena+ref_contact,4.456,5.909,14.575,6.99,1.343,5.984,1.433,2.0,0.0
study,116,reject,frame_crossing+arena+ref_contact,4.719,6.249,14.722,6.982,1.42,6.702,1.398,3.0,0.0
study,117,reject,frame_crossing+arena+ref_contact,4.544,4.927,14.688,6.0,1.12,5.088,1.077,1.0,0.0
study,118,reject,frame_crossing+arena+ref_contact,4.738,4.709,14.595,7.028,1.07,5.07,2.49,1.0,0.0
study,119,reject,frame_crossing+arena+ref_contact,4.839,5.351,14.759,8.399,1.216,5.885,2.008,1.0,0.0
study,120,reject,arena+frame_margin,4.444,6.055,14.778,8.368,1.376,6.115,1.92,0.0,0.001
study,121,reject,frame_crossing+arena+ref_contact,4.877,5.535,14.647,6.349,1.258,6.135,1.13,1.0,0.0
study,122,reject,frame_crossing+arena+ref_contact,5.004,4.814,14.712,5.929,1.094,5.475,1.249,2.0,0.0
study,123,reject,arena+frame_margin,4.463,4.914,14.777,6.238,1.117,4.984,1.063,0.0,0.016
study,124,reject,frame_crossing+ref_contact,4.442,4.865,14.748,10.143,1.106,4.911,1.109,3.0,0.0
study,125,reject,frame_crossing+arena+ref_contact,4.512,4.97,14.655,7.162,1.13,5.097,1.047,1.0,0.0
study,126,reject,frame_crossing+arena+ref_contact,4.632,5.587,14.655,6.541,1.27,5.882,1.56,2.0,0.0
study,127,reject,frame_crossing+ref_contact,5.141,5.624,14.693,8.633,1.278,6.571,1.073,2.0,0.0
study,128,reject,frame_crossing+arena+ref_contact,4.807,6.553,14.663,9.372,1.489,7.16,1.063,2.0,0.0
study,129,reject,frame_crossing+arena+ref_contact,4.224,4.706,14.724,7.404,1.07,4.518,1.219,3.0,0.0
study,130,reject,frame_crossing+arena+ref_contact,4.052,4.463,14.745,9.729,1.014,4.11,1.047,1.0,0.0
study,131,reject,frame_crossing+arena+ref_contact,4.599,4.684,14.73,9.706,1.065,4.897,1.419,1.0,0.0
study,132,reject,frame_crossing+ref_contact,5.172,5.707,14.67,10.351,1.297,6.708,2.317,2.0,0.0
study,133,reject,frame_crossing+ref_contact,4.341,4.87,14.698,8.528,1.107,4.805,1.047,2.0,0.0
study,134,reject,arena,4.341,4.292,14.55,3.446,1.0,4.341,1.032,0.0,0.038
study,135,reject,frame_crossing+arena+ref_contact,5.18,5.803,14.65,7.717,1.319,6.832,1.383,2.0,0.0
study,136,reject,arena,4.007,4.316,14.623,6.249,1.0,4.007,1.073,0.0,0.038
study,137,reject,frame_crossing+ref_contact,4.27,4.051,14.616,6.464,1.0,4.27,1.058,1.0,0.0
study,138,reject,arena,3.984,4.589,14.655,7.134,1.043,4.155,1.176,0.0,0.04
study,139,reject,arena,4.098,4.829,14.693,7.322,1.098,4.498,1.523,0.0,0.046
study,140,reject,frame_crossing+arena+ref_contact,4.5,5.793,14.67,10.519,1.317,5.925,1.72,3.0,0.0
study,141,reject,arena+ref_contact,4.555,5.191,14.719,8.624,1.18,5.373,1.35,0.0,0.0
study,142,reject,frame_crossing+arena+ref_contact,4.546,5.764,14.71,5.93,1.31,5.955,1.073,1.0,0.0
study,143,reject,frame_crossing+ref_contact,5.045,5.429,14.736,9.009,1.234,6.225,2.217,1.0,0.0
study,144,reject,frame_crossing+arena+ref_contact,4.098,4.851,14.701,9.326,1.102,4.518,1.063,1.0,0.0
study,145,reject,frame_crossing+arena+ref_contact,4.869,5.369,14.643,8.337,1.22,5.941,1.951,4.0,0.0
study,146,reject,frame_crossing+arena+ref_contact,4.445,4.469,14.668,8.131,1.016,4.514,1.235,2.0,0.0
study,147,reject,frame_crossing+arena+ref_contact,3.757,5.058,14.76,6.925,1.15,4.318,1.029,1.0,0.0
study,148,reject,frame_crossing+ref_contact,3.559,4.196,14.769,6.536,1.0,3.559,1.419,1.0,0.0
study,149,reject,arena,4.111,4.421,14.674,6.84,1.005,4.131,1.231,0.0,0.05
study,150,reject,arena+frame_margin,4.192,5.187,14.699,8.146,1.179,4.942,1.461,0.0,0.021
study,151,reject,frame_crossing+arena+ref_contact,4.334,5.983,14.715,8.281,1.36,5.893,1.043,1.0,0.0
study,152,reject,frame_crossing+arena+ref_contact,5.078,5.863,14.774,7.086,1.333,6.766,1.271,3.0,0.0
study,153,reject,frame_crossing+arena+ref_contact,4.528,5.784,14.652,7.183,1.315,5.952,1.073,1.0,0.0
study,154,reject,frame_crossing+arena+ref_contact,4.528,4.95,14.724,7.759,1.125,5.093,1.189,1.0,0.0
study,155,reject,frame_crossing+arena+ref_contact,5.054,6.42,14.716,7.283,1.459,7.375,1.665,3.0,0.0
study,156,reject,frame_crossing+ref_contact,3.892,4.935,14.682,5.874,1.122,4.366,1.35,1.0,0.0
study,157,reject,arena,4.504,5.186,14.575,6.476,1.179,5.308,1.505,0.0,0.06
study,158,reject,arena+frame_margin,4.391,4.85,14.588,5.998,1.102,4.84,1.547,0.0,0.025
study,159,reject,frame_crossing+arena+ref_contact,4.496,5.042,14.673,6.956,1.146,5.152,1.103,2.0,0.0
study,160,reject,frame_crossing+arena+ref_contact,4.914,5.558,14.638,8.504,1.263,6.208,1.047,2.0,0.0
study,161,reject,frame_crossing+arena+ref_contact,4.592,5.788,14.473,6.917,1.316,6.042,1.384,1.0,0.0
study,162,reject,frame_crossing+arena+ref_contact,4.518,5.445,14.528,10.321,1.237,5.591,1.274,1.0,0.0
study,163,reject,frame_crossing+arena+frame_margin,4.438,5.582,14.703,7.763,1.269,5.63,1.398,1.0,0.013
study,164,reject,frame_crossing+arena+ref_contact,4.821,6.423,14.647,5.912,1.46,7.038,1.328,1.0,0.0
study,165,reject,frame_crossing+arena+ref_contact,4.408,5.727,14.642,8.074,1.301,5.737,1.37,2.0,0.0
study,166,reject,frame_crossing+arena+ref_contact,4.323,5.815,14.648,8.035,1.322,5.713,1.545,1.0,0.0
study,167,reject,arena+ref_contact,4.195,3.792,14.542,9.485,1.0,4.195,1.118,0.0,0.0
study,168,reject,frame_crossing+arena+ref_contact,4.398,4.799,14.697,6.968,1.091,4.797,1.266,2.0,0.0
study,169,reject,frame_crossing+arena+ref_contact,4.505,4.929,14.696,6.474,1.12,5.047,1.015,1.0,0.0
study,170,reject,frame_crossing+arena+ref_contact,4.699,5.88,14.689,6.889,1.336,6.28,2.118,1.0,0.0
study,171,reject,frame_crossing+ref_contact,3.804,4.825,14.672,5.731,1.097,4.171,1.035,3.0,0.0
study,172,reject,frame_crossing+ref_contact,5.144,5.002,14.475,7.731,1.137,5.848,1.337,2.0,0.0
study,173,reject,frame_crossing+arena+ref_contact,4.883,5.168,14.686,8.5,1.175,5.736,1.542,1.0,0.0
study,174,reject,frame_crossing+arena+ref_contact,4.75,6.021,14.671,6.563,1.368,6.5,1.569,2.0,0.0
study,175,reject,frame_crossing+ref_contact,4.143,4.052,14.689,7.152,1.0,4.143,1.047,2.0,0.0
study,176,reject,frame_crossing+arena+frame_margin,4.017,3.759,14.719,7.739,1.0,4.017,1.148,1.0,0.003
study,177,reject,frame_crossing+arena+ref_contact,4.608,4.633,14.729,9.957,1.053,4.852,1.031,2.0,0.0
study,178,reject,frame_crossing+arena+ref_contact,4.459,5.332,14.73,6.464,1.212,5.403,1.337,2.0,0.0
study,179,reject,arena+frame_margin,4.637,5.027,14.71,6.89,1.142,5.297,1.047,0.0,0.008
study,180,reject,frame_crossing+arena+ref_contact,4.26,4.924,14.712,7.654,1.119,4.767,1.245,2.0,0.0
study,181,reject,arena+frame_margin,3.987,4.944,14.723,7.224,1.124,4.48,1.031,0.0,0.026
study,182,reject,frame_crossing+arena+ref_contact,4.961,6.247,14.608,7.677,1.42,7.042,1.384,2.0,0.0
study,183,reject,frame_crossing+arena+ref_contact,4.673,5.055,14.636,6.135,1.149,5.369,1.097,1.0,0.0
study,184,reject,frame_crossing+arena+ref_contact,4.437,6.001,14.588,7.512,1.364,6.052,1.235,3.0,0.0
study,185,reject,arena,4.963,5.753,14.706,8.643,1.307,6.488,1.035,0.0,0.035
study,186,reject,frame_crossing+arena+ref_contact,4.629,4.775,14.77,7.529,1.085,5.023,1.37,2.0,0.0
study,187,reject,frame_crossing+arena+ref_contact,5.099,6.519,14.699,9.294,1.482,7.555,2.677,1.0,0.0
study,188,reject,arena,4.626,5.747,14.732,9.044,1.306,6.042,1.779,0.0,0.044
study,189,reject,arena+ref_contact,4.461,5.277,14.592,7.008,1.199,5.351,1.153,0.0,0.0
study,190,reject,frame_crossing+arena+ref_contact,4.577,5.915,14.672,6.904,1.344,6.153,1.547,2.0,0.0
study,191,reject,frame_crossing+arena+ref_contact,4.785,4.67,14.647,7.079,1.061,5.079,1.267,1.0,0.0
study,192,reject,frame_crossing+arena+ref_contact,4.804,5.619,14.61,8.446,1.277,6.135,2.014,1.0,0.0
study,193,reject,arena,4.623,6.459,14.752,5.808,1.468,6.786,1.433,0.0,0.047
study,194,reject,frame_crossing+arena+ref_contact,4.475,4.663,14.569,6.509,1.06,4.743,1.053,1.0,0.0
study,195,reject,arena,4.055,4.864,14.796,6.704,1.106,4.483,1.189,0.0,0.05
study,196,reject,frame_crossing+ref_contact,4.178,6.125,14.748,5.878,1.392,5.815,1.547,2.0,0.0
study,197,reject,frame_crossing+arena+ref_contact,4.499,6.296,14.679,9.166,1.431,6.437,1.687,1.0,0.0
study,198,reject,frame_crossing+arena+ref_contact,4.446,5.444,14.69,7.718,1.237,5.501,1.477,1.0,0.0
study,199,reject,frame_crossing+arena+ref_contact,4.001,4.081,14.647,5.226,1.0,4.001,1.35,1.0,0.0
study,200,reject,frame_crossing+ref_contact,4.299,4.305,14.606,6.345,1.0,4.299,1.595,1.0,0.0
study,201,reject,frame_crossing+arena+ref_contact,4.644,6.343,14.696,8.013,1.442,6.695,1.895,2.0,0.0
study,202,reject,frame_crossing+arena+ref_contact,4.899,6.08,14.613,6.883,1.382,6.769,1.026,3.0,0.0
study,203,reject,frame_crossing+arena+ref_contact,4.767,5.609,14.734,7.962,1.275,6.077,1.13,2.0,0.0
study,204,reject,arena+ref_contact,4.763,5.82,14.75,7.229,1.323,6.3,1.987,0.0,0.0
study,205,reject,arena,4.1,4.884,14.648,5.549,1.11,4.55,1.109,0.0,0.036
study,206,reject,frame_crossing+arena+ref_contact,4.931,5.312,14.737,10.845,1.207,5.953,1.235,1.0,0.0
study,207,reject,frame_crossing+arena+ref_contact,4.738,5.539,14.698,5.823,1.259,5.964,1.571,1.0,0.0
study,208,reject,frame_crossing+arena+ref_contact,4.307,5.108,14.756,7.976,1.161,5.0,1.035,1.0,0.0
study,209,reject,frame_crossing+arena+ref_contact,4.448,4.819,14.663,7.173,1.095,4.872,1.103,2.0,0.0
study,210,reject,arena,3.889,4.422,14.645,7.107,1.005,3.909,1.744,0.0,0.038
study,211,reject,frame_crossing+arena+ref_contact,4.124,4.922,14.674,7.555,1.119,4.613,2.368,1.0,0.0
study,212,reject,frame_crossing+arena+ref_contact,4.745,4.947,14.483,9.249,1.124,5.335,1.433,3.0,0.0
study,213,reject,frame_crossing+arena+ref_contact,4.507,4.983,14.728,8.704,1.133,5.104,1.031,2.0,0.0
study,214,reject,frame_crossing+arena+ref_contact,4.517,4.054,14.604,7.898,1.0,4.517,1.109,2.0,0.0
study,215,reject,frame_crossing+arena+ref_contact,4.507,6.1,14.775,5.664,1.386,6.248,1.128,2.0,0.0
study,216,reject,frame_crossing+arena+ref_contact,4.44,5.61,14.697,7.457,1.275,5.661,1.617,1.0,0.0
study,217,reject,arena,3.54,4.387,14.796,7.852,1.0,3.54,1.854,0.0,0.075
study,218,reject,frame_crossing+arena+ref_contact,4.554,5.943,14.621,7.716,1.351,6.151,1.058,2.0,0.0
study,219,reject,frame_crossing+arena+ref_contact,4.846,4.875,14.47,8.868,1.108,5.368,1.337,1.0,0.0
study,220,reject,arena,4.098,4.944,14.719,6.415,1.124,4.605,1.92,0.0,0.036
study,221,reject,frame_crossing+arena+ref_contact,4.718,6.312,14.715,8.329,1.435,6.769,1.383,2.0,0.0
study,222,reject,arena,4.572,6.129,14.707,8.22,1.393,6.369,1.403,0.0,0.05
study,223,reject,frame_crossing+arena+ref_contact,4.617,5.17,14.71,9.73,1.175,5.425,1.032,1.0,0.0
study,224,reject,frame_margin,4.549,5.474,14.713,7.19,1.244,5.659,1.249,0.0,0.016
study,225,reject,frame_crossing+arena+ref_contact,4.566,6.46,14.705,6.026,1.468,6.704,1.854,1.0,0.0
study,226,reject,frame_crossing+arena+ref_contact,4.448,4.854,14.677,8.1,1.103,4.907,1.077,2.0,0.0
study,227,reject,frame_crossing+arena+ref_contact,4.819,5.869,14.736,9.871,1.334,6.428,1.506,3.0,0.0
study,228,reject,frame_crossing+arena+ref_contact,4.366,5.054,14.743,5.454,1.149,5.016,1.545,1.0,0.0
study,229,reject,frame_crossing+arena+ref_contact,4.729,4.683,14.712,8.775,1.064,5.033,1.015,1.0,0.0
study,230,reject,arena,4.925,6.396,14.567,7.329,1.454,7.16,1.073,0.0,0.036
study,231,reject,frame_crossing+arena+ref_contact,4.656,5.953,14.749,7.898,1.353,6.3,1.614,3.0,0.0
study,232,reject,frame_crossing+arena+ref_contact,4.6,6.48,14.755,5.892,1.473,6.775,1.293,1.0,0.0
study,233,reject,frame_crossing+arena+ref_contact,4.388,4.819,14.699,6.708,1.095,4.805,1.293,2.0,0.0
study,234,reject,arena,3.891,4.165,14.749,4.286,1.0,3.891,1.13,0.0,0.038
study,235,reject,arena,4.417,6.456,14.696,5.571,1.467,6.48,1.228,0.0,0.041
study,236,reject,arena+ref_contact,3.987,5.099,14.721,7.17,1.159,4.62,1.13,0.0,0.0
study,237,reject,frame_crossing+arena+ref_contact,4.306,6.435,14.78,6.37,1.462,6.297,1.56,1.0,0.0
study,238,reject,frame_crossing+arena+ref_contact,4.517,5.331,14.631,10.431,1.212,5.472,1.816,1.0,0.0
study,239,reject,frame_crossing+arena+ref_contact,4.279,3.44,14.602,5.186,1.0,4.279,1.339,1.0,0.0
study,240,reject,frame_crossing+arena+ref_contact,4.886,5.422,14.704,7.012,1.232,6.021,1.026,2.0,0.0
study,241,reject,arena+ref_contact,4.341,3.931,14.689,6.119,1.0,4.341,1.327,0.0,0.0
study,242,reject,arena+frame_margin,4.69,5.092,14.734,8.465,1.157,5.428,1.952,0.0,0.008
study,243,reject,frame_crossing+arena+ref_contact,4.227,5.697,14.715,5.812,1.295,5.474,1.073,2.0,0.0
study,244,reject,arena+frame_margin,4.877,5.051,14.726,8.466,1.148,5.599,1.617,0.0,0.017
study,245,reject,frame_crossing+arena+ref_contact,4.636,5.528,14.632,8.897,1.256,5.824,1.249,2.0,0.0
study,246,reject,frame_crossing+arena+ref_contact,4.365,5.354,14.633,9.183,1.217,5.312,1.231,1.0,0.0
study,247,reject,frame_crossing+arena+ref_contact,4.488,5.055,14.751,7.936,1.149,5.155,1.684,2.0,0.0
study,248,reject,frame_crossing+arena+ref_contact,4.859,5.369,14.637,8.6,1.22,5.93,2.026,2.0,0.0
study,249,reject,frame_crossing+arena+ref_contact,4.414,5.784,14.607,11.119,1.314,5.802,1.984,1.0,0.0
study,250,reject,arena,4.698,4.53,14.715,7.262,1.029,4.837,1.542,0.0,0.036
study,251,reject,arena,4.724,4.983,14.59,8.012,1.133,5.351,1.266,0.0,0.036
study,252,reject,frame_crossing+arena+ref_contact,4.946,5.267,14.69,8.217,1.197,5.921,1.063,1.0,0.0
study,253,reject,frame_crossing+arena+ref_contact,5.069,5.726,14.7,6.489,1.301,6.597,1.339,2.0,0.0
study,254,reject,frame_crossing+arena+ref_contact,4.538,4.694,14.663,8.491,1.067,4.841,1.13,2.0,0.0
study,255,reject,arena,4.472,5.715,14.661,6.297,1.299,5.808,1.348,0.0,0.036
study,256,reject,frame_crossing+arena+ref_contact,4.005,4.648,14.693,7.354,1.056,4.23,1.198,1.0,0.0
study,257,reject,frame_crossing+arena+ref_contact,4.718,5.495,14.707,7.808,1.249,5.893,1.405,1.0,0.0
study,258,reject,frame_crossing+ref_contact,4.545,5.671,14.658,7.375,1.289,5.858,1.053,1.0,0.0
study,259,reject,frame_crossing+arena+ref_contact,5.023,4.81,14.689,8.421,1.093,5.492,1.992,3.0,0.0
study,260,reject,frame_crossing+arena+ref_contact,5.019,5.616,14.727,9.392,1.276,6.405,1.992,1.0,0.0
study,261,reject,frame_crossing+ref_contact,4.274,4.676,14.598,6.317,1.063,4.542,1.249,1.0,0.0
study,262,reject,frame_crossing+arena+ref_contact,5.254,5.219,14.696,7.233,1.186,6.232,1.893,3.0,0.0
study,263,reject,frame_crossing+arena+ref_contact,4.526,6.015,14.73,8.728,1.367,6.187,1.266,2.0,0.0
study,264,reject,frame_crossing+arena+ref_contact,4.322,3.435,14.507,6.699,1.0,4.322,1.176,1.0,0.0
study,265,reject,frame_crossing+arena+ref_contact,3.909,5.015,14.746,7.552,1.14,4.455,1.553,1.0,0.0
study,266,reject,frame_crossing+arena+ref_contact,5.106,6.158,14.738,7.008,1.399,7.146,1.582,2.0,0.0
study,267,reject,frame_crossing+arena+ref_contact,5.395,6.163,14.651,7.328,1.401,7.556,2.471,2.0,0.0
study,268,reject,arena,4.237,5.091,14.741,4.683,1.157,4.902,1.148,0.0,0.037
study,269,reject,frame_crossing+ref_contact,4.802,4.924,14.744,7.491,1.119,5.374,1.488,3.0,0.0
study,270,reject,frame_crossing+arena+ref_contact,4.358,5.509,14.607,7.956,1.252,5.457,1.053,2.0,0.0
study,271,reject,frame_crossing+arena+ref_contact,4.663,4.725,14.558,7.913,1.074,5.008,1.228,1.0,0.0
study,272,reject,frame_crossing+arena+ref_contact,5.015,5.444,14.635,7.597,1.237,6.205,1.198,2.0,0.0
study,273,reject,frame_crossing+arena+ref_contact,4.919,5.701,14.792,10.618,1.296,6.373,1.077,1.0,0.0
study,274,reject,frame_crossing+ref_contact,4.599,4.75,14.674,6.181,1.079,4.964,1.109,1.0,0.0
study,275,reject,arena,4.378,4.155,14.671,6.133,1.0,4.378,1.249,0.0,0.036
study,276,reject,frame_crossing+ref_contact,4.795,5.474,14.657,7.799,1.244,5.967,1.015,2.0,0.0
study,277,reject,frame_crossing+arena+ref_contact,4.775,6.078,14.778,7.41,1.381,6.596,1.148,1.0,0.0
study,278,reject,arena,4.267,4.421,14.496,6.535,1.005,4.287,1.249,0.0,0.045
study,279,reject,frame_crossing+ref_contact,4.809,5.109,14.737,9.62,1.161,5.583,1.171,1.0,0.0
study,280,reject,frame_crossing+arena+ref_contact,4.259,5.508,14.709,7.604,1.252,5.331,1.911,1.0,0.0
study,281,reject,frame_crossing+arena+ref_contact,4.037,4.224,14.734,5.157,1.0,4.037,1.133,1.0,0.0
study,282,reject,frame_crossing+arena+ref_contact,4.372,4.411,14.686,8.146,1.003,4.383,1.097,1.0,0.0
study,283,reject,frame_crossing+arena+ref_contact,4.728,4.61,14.531,8.468,1.048,4.953,1.063,2.0,0.0
study,284,reject,frame_crossing+arena+ref_contact,5.052,5.813,14.669,7.404,1.321,6.675,1.474,1.0,0.0
study,285,reject,frame_crossing+arena+ref_contact,4.913,4.662,14.701,9.519,1.06,5.206,2.213,1.0,0.0
study,286,reject,frame_crossing+arena+ref_contact,4.986,4.375,14.663,7.974,1.0,4.986,1.301,3.0,0.0
study,287,reject,arena+ref_contact,4.459,5.661,14.725,5.821,1.287,5.737,1.128,0.0,0.0
study,288,reject,arena+frame_margin,3.855,4.3,14.737,8.661,1.0,3.855,1.128,0.0,0.001
study,289,reject,frame_crossing+arena+ref_contact,4.476,5.703,14.602,8.696,1.296,5.802,1.231,1.0,0.0
study,290,reject,frame_crossing+arena+ref_contact,4.451,5.909,14.641,6.732,1.343,5.977,1.687,1.0,0.0
study,291,reject,frame_crossing+arena+ref_contact,4.772,6.437,14.747,6.792,1.463,6.981,1.926,1.0,0.0
study,292,reject,arena,4.032,3.947,14.543,5.994,1.0,4.032,1.047,0.0,0.043
study,293,reject,frame_crossing+arena+ref_contact,4.2,4.053,14.637,10.366,1.0,4.2,1.266,2.0,0.0
study,294,reject,frame_crossing+arena+ref_contact,4.333,5.16,14.613,8.627,1.173,5.082,1.109,3.0,0.0
study,295,reject,frame_crossing+arena+ref_contact,4.641,6.279,14.718,8.299,1.427,6.624,2.205,2.0,0.0
study,296,reject,frame_crossing+arena+ref_contact,4.565,5.238,14.748,8.632,1.19,5.434,1.95,2.0,0.0
study,297,reject,frame_crossing+arena+ref_contact,4.078,5.511,14.664,9.448,1.252,5.107,1.335,3.0,0.0
study,298,reject,frame_crossing+arena+ref_contact,4.918,6.426,14.731,6.79,1.46,7.182,1.162,3.0,0.0
study,299,reject,frame_crossing+arena+ref_contact,3.972,3.77,14.582,6.035,1.0,3.972,1.266,1.0,0.0
study,300,reject,arena+ref_contact,4.538,5.931,14.721,7.276,1.348,6.117,1.293,0.0,0.0
study,301,reject,ref_contact,4.586,4.98,14.726,8.019,1.132,5.191,1.13,0.0,0.0
study,302,reject,frame_crossing+arena+ref_contact,4.371,3.808,14.753,6.826,1.0,4.371,1.28,1.0,0.0
study,303,reject,frame_crossing+arena+ref_contact,4.622,6.173,14.584,6.828,1.403,6.485,1.204,2.0,0.0
study,304,reject,frame_crossing+arena+ref_contact,4.556,4.54,14.631,8.257,1.032,4.702,1.969,3.0,0.0
study,305,reject,arena,5.099,5.854,14.724,8.712,1.33,6.783,2.051,0.0,0.036
study,306,reject,frame_crossing+arena+ref_contact,4.864,6.003,14.611,7.339,1.364,6.636,1.991,1.0,0.0
study,307,reject,frame_crossing+arena+ref_contact,4.209,4.574,14.734,8.071,1.04,4.376,2.118,1.0,0.0
study,308,reject,frame_crossing+arena+ref_contact,4.877,5.75,14.711,8.02,1.307,6.374,2.134,1.0,0.0
study,309,reject,arena+frame_margin,4.793,5.44,14.512,8.351,1.236,5.926,1.434,0.0,0.004
study,310,reject,frame_crossing+arena+ref_contact,4.312,4.601,14.625,6.369,1.046,4.508,1.5,1.0,0.0
study,311,reject,arena,4.179,4.859,14.716,6.781,1.104,4.615,1.293,0.0,0.036
study,312,reject,frame_crossing+arena+frame_margin,4.736,5.342,14.72,7.888,1.214,5.751,1.473,1.0,0.024
study,313,reject,frame_crossing+arena+ref_contact,4.748,6.51,14.619,8.093,1.48,7.025,1.228,2.0,0.0
study,314,reject,arena,3.806,4.658,14.732,5.879,1.059,4.029,1.335,0.0,0.052
study,315,reject,frame_crossing+arena+ref_contact,4.722,5.448,14.748,5.924,1.238,5.847,1.172,2.0,0.0
study,316,reject,frame_crossing+arena+ref_contact,4.816,4.656,14.489,6.789,1.058,5.096,1.451,1.0,0.0
study,317,reject,frame_crossing+arena+ref_contact,4.945,6.277,14.677,6.349,1.427,7.055,1.133,2.0,0.0
study,318,reject,frame_crossing+arena+ref_contact,4.866,6.33,14.639,7.05,1.439,7.0,1.846,1.0,0.0
study,319,reject,frame_crossing+arena+ref_contact,4.837,6.541,14.694,8.177,1.487,7.191,2.796,2.0,0.0
study,320,reject,frame_crossing+arena+ref_contact,4.46,4.506,14.723,7.685,1.024,4.567,1.128,2.0,0.0
study,321,reject,frame_crossing+arena+ref_contact,4.352,4.585,14.645,9.989,1.042,4.535,1.403,1.0,0.0
study,322,reject,arena+frame_margin,4.596,6.045,14.76,7.057,1.374,6.314,1.747,0.0,0.013
study,323,reject,frame_crossing+arena+ref_contact,4.581,5.823,14.739,9.33,1.324,6.063,1.267,2.0,0.0
study,324,reject,frame_crossing+arena+ref_contact,4.96,5.117,14.675,7.981,1.163,5.768,2.075,3.0,0.0
study,325,reject,frame_crossing+arena+ref_contact,4.477,5.923,14.765,6.723,1.346,6.027,1.72,2.0,0.0
study,326,reject,arena,4.36,6.38,14.734,6.386,1.45,6.322,2.042,0.0,0.037
study,327,reject,frame_crossing+arena+ref_contact,4.33,6.347,14.746,6.467,1.442,6.246,1.747,2.0,0.0
study,328,reject,arena,3.848,5.053,14.785,6.693,1.148,4.42,1.103,0.0,0.047
study,329,reject,frame_crossing+arena+ref_contact,4.812,5.264,14.661,9.135,1.196,5.756,1.133,1.0,0.0
study,330,reject,frame_crossing+arena+ref_contact,4.743,5.642,14.643,6.413,1.282,6.082,1.543,2.0,0.0
study,331,reject,arena+ref_contact,5.163,6.445,14.738,8.361,1.465,7.563,2.051,0.0,0.0
study,332,reject,arena,4.039,5.903,14.691,6.255,1.342,5.419,1.429,0.0,0.037
study,333,reject,frame_crossing+arena+ref_contact,4.586,5.595,14.692,7.229,1.272,5.831,1.858,1.0,0.0
study,334,reject,frame_crossing+arena+ref_contact,4.351,5.379,14.536,9.218,1.223,5.319,1.631,1.0,0.0
study,335,reject,frame_crossing+arena+ref_contact,4.046,6.022,14.759,7.973,1.369,5.538,1.609,1.0,0.0
study,336,reject,arena+frame_margin,4.67,5.873,14.732,8.266,1.335,6.234,2.177,0.0,0.005
study,337,reject,frame_crossing+arena+ref_contact,4.108,4.921,14.555,6.648,1.119,4.595,1.571,1.0,0.0
study,338,reject,frame_crossing+arena+ref_contact,4.665,4.824,14.63,9.454,1.096,5.114,1.744,2.0,0.0
study,339,reject,arena,4.515,6.272,14.61,7.108,1.425,6.436,1.148,0.0,0.044
study,340,reject,frame_crossing+arena+ref_contact,4.685,5.008,14.686,8.399,1.138,5.332,1.097,2.0,0.0
study,341,reject,arena+frame_margin,4.307,5.273,14.721,7.235,1.198,5.161,1.403,0.0,0.029
study,342,reject,arena,3.97,3.979,14.68,6.572,1.0,3.97,1.434,0.0,0.056
study,343,reject,frame_crossing+arena+ref_contact,4.263,4.51,14.64,8.599,1.025,4.37,1.097,2.0,0.0
study,344,reject,frame_crossing+arena+ref_contact,3.827,4.526,14.719,5.779,1.029,3.937,1.571,1.0,0.0
study,345,reject,frame_crossing+arena+ref_contact,4.942,5.536,14.72,8.081,1.258,6.218,2.351,4.0,0.0
study,346,reject,arena,4.516,6.284,14.628,6.106,1.428,6.449,1.323,0.0,0.037
study,347,reject,frame_crossing+arena+ref_contact,4.42,5.056,14.75,9.399,1.149,5.079,1.13,2.0,0.0
study,348,reject,frame_crossing+arena+ref_contact,4.454,5.012,14.625,6.756,1.139,5.074,1.631,1.0,0.0
study,349,reject,arena+frame_margin,4.225,4.583,14.723,7.272,1.042,4.401,1.031,0.0,0.0
study,350,reject,arena+frame_margin,3.729,3.955,14.645,7.156,1.0,3.729,1.253,0.0,0.018
study,351,reject,frame_crossing+arena+ref_contact,4.845,5.045,14.627,8.069,1.147,5.555,1.694,1.0,0.0
study,352,reject,frame_crossing+arena+ref_contact,4.485,4.902,14.563,6.145,1.114,4.997,1.063,1.0,0.0
study,353,reject,frame_crossing+arena+ref_contact,5.115,6.61,14.729,10.064,1.502,7.685,2.38,4.0,0.0
study,354,reject,frame_crossing+arena+ref_contact,5.019,6.082,14.689,6.456,1.382,6.938,1.327,1.0,0.0
study,355,reject,frame_crossing+arena+ref_contact,4.95,4.578,14.468,7.761,1.041,5.15,1.015,3.0,0.0
study,356,reject,frame_crossing+arena+ref_contact,5.054,5.824,14.545,6.764,1.324,6.69,1.766,2.0,0.0
study,357,reject,arena+ref_contact,4.782,5.589,14.678,8.095,1.27,6.074,1.133,0.0,0.0
study,358,reject,frame_crossing+arena+ref_contact,4.671,6.338,14.614,8.636,1.44,6.729,1.4,2.0,0.0
study,359,reject,frame_crossing+arena+ref_contact,4.855,4.919,14.71,6.194,1.118,5.427,1.153,1.0,0.0
study,360,reject,frame_crossing+arena+ref_contact,4.416,4.616,14.688,5.809,1.049,4.633,1.44,1.0,0.0
study,361,reject,frame_crossing+arena+ref_contact,4.796,5.376,14.6,10.166,1.222,5.86,1.171,2.0,0.0
study,362,reject,frame_crossing+arena+ref_contact,5.154,6.56,14.699,8.561,1.491,7.684,2.462,3.0,0.0
study,363,reject,frame_crossing+arena+ref_contact,5.019,4.874,14.482,7.954,1.108,5.56,1.072,1.0,0.0
study,364,reject,arena,4.026,5.794,14.742,6.015,1.317,5.303,1.543,0.0,0.037
study,365,reject,frame_crossing+arena+ref_contact,4.513,4.663,14.601,8.02,1.06,4.782,2.065,3.0,0.0
study,366,reject,frame_crossing+arena+ref_contact,4.655,6.426,14.752,5.96,1.461,6.799,1.47,2.0,0.0
study,367,reject,frame_crossing+arena+ref_contact,4.518,5.326,14.776,9.313,1.21,5.469,1.198,2.0,0.0
study,368,reject,frame_crossing+arena+ref_contact,4.475,6.224,14.713,10.099,1.415,6.33,1.543,1.0,0.0
study,369,reject,arena,4.287,5.576,14.598,7.835,1.267,5.434,1.035,0.0,0.035
study,370,reject,frame_crossing+ref_contact,4.693,6.063,14.674,8.916,1.378,6.466,1.47,3.0,0.0
study,371,reject,frame_crossing+arena+ref_contact,4.912,4.743,14.68,9.228,1.078,5.296,1.204,2.0,0.0
study,372,reject,frame_crossing+arena+ref_contact,4.274,5.224,14.715,8.411,1.187,5.073,1.026,2.0,0.0
study,373,reject,frame_crossing+arena+ref_contact,5.0,5.625,14.71,9.234,1.278,6.393,1.92,1.0,0.0
study,374,reject,frame_crossing+arena+ref_contact,4.666,6.367,14.653,9.949,1.447,6.751,2.541,1.0,0.0
study,375,reject,frame_crossing+arena+ref_contact,4.735,6.187,14.723,10.935,1.406,6.659,2.276,3.0,0.0
study,376,reject,frame_crossing+arena+ref_contact,4.701,5.459,14.654,9.264,1.241,5.832,1.372,1.0,0.0
study,377,reject,frame_crossing+arena+ref_contact,5.046,5.477,14.639,7.203,1.245,6.281,1.988,2.0,0.0
study,378,reject,frame_crossing+ref_contact,4.456,5.754,14.616,6.525,1.308,5.827,1.205,2.0,0.0
study,379,reject,frame_crossing+arena+ref_contact,4.885,4.853,14.542,6.39,1.103,5.388,1.031,2.0,0.0
study,380,reject,ref_contact,4.516,5.142,14.688,8.804,1.169,5.278,1.362,0.0,0.0
study,381,reject,frame_crossing+arena+ref_contact,5.121,5.443,14.65,8.79,1.237,6.335,2.027,2.0,0.0
study,382,reject,frame_crossing+arena+ref_contact,4.128,5.022,14.724,7.167,1.141,4.712,1.13,1.0,0.0
study,383,reject,frame_crossing+arena+ref_contact,4.865,5.296,14.744,9.68,1.204,5.855,1.761,1.0,0.0
study,384,reject,frame_crossing+arena+ref_contact,4.108,4.694,14.682,9.308,1.067,4.383,1.118,2.0,0.0
study,385,reject,frame_crossing+arena+ref_contact,4.702,5.067,14.692,8.522,1.152,5.416,1.453,1.0,0.0
study,386,reject,frame_crossing+arena+ref_contact,5.009,5.498,14.635,8.567,1.249,6.258,2.343,1.0,0.0
study,387,pass,,3.902,4.34,14.606,6.113,1.0,3.902,1.107,0.0,0.046
study,388,reject,frame_crossing+arena+ref_contact,4.72,3.974,14.656,5.609,1.0,4.72,1.723,1.0,0.0
study,389,reject,frame_crossing+arena+ref_contact,4.997,6.582,14.765,9.014,1.496,7.476,2.277,1.0,0.0
study,390,reject,arena,4.064,4.826,14.671,7.5,1.097,4.457,1.181,0.0,0.041
study,391,reject,arena,4.045,5.241,14.595,6.926,1.191,4.818,1.477,0.0,0.036
study,392,reject,frame_crossing+arena+ref_contact,4.88,5.017,14.63,8.892,1.14,5.565,1.873,2.0,0.0
study,393,reject,frame_crossing+arena+ref_contact,4.81,5.095,14.643,8.573,1.158,5.57,1.035,3.0,0.0
study,394,reject,frame_crossing+arena+ref_contact,4.292,5.071,14.748,5.996,1.152,4.946,1.235,2.0,0.0
study,395,reject,frame_crossing+arena+ref_contact,4.365,4.473,14.708,6.8,1.017,4.437,1.301,1.0,0.0
study,396,reject,frame_crossing+arena+frame_margin,3.967,4.444,14.76,8.206,1.01,4.007,1.043,1.0,0.015
study,397,reject,frame_crossing+ref_contact,4.688,5.601,14.673,6.237,1.273,5.968,1.249,2.0,0.0
study,398,reject,arena+frame_margin,5.204,6.246,14.686,7.908,1.419,7.387,2.442,0.0,0.013
study,399,reject,frame_crossing+arena+ref_contact,4.793,5.196,14.716,10.207,1.181,5.66,1.758,1.0,0.0
study,400,reject,frame_crossing+arena+ref_contact,4.621,4.429,14.668,7.183,1.007,4.651,1.153,2.0,0.0
study,401,reject,frame_crossing+arena+ref_contact,4.274,3.813,14.631,5.208,1.0,4.274,1.077,2.0,0.0
study,402,reject,frame_crossing+arena+ref_contact,4.752,6.055,14.725,7.045,1.376,6.54,1.864,1.0,0.0
study,403,reject,frame_crossing+arena+ref_contact,4.532,5.627,14.721,7.432,1.279,5.795,1.031,3.0,0.0
study,404,reject,frame_crossing+arena+ref_contact,4.623,5.248,14.639,6.431,1.193,5.514,1.651,2.0,0.0
study,405,reject,frame_crossing+ref_contact,4.305,6.089,14.737,6.183,1.384,5.958,1.058,3.0,0.0
study,406,reject,frame_crossing+arena+ref_contact,4.575,3.753,14.711,9.38,1.0,4.575,1.162,2.0,0.0
study,407,reject,frame_crossing+arena+ref_contact,4.859,5.1,14.646,7.215,1.159,5.632,1.077,4.0,0.0
study,408,reject,frame_crossing+arena+ref_contact,4.816,5.667,14.707,10.016,1.288,6.204,1.928,2.0,0.0
study,409,reject,arena+ref_contact,4.811,5.786,14.607,7.954,1.315,6.327,2.019,0.0,0.0
study,410,reject,frame_crossing+arena+ref_contact,4.539,4.456,14.57,7.975,1.013,4.598,1.44,1.0,0.0
study,411,reject,frame_crossing+arena+ref_contact,4.35,4.456,14.69,9.175,1.013,4.405,1.073,1.0,0.0
study,412,reject,frame_crossing+arena+ref_contact,4.882,5.791,14.654,5.969,1.316,6.426,1.249,3.0,0.0
study,413,reject,frame_crossing+arena+ref_contact,4.744,5.405,14.675,7.933,1.228,5.827,1.301,1.0,0.0
study,414,reject,frame_crossing+arena+ref_contact,4.122,5.024,14.727,7.208,1.142,4.706,1.44,1.0,0.0
study,415,reject,frame_crossing+arena+ref_contact,4.613,5.965,14.704,6.87,1.356,6.254,1.263,1.0,0.0
study,416,reject,frame_crossing+arena+ref_contact,4.558,5.091,14.637,6.36,1.157,5.273,1.181,3.0,0.0
study,417,reject,frame_crossing+arena+ref_contact,4.123,4.331,14.734,8.793,1.0,4.123,1.249,1.0,0.0
study,418,reject,frame_crossing+arena+ref_contact,4.453,4.699,14.631,9.787,1.068,4.756,1.204,2.0,0.0
study,419,reject,frame_crossing+arena+ref_contact,4.557,4.603,14.717,9.963,1.046,4.768,1.684,2.0,0.0
study,420,reject,frame_crossing+arena+ref_contact,4.043,4.559,14.585,10.322,1.036,4.189,1.665,1.0,0.0
study,421,reject,frame_crossing+arena+ref_contact,4.599,3.668,14.725,4.944,1.0,4.599,1.032,1.0,0.0
study,422,reject,frame_crossing+arena+ref_contact,4.755,6.253,14.602,10.527,1.421,6.758,1.71,4.0,0.0
study,423,reject,frame_crossing+arena+ref_contact,4.438,5.054,14.688,9.588,1.149,5.098,1.189,1.0,0.0
study,424,reject,frame_crossing+arena+ref_contact,4.155,3.503,14.693,5.119,1.0,4.155,1.171,1.0,0.0
study,425,reject,frame_crossing+ref_contact,4.382,5.484,14.651,6.91,1.246,5.462,1.249,1.0,0.0
study,426,reject,frame_crossing+arena+ref_contact,4.661,4.826,14.73,6.311,1.097,5.112,1.035,2.0,0.0
study,427,reject,frame_crossing+ref_contact,4.896,5.39,14.683,8.183,1.225,5.998,1.894,1.0,0.0
study,428,reject,frame_crossing+ref_contact,4.821,5.196,14.721,9.827,1.181,5.694,1.133,3.0,0.0
study,429,reject,frame_crossing+arena+ref_contact,4.47,3.981,14.558,9.245,1.0,4.47,1.53,2.0,0.0
study,430,reject,frame_crossing+arena+ref_contact,4.788,5.623,14.753,9.377,1.278,6.118,1.53,2.0,0.0
study,431,reject,frame_crossing+arena+ref_contact,4.274,4.515,14.516,7.953,1.026,4.386,1.205,1.0,0.0
study,432,reject,frame_crossing+arena+ref_contact,4.731,5.347,14.703,7.613,1.215,5.75,1.148,1.0,0.0
study,433,reject,arena,4.229,4.369,14.673,6.037,1.0,4.229,1.654,0.0,0.036
study,434,reject,frame_crossing+arena+ref_contact,4.744,6.098,14.607,7.131,1.386,6.574,1.461,1.0,0.0
study,435,reject,frame_crossing+arena+ref_contact,3.972,4.327,14.69,5.733,1.0,3.972,1.103,1.0,0.0
study,436,reject,frame_crossing+arena+ref_contact,4.423,4.822,14.694,7.022,1.096,4.848,1.582,1.0,0.0
study,437,reject,arena,4.487,4.948,14.671,8.587,1.125,5.046,1.032,0.0,0.033
study,438,reject,frame_crossing+arena+ref_contact,5.011,6.106,14.696,7.516,1.388,6.953,1.35,1.0,0.0
study,439,reject,frame_crossing+arena+ref_contact,4.796,4.788,14.71,8.509,1.088,5.219,1.162,1.0,0.0
study,440,reject,frame_crossing+arena+ref_contact,4.739,5.856,14.642,7.306,1.331,6.307,1.694,1.0,0.0
study,441,reject,arena,4.641,6.141,14.705,6.817,1.396,6.477,1.477,0.0,0.035
study,442,reject,arena,4.423,5.79,14.698,5.84,1.316,5.821,1.35,0.0,0.035
study,443,reject,frame_crossing+arena+ref_contact,4.446,4.97,14.673,9.096,1.129,5.022,1.772,2.0,0.0
study,444,reject,frame_crossing+arena+ref_contact,5.144,4.927,14.776,8.247,1.12,5.76,2.215,1.0,0.0
study,445,reject,frame_crossing+arena+ref_contact,4.919,5.429,14.637,7.909,1.234,6.069,1.96,3.0,0.0
study,446,reject,frame_crossing+arena+ref_contact,4.777,5.025,14.739,9.214,1.142,5.456,1.323,3.0,0.0
study,447,reject,frame_crossing+ref_contact,4.512,4.957,14.647,9.784,1.126,5.082,1.128,2.0,0.0
study,448,reject,frame_crossing+arena+ref_contact,4.205,4.917,14.733,6.75,1.117,4.699,1.92,1.0,0.0
study,449,reject,arena+frame_margin,4.119,4.207,14.624,7.105,1.0,4.119,1.153,0.0,0.015
study,450,reject,frame_crossing+arena+ref_contact,4.708,6.662,14.718,5.902,1.514,7.129,1.475,2.0,0.0
study,451,reject,frame_crossing+ref_contact,4.869,5.411,14.75,10.52,1.23,5.987,1.609,3.0,0.0
study,452,reject,frame_crossing+arena+ref_contact,4.821,5.557,14.709,7.968,1.263,6.089,1.577,2.0,0.0
study,453,reject,arena+frame_margin,5.309,5.832,14.742,9.13,1.326,7.037,1.952,0.0,0.009
study,454,reject,frame_crossing+arena+ref_contact,4.52,4.209,14.595,8.316,1.0,4.52,1.031,2.0,0.0
study,455,reject,frame_crossing+arena+ref_contact,4.839,5.915,14.72,7.759,1.344,6.505,1.408,2.0,0.0
study,456,reject,frame_crossing+ref_contact,4.26,4.346,14.697,7.605,1.0,4.26,1.523,1.0,0.0
study,457,reject,frame_crossing+arena+ref_contact,5.054,5.667,14.706,10.62,1.288,6.51,1.687,4.0,0.0
study,458,reject,frame_crossing+arena+ref_contact,4.417,4.644,14.716,6.989,1.056,4.663,1.553,2.0,0.0
study,459,reject,frame_crossing+arena+ref_contact,3.847,4.325,14.649,5.876,1.0,3.847,1.293,1.0,0.0
study,460,reject,frame_crossing+arena+ref_contact,4.551,5.829,14.748,5.79,1.325,6.03,1.799,1.0,0.0
study,461,reject,frame_crossing+arena+ref_contact,4.466,4.829,14.769,9.369,1.098,4.902,1.058,3.0,0.0
study,462,reject,frame_crossing+arena+ref_contact,4.642,4.382,14.438,7.996,1.0,4.642,1.491,1.0,0.0
study,463,reject,frame_crossing+arena+ref_contact,5.249,4.802,14.745,7.698,1.091,5.728,2.153,1.0,0.0
study,464,reject,frame_crossing+ref_contact,4.498,4.523,14.467,7.518,1.028,4.624,1.219,2.0,0.0
study,465,reject,arena+frame_margin,4.573,5.677,14.575,7.641,1.29,5.899,1.072,0.0,0.006
study,466,reject,frame_crossing+arena+ref_contact,4.513,5.51,14.629,9.036,1.252,5.652,1.337,2.0,0.0
study,467,reject,arena+frame_margin,4.2,5.432,14.74,9.385,1.234,5.184,1.348,0.0,0.028
study,468,reject,frame_crossing+arena+ref_contact,4.592,6.169,14.71,5.56,1.402,6.439,1.529,2.0,0.0
study,469,reject,frame_crossing+arena+ref_contact,4.821,6.237,14.595,7.141,1.418,6.834,1.663,1.0,0.0
study,470,reject,frame_crossing+arena+ref_contact,5.082,5.838,14.7,8.885,1.327,6.743,2.566,1.0,0.0
study,471,reject,frame_crossing+ref_contact,3.717,3.942,14.711,8.575,1.0,3.717,1.4,1.0,0.0
study,472,reject,arena+ref_contact,4.656,5.849,14.687,6.998,1.329,6.189,1.327,0.0,0.0
study,473,reject,frame_crossing+arena+ref_contact,4.463,5.209,14.777,6.38,1.184,5.284,1.858,2.0,0.0
study,474,reject,arena,4.078,3.611,14.493,7.241,1.0,4.078,1.077,0.0,0.062
study,475,reject,frame_crossing+ref_contact,4.519,5.124,14.773,7.697,1.164,5.262,1.204,1.0,0.0
study,476,reject,arena,4.532,6.088,14.666,6.818,1.384,6.271,1.047,0.0,0.037
study,477,reject,frame_crossing+arena+ref_contact,4.49,5.947,14.667,9.449,1.352,6.069,1.433,2.0,0.0
study,478,reject,arena+frame_margin,3.866,4.677,14.697,6.71,1.063,4.109,1.189,0.0,0.025
study,479,reject,frame_crossing+arena+ref_contact,4.494,4.8,14.558,8.67,1.091,4.903,1.529,1.0,0.0
study,480,reject,frame_crossing+arena+ref_contact,4.407,5.069,14.66,9.62,1.152,5.077,1.337,2.0,0.0
study,481,reject,frame_crossing+arena+ref_contact,5.083,5.366,14.697,7.225,1.22,6.199,1.849,1.0,0.0
study,482,reject,frame_crossing+frame_margin,4.217,5.309,14.739,6.978,1.207,5.088,1.073,1.0,0.003
study,483,reject,arena,3.537,3.992,14.699,5.736,1.0,3.537,1.029,0.0,0.052
study,484,reject,frame_crossing+arena+ref_contact,5.192,5.837,14.638,7.354,1.327,6.888,1.795,2.0,0.0
study,485,reject,frame_crossing+arena+ref_contact,4.872,4.878,14.683,6.94,1.109,5.401,1.058,3.0,0.0
study,486,reject,arena,4.019,4.827,14.755,6.083,1.097,4.409,1.436,0.0,0.036
study,487,reject,frame_crossing+arena+ref_contact,4.448,5.387,14.594,9.058,1.224,5.446,1.733,1.0,0.0
study,488,reject,frame_crossing+arena+ref_contact,4.939,5.325,14.712,8.014,1.21,5.977,1.133,1.0,0.0
study,489,reject,frame_crossing+arena+ref_contact,4.572,4.454,14.667,8.473,1.012,4.628,1.198,2.0,0.0
study,490,reject,frame_crossing+arena+ref_contact,4.74,4.62,14.652,9.605,1.05,4.977,1.235,1.0,0.0
study,491,reject,arena,4.67,6.117,14.746,5.595,1.39,6.493,1.429,0.0,0.04
study,492,reject,frame_crossing+arena+ref_contact,4.532,5.403,14.588,6.918,1.228,5.565,1.219,1.0,0.0
study,493,reject,frame_crossing+arena+ref_contact,5.363,5.581,14.676,8.282,1.268,6.803,1.644,2.0,0.0
study,494,reject,frame_crossing+arena+ref_contact,4.511,4.666,14.754,10.832,1.061,4.784,1.433,1.0,0.0
study,495,reject,arena+ref_contact,4.397,6.19,14.725,6.646,1.407,6.187,1.453,0.0,0.0
study,496,reject,frame_crossing+arena+ref_contact,4.544,4.814,14.699,6.594,1.094,4.971,1.293,2.0,0.0
study,497,reject,arena+frame_margin,4.899,6.659,14.724,8.498,1.513,7.415,1.821,0.0,0.021
study,498,reject,frame_crossing+arena+ref_contact,4.918,5.254,14.745,8.1,1.194,5.873,1.844,1.0,0.0
study,499,reject,frame_crossing+arena+frame_margin,4.483,5.23,14.757,8.44,1.189,5.328,1.849,1.0,0.005
study,500,reject,frame_crossing+arena+ref_contact,4.245,6.072,14.673,8.294,1.38,5.859,2.083,1.0,0.0
study,501,reject,arena+frame_margin,4.495,4.943,14.718,6.952,1.124,5.05,1.735,0.0,0.004
study,502,reject,frame_crossing+arena+ref_contact,5.012,5.966,14.718,6.771,1.356,6.796,1.015,1.0,0.0
study,503,reject,arena,4.721,5.656,14.635,8.517,1.285,6.069,2.641,0.0,0.036
study,504,pass,,4.1,5.306,14.744,5.782,1.206,4.944,1.523,0.0,0.038
study,505,reject,frame_crossing+arena+ref_contact,4.646,4.711,14.747,7.8,1.071,4.974,1.475,2.0,0.0
study,506,reject,arena,3.888,3.997,14.66,5.576,1.0,3.888,1.015,0.0,0.036
study,507,reject,frame_crossing+arena+ref_contact,4.418,4.366,14.682,7.325,1.0,4.418,1.44,1.0,0.0
study,508,reject,frame_crossing+arena+frame_margin,4.413,5.058,14.743,6.173,1.149,5.073,1.506,1.0,0.014
study,509,reject,frame_crossing+arena+ref_contact,4.844,5.212,14.711,8.343,1.185,5.738,2.248,2.0,0.0
study,510,reject,frame_crossing+arena+ref_contact,4.451,6.048,14.774,6.462,1.374,6.117,1.181,1.0,0.0
study,511,reject,frame_crossing+arena+ref_contact,4.479,4.743,14.585,6.72,1.078,4.828,1.148,2.0,0.0
study,512,reject,arena,4.44,4.64,14.543,6.676,1.055,4.683,1.189,0.0,0.043
study,513,reject,frame_crossing+arena+ref_contact,4.094,5.685,14.661,6.477,1.292,5.29,1.362,2.0,0.0
study,514,reject,frame_crossing+ref_contact,4.24,5.068,14.76,5.699,1.152,4.884,1.348,1.0,0.0
study,515,reject,frame_crossing+ref_contact,4.525,5.344,14.749,7.188,1.215,5.495,1.249,1.0,0.0
study,516,reject,frame_crossing+arena+ref_contact,4.453,5.418,14.792,9.034,1.231,5.483,2.049,1.0,0.0
study,517,reject,frame_crossing+arena+ref_contact,5.138,5.571,14.644,8.349,1.266,6.506,1.62,2.0,0.0
study,518,reject,frame_crossing+ref_contact,4.149,5.192,14.692,5.859,1.18,4.895,1.035,1.0,0.0
study,519,reject,frame_crossing+arena+ref_contact,4.21,5.066,14.631,8.884,1.151,4.847,1.063,1.0,0.0
study,520,reject,arena,4.185,5.247,14.661,8.867,1.193,4.991,1.712,0.0,0.04
study,521,reject,frame_crossing+ref_contact,4.658,4.56,14.729,6.869,1.036,4.827,1.274,3.0,0.0
study,522,reject,arena,4.019,5.333,14.598,5.883,1.212,4.871,1.031,0.0,0.037
study,523,reject,arena,4.468,5.047,14.595,6.79,1.147,5.125,1.072,0.0,0.05
study,524,reject,frame_crossing+ref_contact,4.609,6.163,14.692,9.477,1.401,6.456,1.663,4.0,0.0
study,525,reject,frame_crossing+arena+ref_contact,4.234,4.726,14.669,10.64,1.074,4.548,1.097,1.0,0.0
study,526,reject,frame_crossing+arena+ref_contact,4.552,4.836,14.584,8.667,1.099,5.002,1.429,3.0,0.0
study,527,reject,frame_crossing+arena+ref_contact,4.738,4.386,14.712,7.944,1.0,4.738,1.118,1.0,0.0
study,528,reject,frame_crossing+ref_contact,4.584,5.643,14.704,7.221,1.283,5.879,1.181,3.0,0.0
study,529,reject,frame_crossing+arena+ref_contact,4.724,6.453,14.721,6.353,1.467,6.927,1.695,1.0,0.0
study,530,reject,arena+frame_margin,4.68,5.51,14.712,9.617,1.252,5.861,1.758,0.0,0.007
study,531,reject,frame_crossing+arena+ref_contact,4.704,5.561,14.766,6.804,1.264,5.945,1.654,1.0,0.0
study,532,reject,frame_crossing+arena+ref_contact,4.52,6.081,14.78,6.095,1.382,6.247,1.403,1.0,0.0
study,533,reject,frame_crossing+arena+ref_contact,4.55,4.428,14.696,7.268,1.006,4.58,1.47,1.0,0.0
study,534,reject,frame_crossing+arena+ref_contact,4.891,5.253,14.768,10.324,1.194,5.84,1.792,1.0,0.0
study,535,reject,frame_crossing+arena+frame_margin,4.199,5.3,14.704,6.232,1.205,5.057,1.015,1.0,0.014
study,536,reject,frame_crossing+ref_contact,4.178,4.294,14.677,8.143,1.0,4.178,1.348,1.0,0.0
study,537,reject,frame_crossing+arena+ref_contact,5.089,6.354,14.669,8.277,1.444,7.349,1.453,2.0,0.0
study,538,reject,arena+ref_contact,4.467,4.499,14.688,7.328,1.023,4.568,1.301,0.0,0.0
study,539,reject,frame_crossing+arena+ref_contact,4.884,4.866,14.673,8.358,1.106,5.402,1.571,4.0,0.0
study,540,reject,frame_crossing+arena+ref_contact,4.536,4.435,14.645,8.192,1.008,4.572,1.78,1.0,0.0
study,541,reject,frame_crossing+arena+ref_contact,5.062,6.37,14.578,8.277,1.448,7.329,2.177,2.0,0.0
study,542,reject,frame_crossing+arena+ref_contact,4.257,4.347,14.507,9.365,1.0,4.257,1.266,3.0,0.0
study,543,reject,frame_crossing+arena+ref_contact,3.915,4.744,14.66,5.657,1.078,4.221,1.077,1.0,0.0
study,544,reject,frame_crossing+ref_contact,4.152,5.297,14.704,6.64,1.204,4.999,1.496,2.0,0.0
study,545,reject,frame_crossing+ref_contact,4.527,5.88,14.742,9.717,1.336,6.05,1.44,1.0,0.0
study,546,reject,frame_crossing+arena+ref_contact,4.636,5.563,14.665,7.091,1.264,5.861,1.015,1.0,0.0
study,547,reject,arena,4.332,5.12,14.753,6.377,1.164,5.041,1.077,0.0,0.042
study,548,reject,frame_crossing+arena+ref_contact,4.512,6.041,14.679,7.16,1.373,6.195,1.383,2.0,0.0
study,549,reject,frame_crossing+ref_contact,4.772,4.325,14.628,6.715,1.0,4.772,1.097,2.0,0.0
study,550,reject,arena,4.522,5.999,14.74,5.766,1.363,6.165,1.128,0.0,0.038
study,551,reject,frame_crossing+ref_contact,4.58,4.855,14.634,8.377,1.103,5.054,1.671,2.0,0.0
study,552,reject,frame_crossing+arena+ref_contact,4.622,5.464,14.746,8.631,1.242,5.74,1.697,1.0,0.0
study,553,reject,frame_crossing+arena+ref_contact,4.28,5.732,14.666,9.396,1.303,5.576,1.609,1.0,0.0
study,554,reject,frame_crossing+ref_contact,5.072,5.416,14.661,9.106,1.231,6.243,1.073,1.0,0.0
study,555,reject,frame_crossing+arena+ref_contact,4.451,6.236,14.737,7.994,1.417,6.308,2.464,1.0,0.0
study,556,reject,frame_crossing+arena+ref_contact,4.8,5.115,14.733,6.98,1.162,5.58,1.408,2.0,0.0
study,557,reject,frame_crossing+arena+ref_contact,4.691,5.619,14.734,8.759,1.277,5.991,2.134,1.0,0.0
study,558,reject,frame_crossing+arena+ref_contact,5.115,5.062,14.689,10.401,1.151,5.885,1.072,1.0,0.0
study,559,reject,frame_crossing+arena+ref_contact,4.798,5.033,14.611,7.357,1.144,5.488,1.263,2.0,0.0
study,560,reject,frame_crossing+arena+ref_contact,4.561,4.731,14.549,6.837,1.075,4.903,1.029,2.0,0.0
study,561,reject,frame_crossing+arena+ref_contact,4.663,5.66,14.757,9.304,1.286,5.998,1.372,3.0,0.0
study,562,reject,frame_crossing+arena+ref_contact,4.611,5.175,14.653,9.164,1.176,5.423,1.097,2.0,0.0
study,563,reject,frame_crossing+arena+ref_contact,4.742,5.412,14.675,8.01,1.23,5.832,2.062,1.0,0.0
study,564,reject,frame_crossing+arena+ref_contact,4.759,5.903,14.321,7.026,1.342,6.384,1.029,1.0,0.0
study,565,reject,arena+frame_margin,4.015,4.511,14.776,6.106,1.025,4.116,1.13,0.0,0.008
study,566,reject,arena+frame_margin,3.938,4.131,14.639,8.833,1.0,3.938,1.644,0.0,0.017
study,567,reject,frame_crossing+arena+ref_contact,4.478,5.405,14.754,7.577,1.228,5.5,1.031,1.0,0.0
study,568,reject,frame_crossing+arena+ref_contact,4.615,5.003,14.737,7.972,1.137,5.248,1.097,1.0,0.0
study,569,reject,frame_crossing+arena+ref_contact,4.846,4.686,14.628,7.883,1.065,5.16,1.506,1.0,0.0
study,570,reject,frame_crossing+arena+ref_contact,4.117,4.98,14.632,7.307,1.132,4.66,1.434,1.0,0.0
study,571,reject,frame_crossing+arena+ref_contact,4.527,4.611,14.635,6.368,1.048,4.745,1.293,2.0,0.0
study,572,reject,frame_crossing+arena+ref_contact,4.811,5.063,14.677,9.285,1.151,5.536,1.92,1.0,0.0
study,573,reject,frame_crossing+arena+ref_contact,4.188,6.214,14.729,6.877,1.412,5.915,1.219,1.0,0.0
study,574,reject,frame_crossing+arena+ref_contact,4.742,5.943,14.75,6.305,1.351,6.406,1.172,1.0,0.0
study,575,reject,frame_crossing+arena+ref_contact,4.789,5.761,14.648,9.11,1.309,6.271,1.031,3.0,0.0
study,576,reject,frame_crossing+arena+ref_contact,4.357,6.059,14.653,7.151,1.377,5.999,1.5,2.0,0.0
study,577,reject,frame_crossing+arena+ref_contact,4.84,5.032,14.661,7.13,1.144,5.535,1.245,2.0,0.0
study,578,reject,frame_crossing+arena+ref_contact,4.771,5.258,14.735,6.539,1.195,5.702,1.263,2.0,0.0
study,579,reject,frame_crossing+arena+ref_contact,4.14,5.391,14.722,8.816,1.225,5.072,1.189,2.0,0.0
study,580,reject,frame_crossing+arena+ref_contact,4.649,5.723,14.633,7.929,1.301,6.047,1.774,2.0,0.0
study,581,reject,frame_crossing+arena+frame_margin,4.603,5.971,14.697,6.569,1.357,6.246,1.941,1.0,0.028
study,582,reject,frame_crossing+ref_contact,4.56,4.023,14.609,7.959,1.0,4.56,1.073,2.0,0.0
study,583,reject,frame_crossing+arena+ref_contact,4.441,4.943,14.694,7.134,1.123,4.989,1.189,2.0,0.0
study,584,reject,frame_crossing+arena+ref_contact,4.478,5.721,14.745,10.166,1.3,5.823,1.063,3.0,0.0
study,585,reject,frame_crossing+arena+ref_contact,4.098,4.884,14.776,7.82,1.11,4.549,1.235,1.0,0.0
study,586,reject,frame_crossing+arena+ref_contact,4.675,5.82,14.73,5.89,1.323,6.184,1.327,2.0,0.0
study,587,reject,frame_crossing+arena+ref_contact,4.485,4.175,14.672,7.32,1.0,4.485,1.072,2.0,0.0
study,588,reject,frame_crossing+arena+ref_contact,4.709,5.803,14.726,9.485,1.319,6.21,1.28,2.0,0.0
study,589,reject,frame_crossing+arena+ref_contact,4.046,5.433,14.663,7.565,1.235,4.996,1.158,1.0,0.0
study,590,reject,frame_crossing+arena+ref_contact,4.512,4.914,14.735,6.793,1.117,5.04,1.4,1.0,0.0
study,591,reject,frame_crossing+arena+ref_contact,4.634,6.387,14.699,8.353,1.452,6.727,1.403,4.0,0.0
study,592,reject,frame_crossing+arena+ref_contact,4.515,4.911,14.746,6.824,1.116,5.039,1.204,1.0,0.0
study,593,reject,arena+ref_contact,4.563,5.146,14.699,8.161,1.169,5.336,1.271,0.0,0.0
study,594,reject,frame_crossing+arena+ref_contact,4.167,4.654,14.763,9.001,1.058,4.407,1.505,1.0,0.0
study,595,reject,arena,4.603,6.582,14.704,5.862,1.496,6.886,1.496,0.0,0.036
study,596,reject,frame_crossing+arena+ref_contact,5.377,5.254,14.538,9.413,1.194,6.421,1.609,3.0,0.0
study,597,reject,frame_crossing+ref_contact,3.88,3.483,14.617,5.554,1.0,3.88,1.047,1.0,0.0
study,598,reject,frame_crossing+arena+ref_contact,4.499,4.857,14.609,9.068,1.104,4.966,1.362,3.0,0.0
study,599,reject,frame_crossing+arena+ref_contact,4.746,5.013,14.615,7.452,1.139,5.408,1.461,1.0,0.0
study,600,reject,frame_crossing+arena+ref_contact,5.064,6.196,14.705,9.611,1.408,7.131,2.237,4.0,0.0
study,601,reject,frame_crossing+arena+ref_contact,5.048,6.031,14.69,8.816,1.371,6.919,2.281,2.0,0.0
study,602,reject,arena+frame_margin,4.256,5.388,14.581,7.663,1.225,5.212,1.301,0.0,0.027
study,603,reject,frame_crossing+arena+ref_contact,4.748,4.892,14.659,7.858,1.112,5.279,1.13,1.0,0.0
study,604,reject,frame_crossing+ref_contact,4.782,4.864,14.579,7.232,1.105,5.286,1.893,2.0,0.0
study,605,reject,frame_crossing+arena+ref_contact,5.033,4.421,14.533,7.563,1.005,5.057,1.035,2.0,0.0
study,606,reject,frame_crossing+arena+ref_contact,4.531,5.851,14.662,5.798,1.33,6.026,1.339,1.0,0.0
study,607,reject,arena+ref_contact,4.159,4.808,14.68,9.624,1.093,4.544,1.13,0.0,0.0
study,608,reject,frame_crossing+arena+ref_contact,4.154,4.597,14.773,7.747,1.045,4.34,1.398,1.0,0.0
study,609,reject,frame_crossing+arena+ref_contact,4.456,4.703,14.704,6.5,1.069,4.763,1.029,1.0,0.0
study,610,reject,arena,3.979,4.84,14.728,8.026,1.1,4.377,1.419,0.0,0.052
study,611,reject,frame_crossing+arena+ref_contact,4.485,4.873,14.672,9.479,1.108,4.968,1.3,1.0,0.0
study,612,reject,frame_crossing+arena+ref_contact,4.94,5.346,14.538,9.128,1.215,6.002,1.789,2.0,0.0
study,613,reject,frame_crossing+arena+ref_contact,5.047,5.512,14.67,7.572,1.253,6.322,1.077,2.0,0.0
study,614,reject,frame_crossing+arena+ref_contact,4.642,4.468,14.555,8.103,1.016,4.714,1.253,1.0,0.0
study,615,reject,frame_crossing+arena+ref_contact,4.672,4.615,14.543,8.299,1.049,4.901,1.172,2.0,0.0
study,616,reject,frame_crossing+arena+ref_contact,4.679,4.875,14.661,7.531,1.108,5.185,1.671,2.0,0.0
study,617,reject,frame_crossing+arena+ref_contact,4.61,5.557,14.674,8.843,1.263,5.821,1.836,1.0,0.0
study,618,reject,arena,4.801,5.408,14.76,7.233,1.229,5.902,1.488,0.0,0.036
study,619,reject,frame_crossing+arena+ref_contact,5.295,5.578,14.643,8.591,1.268,6.712,2.054,2.0,0.0
study,620,reject,frame_crossing+arena+ref_contact,4.302,5.062,14.679,7.438,1.15,4.949,1.543,1.0,0.0
study,621,reject,frame_crossing+arena+ref_contact,4.642,5.531,14.704,7.744,1.257,5.835,1.047,1.0,0.0
study,622,reject,frame_crossing+arena+ref_contact,3.882,4.121,14.693,7.141,1.0,3.882,1.205,1.0,0.0
study,623,reject,frame_crossing+arena+ref_contact,4.571,5.274,14.679,7.942,1.199,5.478,1.505,1.0,0.0
study,624,reject,frame_crossing+ref_contact,5.209,5.587,14.684,7.739,1.27,6.615,1.807,3.0,0.0
study,625,reject,frame_crossing+arena+ref_contact,4.521,4.355,14.672,7.668,1.0,4.521,1.47,2.0,0.0
study,626,reject,frame_crossing+arena+ref_contact,5.017,5.77,14.535,7.696,1.311,6.579,1.747,3.0,0.0
study,627,reject,arena,3.711,5.619,14.699,6.077,1.277,4.739,1.56,0.0,0.037
study,628,reject,frame_crossing+arena+ref_contact,4.367,4.938,14.723,5.078,1.122,4.901,1.13,1.0,0.0
study,629,reject,frame_crossing+arena+ref_contact,4.771,6.043,14.673,9.568,1.373,6.552,1.631,1.0,0.0
study,630,reject,frame_crossing+arena+ref_contact,4.5,6.172,14.71,5.716,1.403,6.312,2.343,1.0,0.0
study,631,reject,frame_crossing+arena+ref_contact,4.435,4.804,14.649,7.411,1.092,4.842,1.5,2.0,0.0
study,632,reject,frame_crossing+arena+ref_contact,4.677,5.613,14.641,5.933,1.276,5.966,1.4,1.0,0.0
study,633,reject,frame_crossing+arena+ref_contact,4.788,6.423,14.764,9.289,1.46,6.989,1.936,2.0,0.0
study,634,reject,frame_crossing+arena+ref_contact,4.701,5.889,14.643,7.638,1.339,6.292,1.245,2.0,0.0
study,635,reject,frame_crossing+arena+ref_contact,4.507,5.007,14.577,4.834,1.138,5.129,1.029,2.0,0.0
study,636,reject,frame_crossing+arena+ref_contact,4.659,4.663,14.747,8.481,1.06,4.937,1.235,1.0,0.0
study,637,reject,arena+ref_contact,4.476,3.691,14.741,5.581,1.0,4.476,1.107,0.0,0.0
study,638,reject,arena,4.113,5.181,14.629,6.792,1.177,4.843,1.189,0.0,0.04
study,639,reject,arena,3.894,5.402,14.64,6.58,1.228,4.781,1.204,0.0,0.037
study,640,reject,frame_crossing+arena+ref_contact,4.558,4.559,14.733,9.99,1.036,4.723,1.694,2.0,0.0
study,641,reject,frame_crossing+arena+ref_contact,4.516,4.984,14.674,7.179,1.133,5.115,1.176,1.0,0.0
study,642,reject,frame_crossing+arena+ref_contact,4.308,5.523,14.534,7.374,1.255,5.408,1.941,1.0,0.0
study,643,reject,frame_crossing+arena+frame_margin,4.643,5.144,14.677,7.655,1.169,5.428,1.073,1.0,0.006
study,644,reject,arena,4.435,4.654,14.461,6.34,1.058,4.691,1.053,0.0,0.045
study,645,reject,arena,4.949,5.771,14.605,6.698,1.312,6.491,1.505,0.0,0.036
study,646,reject,frame_crossing+arena+ref_contact,4.879,5.417,14.704,8.302,1.231,6.007,2.542,2.0,0.0
study,647,reject,frame_crossing+arena+ref_contact,4.807,5.836,14.759,8.808,1.326,6.377,1.793,2.0,0.0
study,648,reject,frame_crossing+arena+ref_contact,4.422,6.333,14.597,6.848,1.439,6.364,1.396,1.0,0.0
study,649,reject,ref_contact,4.421,6.215,14.777,7.134,1.412,6.245,1.171,0.0,0.0
study,650,reject,frame_crossing+arena+ref_contact,4.891,4.625,14.551,7.078,1.051,5.141,1.176,1.0,0.0
study,651,reject,frame_crossing+arena+ref_contact,4.224,4.984,14.727,6.342,1.133,4.785,1.506,2.0,0.0
study,652,reject,frame_crossing+arena+ref_contact,4.789,4.781,14.665,7.447,1.087,5.204,1.181,1.0,0.0
study,653,reject,frame_crossing+arena+ref_contact,4.389,4.721,14.722,10.257,1.073,4.709,1.564,1.0,0.0
study,654,reject,frame_crossing+arena+ref_contact,4.785,4.799,14.648,8.03,1.091,5.219,1.133,2.0,0.0
study,655,reject,arena,4.159,4.299,14.721,6.473,1.0,4.159,1.328,0.0,0.062
study,656,reject,arena,4.187,5.255,14.551,7.958,1.194,5.0,1.176,0.0,0.038
study,657,reject,frame_margin,4.494,5.638,14.664,5.755,1.281,5.758,1.337,0.0,0.015
study,658,reject,frame_crossing+arena+ref_contact,4.551,5.333,14.717,8.483,1.212,5.516,1.873,2.0,0.0
study,659,reject,arena+ref_contact,4.181,5.107,14.721,6.025,1.161,4.853,1.245,0.0,0.0
study,660,reject,arena,3.828,5.1,14.719,8.559,1.159,4.438,1.266,0.0,0.037
study,661,reject,arena+ref_contact,4.54,5.319,14.651,5.892,1.209,5.488,1.198,0.0,0.0
study,662,reject,frame_crossing+arena+ref_contact,5.02,6.521,14.653,6.062,1.482,7.439,1.198,3.0,0.0
study,663,reject,frame_crossing+ref_contact,4.388,5.305,14.533,7.199,1.206,5.291,1.626,1.0,0.0
study,664,reject,frame_crossing+arena+ref_contact,3.988,4.129,14.79,6.056,1.0,3.988,1.293,1.0,0.0
study,665,reject,arena+frame_margin,4.094,4.258,14.679,6.294,1.0,4.094,1.807,0.0,0.004
study,666,reject,frame_crossing+arena+ref_contact,4.6,6.516,14.693,7.784,1.481,6.812,1.473,2.0,0.0
study,667,reject,frame_crossing+arena+ref_contact,4.211,5.912,14.513,6.789,1.344,5.658,1.337,1.0,0.0
study,668,reject,frame_crossing+arena+ref_contact,4.286,5.31,14.698,8.498,1.207,5.172,1.684,2.0,0.0
study,669,reject,frame_crossing+arena+ref_contact,4.264,6.076,14.677,8.937,1.381,5.889,1.228,1.0,0.0
study,670,reject,frame_crossing+arena+ref_contact,4.191,5.601,14.694,7.357,1.273,5.335,2.071,2.0,0.0
study,671,reject,frame_crossing+arena+ref_contact,5.503,5.759,14.708,7.202,1.309,7.202,2.552,3.0,0.0
study,672,reject,frame_crossing+arena+ref_contact,5.211,6.209,14.605,8.013,1.411,7.353,1.205,3.0,0.0
study,673,reject,frame_crossing+arena+frame_margin,4.376,6.684,14.772,5.869,1.519,6.647,1.47,1.0,0.017
study,674,reject,frame_crossing+arena+ref_contact,4.432,5.052,14.779,3.662,1.148,5.088,1.029,1.0,0.0
study,675,reject,frame_crossing+arena+ref_contact,4.399,4.268,14.604,5.979,1.0,4.399,1.029,1.0,0.0
study,676,reject,arena,4.226,5.282,14.667,7.941,1.2,5.073,1.263,0.0,0.03
study,677,reject,arena,4.461,5.304,14.566,7.885,1.205,5.378,1.694,0.0,0.037
study,678,reject,frame_crossing+arena+ref_contact,4.977,5.761,14.746,8.669,1.309,6.516,1.363,2.0,0.0
study,679,reject,frame_crossing+arena+ref_contact,4.507,5.251,14.699,10.485,1.193,5.378,1.974,2.0,0.0
study,680,reject,frame_crossing+arena+ref_contact,5.145,5.877,14.668,9.439,1.336,6.872,2.146,2.0,0.0
study,681,reject,frame_crossing+arena+ref_contact,4.034,5.26,14.65,5.868,1.195,4.822,1.779,2.0,0.0
study,682,reject,frame_crossing+arena+ref_contact,4.511,4.959,14.682,8.647,1.127,5.084,1.614,1.0,0.0
study,683,reject,frame_crossing+arena+ref_contact,4.877,5.61,14.595,7.113,1.275,6.218,1.477,1.0,0.0
study,684,reject,frame_crossing+ref_contact,4.419,4.864,14.644,5.765,1.105,4.885,1.063,1.0,0.0
study,685,reject,frame_crossing+arena+ref_contact,4.55,5.575,14.749,6.497,1.267,5.766,1.654,1.0,0.0
study,686,reject,arena+frame_margin,4.699,5.937,14.656,6.943,1.349,6.341,1.663,0.0,0.013
study,687,reject,frame_crossing+arena+ref_contact,4.319,5.49,14.782,5.82,1.248,5.39,1.837,1.0,0.0
study,688,reject,frame_crossing+ref_contact,5.025,5.916,14.743,8.105,1.344,6.756,2.256,3.0,0.0
study,689,reject,frame_crossing+arena+ref_contact,5.083,5.274,14.724,8.137,1.199,6.092,1.301,2.0,0.0
study,690,reject,frame_crossing+arena+ref_contact,4.172,4.576,14.691,6.737,1.04,4.339,1.109,1.0,0.0
study,691,reject,frame_crossing+arena+ref_contact,4.792,6.527,14.659,10.034,1.483,7.109,1.72,2.0,0.0
study,692,reject,frame_crossing+arena+ref_contact,5.257,4.777,14.519,7.791,1.086,5.708,1.015,2.0,0.0
study,693,reject,arena,3.561,4.894,14.761,6.821,1.112,3.961,1.766,0.0,0.037
study,694,reject,frame_crossing+arena+ref_contact,4.832,4.483,14.737,5.989,1.019,4.923,1.172,1.0,0.0
study,695,reject,frame_crossing+arena+ref_contact,5.077,5.033,14.718,10.194,1.144,5.809,1.794,3.0,0.0
study,696,reject,frame_crossing+arena+ref_contact,5.044,5.994,14.645,8.825,1.362,6.872,1.641,1.0,0.0
study,697,reject,frame_crossing+arena+ref_contact,4.787,6.068,14.723,8.42,1.379,6.602,1.756,3.0,0.0
study,698,reject,frame_crossing+arena+ref_contact,4.054,4.268,14.594,5.67,1.0,4.054,1.172,1.0,0.0
study,699,reject,frame_crossing+arena+ref_contact,4.491,5.405,14.638,8.381,1.228,5.517,1.545,1.0,0.0
study,700,reject,frame_crossing+arena+ref_contact,4.107,3.829,14.668,7.091,1.0,4.107,1.44,1.0,0.0
study,701,reject,frame_crossing+arena+ref_contact,4.566,5.294,14.739,9.568,1.203,5.494,1.148,3.0,0.0
study,702,reject,frame_crossing+arena+ref_contact,4.796,6.33,14.775,9.989,1.439,6.9,2.213,3.0,0.0
study,703,reject,frame_margin,4.503,5.316,14.699,9.453,1.208,5.441,1.912,0.0,0.016
study,704,reject,frame_crossing+arena+ref_contact,4.859,5.308,14.773,7.023,1.206,5.861,1.063,2.0,0.0
study,705,reject,frame_crossing+arena+ref_contact,4.382,4.536,14.771,9.042,1.031,4.517,1.363,2.0,0.0
study,706,reject,frame_crossing+arena+ref_contact,4.372,6.243,14.599,8.56,1.419,6.203,1.267,2.0,0.0
study,707,reject,frame_crossing+arena+ref_contact,4.419,4.861,14.709,8.591,1.105,4.882,1.031,1.0,0.0
study,708,reject,frame_crossing+arena+ref_contact,4.937,5.754,14.692,8.739,1.308,6.457,1.205,3.0,0.0
study,709,reject,frame_crossing+arena+ref_contact,4.567,5.637,14.633,9.116,1.281,5.851,1.13,1.0,0.0
study,710,reject,frame_crossing+arena+ref_contact,4.214,5.966,14.719,8.353,1.356,5.714,2.18,3.0,0.0
study,711,reject,arena+ref_contact,4.731,6.175,14.663,8.729,1.404,6.64,1.892,0.0,0.0
study,712,reject,frame_crossing+arena+ref_contact,5.091,5.941,14.58,6.576,1.35,6.874,1.592,1.0,0.0
study,713,reject,frame_crossing+arena+ref_contact,4.835,3.817,14.504,6.742,1.0,4.835,1.13,2.0,0.0
study,714,reject,frame_crossing+ref_contact,4.294,4.231,14.655,6.446,1.0,4.294,1.461,1.0,0.0
study,715,reject,frame_crossing+arena+ref_contact,5.115,5.545,14.714,9.271,1.26,6.446,2.094,2.0,0.0
study,716,reject,frame_crossing+arena+ref_contact,4.556,5.312,14.798,9.315,1.207,5.501,1.596,2.0,0.0
study,717,reject,frame_crossing+arena+ref_contact,4.08,4.502,14.662,8.169,1.023,4.174,1.13,2.0,0.0
study,718,reject,frame_crossing+ref_contact,4.452,5.295,14.734,6.321,1.204,5.358,1.577,3.0,0.0
study,719,reject,frame_crossing+arena+ref_contact,4.303,4.841,14.7,8.551,1.1,4.735,1.171,2.0,0.0
study,720,reject,frame_crossing+ref_contact,4.465,6.007,14.61,6.543,1.365,6.095,1.856,3.0,0.0
study,721,reject,arena,3.863,4.644,14.69,6.277,1.055,4.077,1.118,0.0,0.041
study,722,reject,frame_crossing+arena+ref_contact,4.624,5.034,14.68,7.185,1.144,5.291,1.072,2.0,0.0
study,723,reject,frame_crossing+arena+ref_contact,4.429,4.05,14.479,5.628,1.0,4.429,1.172,1.0,0.0
study,724,reject,frame_crossing+arena+ref_contact,4.8,4.874,14.641,7.385,1.108,5.317,1.56,1.0,0.0
study,725,reject,arena+frame_margin,4.493,5.688,14.693,7.177,1.293,5.808,1.383,0.0,0.006
study,726,reject,frame_crossing+arena+ref_contact,4.743,4.886,14.632,9.285,1.11,5.267,1.47,4.0,0.0
study,727,reject,frame_crossing+arena+ref_contact,5.196,6.359,14.644,7.456,1.445,7.509,2.205,2.0,0.0
study,728,reject,frame_crossing+arena+ref_contact,5.136,5.805,14.612,9.232,1.319,6.776,1.949,3.0,0.0
study,729,reject,frame_crossing+ref_contact,4.873,4.905,14.62,7.621,1.115,5.432,1.133,3.0,0.0
study,730,reject,frame_crossing+ref_contact,4.993,5.551,14.712,10.055,1.262,6.299,1.267,2.0,0.0
study,731,reject,frame_crossing+arena+ref_contact,4.882,4.36,14.673,8.731,1.0,4.882,1.029,2.0,0.0
study,732,reject,frame_crossing+arena+ref_contact,4.746,6.132,14.686,6.197,1.394,6.614,1.66,2.0,0.0
study,733,reject,frame_crossing+arena+ref_contact,4.906,4.725,14.75,7.724,1.074,5.269,1.5,1.0,0.0
study,734,reject,frame_crossing+arena+ref_contact,4.797,4.514,14.491,6.638,1.026,4.921,1.333,1.0,0.0
study,735,reject,frame_crossing+arena+ref_contact,4.713,6.16,14.669,5.874,1.4,6.598,1.267,1.0,0.0
study,736,reject,frame_crossing+arena+ref_contact,4.662,4.925,14.565,9.615,1.119,5.219,1.063,1.0,0.0
study,737,reject,frame_crossing+arena+frame_margin,4.7,5.337,14.607,8.784,1.213,5.701,2.295,1.0,0.002
study,738,reject,arena+frame_margin,3.712,4.715,14.693,7.738,1.072,3.977,1.153,0.0,0.006
study,739,reject,frame_crossing+arena+frame_margin,5.051,5.617,14.746,7.237,1.277,6.449,1.148,1.0,0.006
study,740,reject,frame_crossing+arena+ref_contact,4.894,4.52,14.69,6.872,1.027,5.027,1.031,3.0,0.0
study,741,reject,frame_crossing+arena+ref_contact,4.585,5.036,14.668,5.821,1.145,5.247,1.032,2.0,0.0
study,742,reject,frame_crossing+arena+ref_contact,4.877,6.561,14.723,8.112,1.491,7.273,1.951,3.0,0.0
study,743,reject,frame_crossing+arena+ref_contact,4.098,3.993,14.671,6.338,1.0,4.098,1.172,1.0,0.0
study,744,reject,frame_crossing+ref_contact,5.016,5.654,14.697,9.056,1.285,6.446,2.002,1.0,0.0
study,745,reject,arena+ref_contact,4.698,6.353,14.67,6.132,1.444,6.783,1.433,0.0,0.0
study,746,reject,frame_crossing+arena+ref_contact,4.342,3.774,14.617,5.272,1.0,4.342,1.043,1.0,0.0
study,747,pass,,3.832,4.625,14.707,9.151,1.051,4.028,1.118,0.0,0.035
study,748,reject,frame_crossing+arena+ref_contact,4.866,6.123,14.675,6.632,1.392,6.772,2.409,4.0,0.0
study,749,reject,frame_crossing+arena+ref_contact,4.07,5.148,14.595,6.0,1.17,4.762,1.793,1.0,0.0
study,750,reject,frame_crossing+arena+ref_contact,4.36,4.635,14.647,5.129,1.053,4.593,1.235,1.0,0.0
study,751,reject,frame_crossing+arena+ref_contact,4.892,4.169,14.573,6.142,1.0,4.892,1.162,1.0,0.0
study,752,reject,frame_crossing+arena+ref_contact,4.494,5.226,14.725,5.774,1.188,5.337,1.569,2.0,0.0
study,753,reject,frame_crossing+arena+ref_contact,4.549,6.076,14.654,10.586,1.381,6.281,1.249,1.0,0.0
study,754,reject,arena,4.407,6.152,14.711,7.27,1.398,6.162,1.118,0.0,0.037
study,755,reject,frame_crossing+arena+ref_contact,4.71,6.646,14.611,6.408,1.511,7.115,1.198,2.0,0.0
study,756,reject,frame_crossing+arena+ref_contact,4.286,3.836,14.656,7.863,1.0,4.286,1.128,1.0,0.0
study,757,pass,,4.11,5.752,14.706,6.116,1.307,5.373,1.327,0.0,0.036
study,758,reject,arena+frame_margin,3.816,4.198,14.693,9.631,1.0,3.816,1.235,0.0,0.024
study,759,reject,frame_crossing+arena+ref_contact,3.759,4.582,14.732,7.117,1.041,3.915,1.172,1.0,0.0
study,760,reject,frame_crossing+arena+ref_contact,4.74,6.227,14.745,5.854,1.415,6.709,1.491,2.0,0.0
study,761,reject,frame_crossing+arena+ref_contact,4.624,5.268,14.659,7.869,1.197,5.537,1.451,3.0,0.0
study,762,reject,frame_crossing+arena+ref_contact,4.886,5.97,14.55,6.963,1.357,6.63,1.333,3.0,0.0
study,763,reject,frame_crossing+arena+ref_contact,4.345,5.991,14.622,7.022,1.362,5.916,2.283,1.0,0.0
study,764,reject,frame_crossing+arena+ref_contact,4.117,4.54,14.658,9.431,1.032,4.248,1.403,1.0,0.0
study,765,reject,frame_crossing+arena+ref_contact,4.697,5.642,14.78,10.769,1.282,6.023,1.712,3.0,0.0
study,766,reject,arena,4.783,4.932,14.71,8.0,1.121,5.361,1.756,0.0,0.032
study,767,reject,frame_crossing+arena+ref_contact,4.494,4.764,14.619,7.884,1.083,4.865,1.047,1.0,0.0
study,768,reject,frame_crossing+arena+ref_contact,4.847,6.289,14.682,6.722,1.429,6.928,1.419,2.0,0.0
study,769,reject,arena+ref_contact,3.877,5.355,14.679,5.811,1.217,4.719,1.072,0.0,0.0
study,770,reject,frame_crossing+arena+ref_contact,4.854,5.297,14.619,10.225,1.204,5.844,1.28,4.0,0.0
study,771,reject,frame_crossing+arena+ref_contact,4.54,5.13,14.65,7.518,1.166,5.294,1.545,1.0,0.0
study,772,reject,arena+ref_contact,4.395,4.767,14.66,8.724,1.083,4.762,1.596,0.0,0.0
study,773,reject,frame_crossing+arena+ref_contact,5.006,6.177,14.595,7.238,1.404,7.028,1.403,1.0,0.0
study,774,reject,frame_crossing+arena+ref_contact,4.014,5.419,14.662,8.808,1.232,4.943,2.008,1.0,0.0
study,775,reject,frame_crossing+arena+ref_contact,4.266,5.534,14.689,6.207,1.258,5.366,1.694,1.0,0.0
study,776,reject,frame_crossing+arena+frame_margin,4.789,6.447,14.717,6.916,1.465,7.017,1.92,1.0,0.001
study,777,reject,frame_crossing+ref_contact,4.751,5.799,14.709,7.703,1.318,6.261,2.049,1.0,0.0
study,778,reject,frame_crossing+arena+ref_contact,4.715,5.569,14.75,8.928,1.266,5.967,1.481,3.0,0.0
study,779,reject,frame_crossing+arena+ref_contact,4.814,5.038,14.651,9.315,1.145,5.512,1.846,3.0,0.0
study,780,reject,frame_crossing+ref_contact,3.973,4.886,14.701,5.623,1.11,4.412,1.372,1.0,0.0
study,781,reject,frame_crossing+arena+ref_contact,4.506,5.272,14.622,5.736,1.198,5.399,1.253,2.0,0.0
study,782,reject,frame_crossing+arena+ref_contact,4.542,6.271,14.785,7.38,1.425,6.473,1.37,2.0,0.0
study,783,reject,frame_crossing+arena+ref_contact,4.691,4.884,14.701,9.676,1.11,5.207,1.789,2.0,0.0
study,784,reject,frame_crossing+arena+ref_contact,4.689,5.271,14.681,9.963,1.198,5.617,1.756,1.0,0.0
study,785,reject,frame_crossing+arena+ref_contact,4.908,4.776,14.663,9.448,1.086,5.328,1.44,2.0,0.0
study,786,reject,frame_crossing+arena+ref_contact,5.109,6.381,14.722,8.322,1.45,7.409,2.237,3.0,0.0
study,787,reject,arena,3.806,5.222,14.637,5.479,1.187,4.517,1.274,0.0,0.063
study,788,reject,frame_crossing+arena+ref_contact,3.862,4.749,14.564,7.104,1.079,4.168,1.398,1.0,0.0
study,789,reject,frame_crossing+arena+ref_contact,5.052,5.309,14.687,6.567,1.207,6.095,1.015,3.0,0.0
study,790,reject,frame_crossing+arena+ref_contact,4.383,6.007,14.715,7.459,1.365,5.984,1.845,1.0,0.0
study,791,reject,frame_crossing+arena+ref_contact,4.36,4.48,14.707,6.709,1.018,4.44,1.266,1.0,0.0
study,792,reject,frame_crossing+arena+ref_contact,4.468,6.358,14.715,7.575,1.445,6.456,2.051,2.0,0.0
study,793,reject,frame_crossing+arena+ref_contact,4.921,5.084,14.628,10.755,1.155,5.686,1.28,2.0,0.0
study,794,reject,frame_crossing+arena+ref_contact,4.758,5.48,14.644,8.567,1.245,5.925,1.148,1.0,0.0
study,795,reject,frame_crossing+arena+ref_contact,4.379,5.835,14.742,8.181,1.326,5.808,1.073,2.0,0.0
study,796,reject,frame_crossing+arena+ref_contact,4.502,5.551,14.703,8.547,1.262,5.68,1.398,2.0,0.0
study,797,reject,frame_crossing+ref_contact,4.434,4.528,14.783,9.944,1.029,4.563,1.032,2.0,0.0
study,798,reject,frame_crossing+arena+ref_contact,4.839,4.771,14.543,8.393,1.084,5.246,1.474,1.0,0.0
study,799,reject,frame_crossing+arena+ref_contact,4.39,5.023,14.614,8.793,1.142,5.011,1.337,1.0,0.0
study,800,reject,frame_crossing+arena+frame_margin,4.098,4.626,14.653,6.278,1.051,4.308,1.026,1.0,0.018
study,801,reject,frame_crossing+arena+ref_contact,4.503,5.315,14.742,8.09,1.208,5.439,1.496,3.0,0.0
study,802,reject,frame_crossing+arena+ref_contact,3.886,4.526,14.723,9.366,1.029,3.998,1.451,1.0,0.0
study,803,reject,frame_crossing+ref_contact,4.875,5.287,14.658,8.253,1.201,5.857,1.301,2.0,0.0
study,804,reject,arena,4.449,6.577,14.658,6.519,1.495,6.65,1.249,0.0,0.039
study,805,reject,frame_crossing+arena+ref_contact,4.696,4.772,14.532,7.288,1.085,5.093,1.496,2.0,0.0
study,806,reject,frame_crossing+arena+ref_contact,4.815,6.515,14.693,9.479,1.481,7.129,1.408,2.0,0.0
study,807,reject,frame_crossing+arena+ref_contact,4.948,6.007,14.717,7.167,1.365,6.756,1.204,1.0,0.0
study,808,reject,frame_crossing+ref_contact,4.707,4.938,14.569,8.689,1.122,5.283,1.47,1.0,0.0
study,809,reject,frame_crossing+arena+ref_contact,4.747,6.155,14.723,8.164,1.399,6.64,1.029,1.0,0.0
study,810,reject,frame_crossing+arena+ref_contact,4.421,4.787,14.638,6.412,1.088,4.811,1.205,1.0,0.0
study,811,reject,frame_crossing+arena+ref_contact,4.793,5.757,14.687,8.269,1.308,6.271,1.153,2.0,0.0
study,812,reject,frame_crossing+arena+ref_contact,4.952,6.389,14.663,10.493,1.452,7.19,1.894,3.0,0.0
study,813,reject,frame_crossing+arena+ref_contact,4.503,5.645,14.691,6.273,1.283,5.778,1.266,1.0,0.0
study,814,reject,arena+ref_contact,4.174,4.201,14.654,8.324,1.0,4.174,1.339,0.0,0.0
study,815,reject,frame_crossing+ref_contact,4.689,5.065,14.676,9.027,1.151,5.398,1.941,2.0,0.0
study,816,reject,frame_crossing+arena+ref_contact,4.188,3.856,14.675,5.689,1.0,4.188,1.249,1.0,0.0
study,817,reject,frame_crossing+arena+ref_contact,4.712,3.791,14.726,5.05,1.0,4.712,1.542,1.0,0.0
study,818,reject,frame_crossing+arena+ref_contact,4.645,5.657,14.653,6.712,1.286,5.972,2.359,3.0,0.0
study,819,reject,frame_crossing+arena+ref_contact,5.063,6.025,14.592,9.944,1.369,6.933,2.232,2.0,0.0
study,820,reject,frame_crossing+arena+ref_contact,4.955,5.618,14.61,6.803,1.277,6.326,1.529,2.0,0.0
study,821,reject,frame_crossing+arena+ref_contact,4.786,5.639,14.752,9.498,1.282,6.134,1.053,2.0,0.0
study,822,reject,frame_crossing+arena+ref_contact,4.133,4.756,14.763,8.589,1.081,4.468,1.969,1.0,0.0
study,823,reject,frame_crossing+arena+ref_contact,4.636,5.516,14.741,7.196,1.254,5.812,1.4,1.0,0.0
study,824,reject,frame_crossing+arena+ref_contact,4.496,6.4,14.611,7.435,1.455,6.54,1.053,3.0,0.0
study,825,reject,arena,4.886,6.059,14.742,8.212,1.377,6.728,1.854,0.0,0.043
study,826,reject,frame_crossing+ref_contact,5.011,5.047,14.605,7.863,1.147,5.748,1.271,1.0,0.0
study,827,reject,frame_crossing+ref_contact,4.908,5.76,14.563,6.334,1.309,6.425,1.363,2.0,0.0
study,828,reject,arena+ref_contact,4.209,5.851,14.699,5.924,1.33,5.597,1.063,0.0,0.0
study,829,reject,frame_crossing+arena+frame_margin,4.351,5.881,14.762,8.066,1.337,5.815,2.146,1.0,0.019
study,830,reject,arena,3.887,4.454,14.639,6.956,1.012,3.935,1.37,0.0,0.051
study,831,reject,frame_crossing+arena+ref_contact,4.527,5.275,14.635,7.191,1.199,5.427,1.846,2.0,0.0
study,832,reject,frame_crossing+arena+ref_contact,4.415,5.1,14.705,8.427,1.159,5.117,1.031,3.0,0.0
study,833,reject,frame_crossing+arena+ref_contact,4.865,4.839,14.545,7.144,1.1,5.351,1.671,1.0,0.0
study,834,pass,,4.211,4.863,14.765,6.586,1.105,4.654,1.015,0.0,0.036
study,835,reject,arena,3.838,4.846,14.638,5.861,1.101,4.226,1.723,0.0,0.049
study,836,reject,arena,4.278,4.018,14.448,5.925,1.0,4.278,1.44,0.0,0.047
study,837,pass,,4.34,4.067,14.697,6.834,1.0,4.34,1.228,0.0,0.037
study,838,reject,frame_crossing+arena+ref_contact,4.514,4.972,14.683,8.487,1.13,5.102,1.481,1.0,0.0
study,839,reject,arena+frame_margin,4.086,4.691,14.741,6.373,1.066,4.355,1.747,0.0,0.017
study,840,reject,arena,4.469,4.81,14.559,7.833,1.093,4.885,1.636,0.0,0.036
study,841,reject,frame_crossing+arena+ref_contact,4.452,5.952,14.739,5.631,1.353,6.023,1.128,3.0,0.0
study,842,reject,frame_crossing+arena+ref_contact,5.072,6.221,14.685,8.172,1.414,7.171,2.094,1.0,0.0
study,843,reject,frame_crossing+arena+ref_contact,4.853,5.521,14.742,9.796,1.255,6.089,1.328,1.0,0.0
study,844,reject,frame_crossing+arena+ref_contact,4.279,5.519,14.712,8.871,1.254,5.368,1.245,2.0,0.0
study,845,reject,frame_margin,4.818,5.234,14.571,6.392,1.19,5.731,1.405,0.0,0.015
study,846,reject,frame_crossing+arena+frame_margin,4.484,5.339,14.733,6.952,1.213,5.441,1.029,1.0,0.01
study,847,reject,arena,4.581,6.293,14.686,7.655,1.43,6.553,2.205,0.0,0.046
study,848,reject,frame_crossing+arena+ref_contact,4.208,5.591,14.655,6.633,1.271,5.347,2.368,1.0,0.0
study,849,reject,arena,4.335,4.168,14.714,9.452,1.0,4.335,1.015,0.0,0.036
study,850,reject,frame_crossing+arena+ref_contact,4.585,6.37,14.754,6.798,1.448,6.638,1.756,2.0,0.0
study,851,reject,frame_crossing+ref_contact,4.644,5.248,14.744,6.144,1.193,5.539,1.176,1.0,0.0
study,852,reject,frame_crossing+arena+ref_contact,4.524,4.587,14.611,8.262,1.043,4.716,1.13,2.0,0.0
study,853,reject,arena,4.398,5.741,14.769,6.778,1.305,5.738,1.107,0.0,0.034
study,854,reject,frame_crossing+arena+ref_contact,4.849,5.234,14.708,10.081,1.19,5.768,1.015,3.0,0.0
study,855,reject,frame_crossing+arena+ref_contact,4.556,5.431,14.79,8.296,1.234,5.623,1.103,1.0,0.0
study,856,reject,frame_crossing+arena+ref_contact,4.896,5.094,14.684,7.552,1.158,5.669,1.671,2.0,0.0
study,857,reject,frame_crossing+arena+ref_contact,4.458,5.552,14.713,8.259,1.262,5.626,1.301,1.0,0.0
study,858,reject,frame_crossing+arena+ref_contact,4.271,3.52,14.566,4.728,1.0,4.271,1.408,1.0,0.0
study,859,reject,frame_crossing+arena+ref_contact,4.75,5.166,14.632,6.869,1.174,5.577,1.952,1.0,0.0
study,860,reject,arena,4.146,5.451,14.695,5.824,1.239,5.137,1.836,0.0,0.036
study,861,reject,frame_crossing+arena+ref_contact,4.875,5.89,14.742,7.037,1.339,6.526,1.892,2.0,0.0
study,862,reject,frame_crossing+arena+ref_contact,4.372,3.689,14.687,7.338,1.0,4.372,1.053,1.0,0.0
study,863,reject,arena+ref_contact,4.6,5.493,14.703,7.749,1.248,5.742,1.058,0.0,0.0
study,864,reject,frame_crossing+arena+ref_contact,4.854,6.625,14.737,7.427,1.506,7.308,1.614,2.0,0.0
study,865,reject,frame_crossing+arena+ref_contact,4.805,5.253,14.777,8.691,1.194,5.736,1.133,2.0,0.0
study,866,reject,frame_crossing+arena+ref_contact,4.246,4.854,14.684,8.042,1.103,4.684,1.398,1.0,0.0
study,867,reject,frame_crossing+ref_contact,5.354,5.257,14.655,7.827,1.195,6.397,1.747,2.0,0.0
study,868,reject,frame_crossing+arena+frame_margin,4.282,4.528,14.724,7.906,1.029,4.406,1.035,1.0,0.004
study,869,reject,frame_crossing+ref_contact,4.457,4.898,14.503,7.847,1.113,4.961,1.031,2.0,0.0
study,870,reject,frame_crossing+arena+ref_contact,3.988,4.608,14.78,5.669,1.047,4.177,1.128,1.0,0.0
study,871,reject,frame_crossing+arena+ref_contact,4.799,5.191,14.749,9.114,1.18,5.662,2.108,1.0,0.0
study,872,reject,frame_crossing+arena+ref_contact,4.208,3.812,14.513,7.914,1.0,4.208,1.405,2.0,0.0
study,873,reject,frame_crossing+arena+ref_contact,4.628,5.18,14.721,7.546,1.177,5.449,2.13,2.0,0.0
study,874,reject,frame_crossing+arena+ref_contact,4.667,5.647,14.704,7.252,1.283,5.99,2.167,1.0,0.0
study,875,reject,frame_crossing+arena+ref_contact,4.689,5.291,14.734,8.351,1.203,5.639,1.429,1.0,0.0
study,876,reject,arena,4.229,5.798,14.605,6.607,1.318,5.572,1.245,0.0,0.04
study,877,reject,frame_crossing+arena+ref_contact,5.046,5.466,14.727,7.044,1.242,6.268,2.063,3.0,0.0
study,878,reject,frame_crossing+arena+ref_contact,4.388,4.306,14.699,6.27,1.0,4.388,1.348,1.0,0.0
study,879,reject,frame_crossing+arena+ref_contact,4.928,5.778,14.681,9.179,1.313,6.471,2.36,3.0,0.0
study,880,reject,arena,3.959,5.266,14.618,6.824,1.197,4.738,1.204,0.0,0.037
study,881,reject,frame_crossing+arena+ref_contact,4.768,5.97,14.745,10.793,1.357,6.47,2.019,3.0,0.0
study,882,reject,arena,4.275,4.765,14.687,5.961,1.083,4.629,1.107,0.0,0.039
study,883,reject,frame_crossing+arena+ref_contact,4.506,5.746,14.748,8.896,1.306,5.885,1.974,1.0,0.0
study,884,reject,frame_crossing+arena+ref_contact,5.056,5.698,14.732,8.428,1.295,6.547,2.054,3.0,0.0
study,885,reject,frame_crossing+ref_contact,4.178,4.743,14.659,6.878,1.078,4.504,1.035,1.0,0.0
study,886,reject,arena,4.123,4.02,14.496,6.143,1.0,4.123,1.073,0.0,0.046
study,887,reject,frame_crossing+arena+ref_contact,4.536,3.791,14.643,6.619,1.0,4.536,1.639,1.0,0.0
study,888,reject,frame_crossing+arena+ref_contact,4.358,5.191,14.717,8.315,1.18,5.142,1.172,1.0,0.0
study,889,reject,frame_crossing+arena+ref_contact,4.497,5.532,14.707,9.548,1.257,5.653,1.266,1.0,0.0
study,890,reject,frame_crossing+arena+ref_contact,4.979,5.486,14.717,8.925,1.247,6.208,2.13,2.0,0.0
study,891,reject,frame_crossing+arena+ref_contact,4.819,5.64,14.678,7.134,1.282,6.177,1.266,1.0,0.0
study,892,reject,arena,4.606,4.5,14.522,7.6,1.023,4.711,1.368,0.0,0.039
study,893,reject,arena+ref_contact,4.757,6.174,14.744,6.613,1.403,6.675,1.372,0.0,0.0
study,894,reject,arena,4.255,5.057,14.786,9.009,1.149,4.891,1.654,0.0,0.038
study,895,reject,frame_crossing+arena+ref_contact,5.224,5.495,14.657,9.618,1.249,6.525,2.008,1.0,0.0
study,896,reject,frame_crossing+arena+ref_contact,4.589,5.318,14.759,7.141,1.209,5.547,1.849,2.0,0.0
study,897,reject,frame_crossing+arena+ref_contact,4.514,5.112,14.721,7.719,1.162,5.245,1.323,2.0,0.0
study,898,reject,frame_crossing+arena+ref_contact,4.39,4.648,14.76,9.798,1.056,4.638,1.687,1.0,0.0
study,899,reject,frame_crossing+arena+ref_contact,4.732,6.053,14.711,8.426,1.376,6.509,2.49,2.0,0.0
study,900,reject,frame_crossing+arena+ref_contact,4.822,5.808,14.644,8.537,1.32,6.365,1.253,1.0,0.0
study,901,reject,frame_crossing+arena+ref_contact,4.262,6.354,14.658,6.018,1.444,6.155,1.912,2.0,0.0
study,902,reject,frame_crossing+arena+ref_contact,5.085,5.654,14.739,9.543,1.285,6.534,1.836,1.0,0.0
study,903,reject,frame_crossing+arena+ref_contact,4.888,6.541,14.69,7.412,1.487,7.266,2.442,1.0,0.0
study,904,reject,arena+ref_contact,4.787,5.161,14.727,7.565,1.173,5.614,1.474,0.0,0.0
study,905,reject,frame_crossing+arena+ref_contact,4.953,6.062,14.724,7.355,1.378,6.824,2.38,2.0,0.0
study,906,reject,frame_crossing+arena+ref_contact,4.906,6.319,14.687,5.807,1.436,7.046,1.181,3.0,0.0
study,907,reject,frame_crossing+arena+ref_contact,4.653,5.031,14.602,9.804,1.143,5.32,1.553,2.0,0.0
study,908,reject,frame_crossing+arena+ref_contact,4.381,5.279,14.765,7.389,1.2,5.256,1.109,1.0,0.0
study,909,reject,frame_crossing+arena+frame_margin,4.434,4.502,14.757,7.511,1.023,4.537,1.13,1.0,0.011
study,910,reject,frame_crossing+arena+ref_contact,4.408,6.341,14.698,8.6,1.441,6.353,1.739,2.0,0.0
study,911,reject,frame_crossing+arena+ref_contact,4.679,5.226,14.568,7.485,1.188,5.557,1.172,2.0,0.0
study,912,reject,frame_crossing+arena+ref_contact,5.385,5.676,14.615,8.108,1.29,6.946,2.517,2.0,0.0
study,913,reject,frame_crossing+arena+ref_contact,4.922,5.713,14.67,7.512,1.298,6.392,1.153,2.0,0.0
study,914,reject,frame_crossing+arena+ref_contact,4.605,4.248,14.631,6.451,1.0,4.605,2.014,2.0,0.0
study,915,reject,frame_crossing+arena+ref_contact,5.163,5.859,14.694,9.819,1.332,6.875,2.576,3.0,0.0
study,916,reject,frame_crossing+arena+ref_contact,4.41,4.804,14.757,9.103,1.092,4.815,1.029,1.0,0.0
study,917,reject,frame_crossing+arena+ref_contact,5.149,5.455,14.693,7.789,1.24,6.384,1.097,2.0,0.0
study,918,reject,frame_crossing+arena+ref_contact,4.586,5.078,14.735,9.826,1.154,5.293,1.128,2.0,0.0
study,919,reject,frame_crossing+arena+ref_contact,4.084,5.828,14.716,6.171,1.324,5.41,1.162,2.0,0.0
study,920,reject,frame_crossing+arena+ref_contact,4.593,5.042,14.733,8.702,1.146,5.264,1.687,1.0,0.0
study,921,reject,frame_crossing+arena+ref_contact,4.769,5.133,14.736,7.939,1.167,5.564,1.103,2.0,0.0
study,922,reject,frame_crossing+arena+ref_contact,4.18,5.25,14.741,5.683,1.193,4.988,1.844,2.0,0.0
study,923,reject,frame_crossing+arena+ref_contact,4.01,4.094,14.655,6.204,1.0,4.01,1.162,1.0,0.0
study,924,reject,frame_crossing+arena+ref_contact,4.574,4.842,14.675,8.448,1.101,5.033,1.362,2.0,0.0
study,925,reject,frame_crossing+ref_contact,4.527,5.055,14.728,6.799,1.149,5.201,1.109,1.0,0.0
study,926,reject,frame_crossing+arena,4.455,5.958,14.719,5.847,1.354,6.032,1.047,1.0,0.043
study,927,reject,frame_crossing+arena+ref_contact,4.58,5.454,14.729,9.771,1.239,5.677,1.92,1.0,0.0
study,928,reject,frame_crossing+arena+ref_contact,4.472,4.969,14.714,6.434,1.129,5.05,1.189,1.0,0.0
study,929,reject,arena+ref_contact,4.58,5.099,14.738,9.934,1.159,5.308,1.267,0.0,0.0
study,930,reject,frame_crossing+arena+ref_contact,4.535,4.861,14.521,7.0,1.105,5.01,1.205,2.0,0.0
study,931,reject,frame_crossing+arena+ref_contact,4.164,4.258,14.68,4.373,1.0,4.164,1.133,1.0,0.0
study,932,reject,frame_crossing+arena+ref_contact,4.6,4.588,14.706,5.923,1.043,4.797,1.176,2.0,0.0
study,933,reject,arena+frame_margin,4.408,3.558,14.744,4.79,1.0,4.408,1.103,0.0,0.017
study,934,reject,frame_crossing+arena+ref_contact,4.538,3.881,14.754,9.3,1.0,4.538,1.198,3.0,0.0
study,935,reject,frame_crossing+ref_contact,4.45,5.494,14.732,8.518,1.249,5.556,1.845,2.0,0.0
study,936,reject,frame_crossing+arena+ref_contact,4.492,5.322,14.577,8.705,1.209,5.433,1.949,1.0,0.0
study,937,reject,frame_crossing+arena+ref_contact,4.836,6.074,14.701,7.963,1.38,6.676,1.453,2.0,0.0
study,938,reject,frame_crossing+arena+ref_contact,4.906,5.118,14.597,10.188,1.163,5.706,1.323,3.0,0.0
study,939,reject,frame_crossing+arena+ref_contact,4.486,4.215,14.747,9.183,1.0,4.486,1.348,2.0,0.0
study,940,reject,frame_crossing+arena+ref_contact,4.935,5.539,14.718,6.749,1.259,6.213,1.266,2.0,0.0
study,941,reject,frame_crossing+ref_contact,4.159,5.019,14.61,8.669,1.141,4.745,1.363,1.0,0.0
study,942,reject,frame_crossing+arena+ref_contact,4.614,5.556,14.633,9.413,1.263,5.826,1.403,2.0,0.0
study,943,reject,arena+ref_contact,4.273,4.429,14.718,6.494,1.007,4.301,1.153,0.0,0.0
study,944,reject,frame_crossing+ref_contact,4.023,4.295,14.756,5.375,1.0,4.023,1.198,1.0,0.0
study,945,reject,frame_crossing+arena+ref_contact,3.834,3.614,14.684,4.462,1.0,3.834,1.13,1.0,0.0
study,946,reject,frame_crossing+arena+ref_contact,4.728,5.646,14.735,7.492,1.283,6.067,1.571,2.0,0.0
study,947,reject,frame_crossing+ref_contact,4.217,4.603,14.687,8.764,1.046,4.411,1.047,1.0,0.0
study,948,reject,frame_crossing+arena+ref_contact,4.923,5.969,14.739,6.448,1.357,6.678,1.37,1.0,0.0
study,949,reject,frame_crossing+arena+ref_contact,5.402,6.295,14.705,8.454,1.431,7.729,2.065,1.0,0.0
study,950,reject,frame_crossing+arena+ref_contact,5.248,6.589,14.636,8.239,1.497,7.858,1.035,2.0,0.0
study,951,reject,frame_crossing+arena+ref_contact,5.031,5.676,14.511,9.654,1.29,6.489,1.829,1.0,0.0
study,952,reject,frame_crossing+arena+ref_contact,4.586,4.554,14.515,9.536,1.035,4.746,1.766,2.0,0.0
study,953,reject,arena,4.632,4.92,14.631,7.518,1.118,5.179,1.267,0.0,0.045
study,954,reject,arena,4.654,4.472,14.693,7.974,1.016,4.73,1.758,0.0,0.037
study,955,reject,frame_crossing+arena+ref_contact,4.088,5.402,14.714,9.036,1.228,5.019,1.073,2.0,0.0
study,956,reject,frame_crossing+arena+ref_contact,4.233,4.702,14.622,8.044,1.069,4.523,1.274,2.0,0.0
study,957,reject,frame_crossing+arena+ref_contact,4.426,5.441,14.705,9.084,1.237,5.473,1.107,1.0,0.0
study,958,reject,frame_crossing+arena+ref_contact,5.07,6.001,14.575,7.923,1.364,6.914,1.058,1.0,0.0
study,959,reject,frame_crossing+arena+ref_contact,4.535,4.489,14.712,5.868,1.02,4.627,1.109,1.0,0.0
study,960,reject,frame_crossing+arena+ref_contact,4.367,5.675,14.617,5.506,1.29,5.632,1.671,1.0,0.0
study,961,reject,frame_crossing+arena+ref_contact,4.987,6.001,14.663,6.981,1.364,6.801,1.987,2.0,0.0
study,962,reject,frame_crossing+arena+ref_contact,4.128,5.04,14.699,7.813,1.145,4.728,1.266,1.0,0.0
study,963,reject,frame_crossing+arena+ref_contact,4.33,4.845,14.709,6.325,1.101,4.768,1.032,1.0,0.0
study,964,reject,frame_crossing+arena+ref_contact,5.2,5.262,14.608,9.801,1.196,6.218,1.801,2.0,0.0
study,965,pass,,4.239,5.035,14.707,6.087,1.144,4.851,1.035,0.0,0.039
study,966,reject,frame_crossing+arena,4.723,6.211,14.741,6.066,1.412,6.667,1.274,1.0,0.036
study,967,reject,frame_crossing+ref_contact,4.149,4.75,14.572,9.134,1.08,4.479,1.383,1.0,0.0
study,968,reject,frame_crossing+ref_contact,4.828,5.875,14.711,6.333,1.335,6.447,1.44,3.0,0.0
study,969,reject,frame_crossing+arena+ref_contact,4.504,5.175,14.756,7.477,1.176,5.298,1.072,1.0,0.0
study,970,reject,frame_crossing+arena+ref_contact,4.498,4.035,14.46,5.46,1.0,4.498,1.133,1.0,0.0
study,971,reject,frame_crossing+ref_contact,4.476,5.656,14.68,7.101,1.285,5.754,1.523,3.0,0.0
study,972,reject,frame_crossing+arena+ref_contact,4.912,5.343,14.686,8.929,1.214,5.964,1.858,1.0,0.0
study,973,reject,frame_crossing+arena+ref_contact,5.121,5.448,14.693,9.312,1.238,6.341,2.062,2.0,0.0
study,974,reject,arena,4.079,5.337,14.737,5.89,1.213,4.947,1.547,0.0,0.036
study,975,reject,frame_crossing+arena+ref_contact,4.29,5.013,14.68,8.91,1.139,4.888,1.772,2.0,0.0
study,976,reject,frame_crossing+arena+ref_contact,4.584,5.899,14.65,7.778,1.341,6.145,1.032,1.0,0.0
study,977,reject,frame_crossing+arena+ref_contact,4.443,3.723,14.448,6.38,1.0,4.443,1.153,2.0,0.0
study,978,reject,frame_crossing+arena+ref_contact,4.215,4.67,14.539,8.852,1.061,4.474,1.204,1.0,0.0
study,979,reject,frame_crossing+arena+ref_contact,4.86,5.16,14.705,6.361,1.173,5.699,1.263,2.0,0.0
study,980,reject,arena,4.528,5.911,14.597,7.307,1.343,6.083,1.35,0.0,0.041
study,981,reject,frame_crossing+arena+ref_contact,4.449,4.581,14.688,7.224,1.041,4.632,1.5,2.0,0.0
study,982,reject,frame_crossing+ref_contact,4.447,5.33,14.635,9.627,1.211,5.387,1.56,2.0,0.0
study,983,reject,frame_crossing+arena+ref_contact,4.678,6.143,14.697,6.42,1.396,6.531,1.035,2.0,0.0
study,984,reject,frame_crossing+arena+ref_contact,4.67,4.389,14.768,9.195,1.0,4.67,1.949,2.0,0.0
study,985,reject,frame_crossing+arena+ref_contact,4.625,4.744,14.668,7.178,1.078,4.987,1.047,1.0,0.0
study,986,reject,frame_crossing+arena+ref_contact,4.571,4.349,14.733,7.444,1.0,4.571,1.026,2.0,0.0
study,987,reject,frame_crossing+arena+ref_contact,4.711,5.291,14.725,6.285,1.203,5.666,1.699,4.0,0.0
study,988,reject,frame_crossing+arena+ref_contact,4.804,5.706,14.72,9.269,1.297,6.23,1.228,3.0,0.0
study,989,pass,,4.717,6.031,14.653,7.141,1.371,6.465,1.109,0.0,0.035
study,990,reject,frame_crossing+arena+ref_contact,4.62,4.481,14.493,6.569,1.018,4.705,1.293,1.0,0.0
study,991,reject,frame_crossing+arena+ref_contact,4.081,4.62,14.71,8.441,1.05,4.285,1.072,2.0,0.0
study,992,reject,frame_crossing+arena+ref_contact,4.893,5.408,14.696,7.8,1.229,6.013,1.434,1.0,0.0
study,993,reject,frame_crossing+arena+ref_contact,4.484,4.423,14.683,6.563,1.005,4.507,1.153,1.0,0.0
study,994,reject,arena+ref_contact,4.639,5.302,14.742,6.914,1.205,5.59,1.162,0.0,0.0
study,995,reject,frame_crossing+arena+ref_contact,5.241,5.53,14.614,8.688,1.257,6.588,1.153,1.0,0.0
study,996,reject,frame_crossing+arena+frame_margin,4.156,5.037,14.725,8.675,1.145,4.758,1.026,1.0,0.009
study,997,reject,frame_crossing+arena+ref_contact,4.778,6.315,14.691,6.979,1.435,6.858,1.337,1.0,0.0
study,998,reject,frame_crossing+arena+ref_contact,4.968,6.538,14.739,6.527,1.486,7.382,1.301,3.0,0.0
study,999,reject,frame_crossing+arena+ref_contact,4.748,4.4,14.652,7.78,1.0,4.749,1.249,1.0,0.0
study,1000,reject,frame_crossing+arena+ref_contact,4.3,4.233,14.769,8.589,1.0,4.3,1.219,2.0,0.0
study,1001,reject,arena,4.212,5.977,14.736,7.741,1.358,5.721,1.097,0.0,0.036
study,1002,reject,frame_crossing+arena+ref_contact,4.98,6.412,14.741,9.786,1.457,7.257,2.217,3.0,0.0
study,1003,reject,frame_crossing+arena+ref_contact,4.314,5.62,14.642,6.582,1.277,5.51,1.219,2.0,0.0
study,1004,reject,frame_crossing+ref_contact,4.287,4.544,14.603,6.925,1.033,4.427,1.348,1.0,0.0
study,1005,reject,frame_crossing+arena+ref_contact,5.393,5.871,14.712,10.57,1.334,7.196,2.7,3.0,0.0
study,1006,reject,frame_crossing+arena+ref_contact,4.087,5.831,14.763,7.535,1.325,5.416,1.107,1.0,0.0
study,1007,reject,frame_crossing+arena+frame_margin,3.925,4.381,14.703,5.673,1.0,3.925,1.029,1.0,0.008
study,1008,reject,arena,4.724,6.422,14.717,6.88,1.459,6.894,1.609,0.0,0.046
study,1009,reject,frame_crossing+arena+ref_contact,5.019,5.359,14.677,6.875,1.218,6.113,1.384,3.0,0.0
study,1010,reject,frame_crossing+arena+ref_contact,5.184,5.251,14.659,8.989,1.193,6.187,1.396,1.0,0.0
study,1011,reject,frame_crossing+arena+ref_contact,4.246,4.592,14.675,6.255,1.044,4.431,1.158,1.0,0.0
study,1012,reject,frame_crossing+arena+ref_contact,4.747,5.113,14.595,8.763,1.162,5.517,1.384,2.0,0.0
study,1013,reject,frame_crossing+arena+ref_contact,4.593,5.486,14.614,6.11,1.247,5.727,1.176,1.0,0.0
study,1014,reject,frame_crossing+arena+ref_contact,4.185,4.615,14.668,8.11,1.049,4.389,1.047,1.0,0.0
study,1015,reject,frame_crossing+arena+ref_contact,4.083,6.382,14.756,5.988,1.45,5.923,1.13,1.0,0.0
study,1016,reject,frame_crossing+arena+ref_contact,4.315,5.838,14.632,8.183,1.327,5.725,2.322,2.0,0.0
study,1017,reject,frame_crossing+arena+ref_contact,4.621,5.367,14.544,9.419,1.22,5.636,1.162,2.0,0.0
study,1018,reject,frame_crossing+ref_contact,4.359,5.223,14.716,7.755,1.187,5.175,1.047,1.0,0.0
study,1019,reject,frame_crossing+arena+ref_contact,4.332,6.108,14.73,6.429,1.388,6.013,1.328,1.0,0.0
study,1020,reject,arena+ref_contact,4.924,5.253,14.735,9.201,1.194,5.879,1.84,0.0,0.0
study,1021,reject,frame_crossing+arena+ref_contact,4.25,5.089,14.611,8.682,1.157,4.915,1.609,2.0,0.0
study,1022,reject,frame_crossing+arena+frame_margin,4.373,4.775,14.741,6.324,1.085,4.746,1.058,1.0,0.01
study,1023,reject,arena,3.994,5.101,14.771,6.008,1.159,4.63,1.176,0.0,0.043
study,1024,reject,frame_crossing+arena+ref_contact,4.626,5.172,14.771,8.691,1.175,5.438,2.094,2.0,0.0
study,1025,reject,arena,4.01,4.192,14.684,6.112,1.0,4.01,1.128,0.0,0.064
study,1026,reject,frame_crossing+arena+ref_contact,4.147,4.696,14.663,9.739,1.067,4.426,1.301,1.0,0.0
study,1027,reject,arena,3.547,3.752,14.609,5.302,1.0,3.547,1.204,0.0,0.039
study,1028,reject,arena+frame_margin,3.948,3.976,14.645,5.82,1.0,3.948,1.133,0.0,0.03
study,1029,reject,frame_crossing+arena+ref_contact,4.702,5.386,14.75,7.932,1.224,5.756,1.687,2.0,0.0
study,1030,reject,frame_crossing+arena+ref_contact,4.523,5.431,14.716,10.545,1.234,5.583,1.744,3.0,0.0
study,1031,reject,frame_crossing+arena+ref_contact,4.969,5.331,14.65,8.715,1.212,6.02,1.969,3.0,0.0
study,1032,reject,frame_crossing+arena+ref_contact,4.617,5.439,14.681,6.947,1.236,5.707,1.133,1.0,0.0
study,1033,reject,frame_crossing+arena+ref_contact,4.517,5.836,14.647,10.427,1.326,5.992,1.408,1.0,0.0
study,1034,reject,arena+frame_margin,4.562,5.181,14.755,8.464,1.178,5.372,2.162,0.0,0.012
study,1035,reject,frame_crossing+arena+ref_contact,4.59,5.508,14.679,6.866,1.252,5.746,1.172,1.0,0.0
study,1036,reject,frame_crossing+arena+ref_contact,4.387,6.477,14.736,7.675,1.472,6.458,1.912,2.0,0.0
study,1037,reject,frame_crossing+arena+ref_contact,4.39,5.756,14.761,7.086,1.308,5.743,1.198,3.0,0.0
study,1038,reject,frame_crossing+arena+ref_contact,4.932,5.805,14.757,6.046,1.319,6.507,1.189,2.0,0.0
study,1039,reject,frame_crossing+arena+ref_contact,5.247,5.942,14.667,9.372,1.35,7.086,1.231,3.0,0.0
study,1040,reject,ref_contact,4.853,5.545,14.686,6.997,1.26,6.116,1.073,0.0,0.0
study,1041,reject,frame_crossing+arena+ref_contact,4.772,4.599,14.69,7.868,1.045,4.988,1.348,2.0,0.0
study,1042,reject,frame_crossing+arena+ref_contact,4.048,5.0,14.771,8.977,1.136,4.6,1.582,2.0,0.0
study,1043,reject,arena,4.303,6.314,14.723,6.139,1.435,6.175,1.577,0.0,0.039
study,1044,reject,frame_crossing+ref_contact,4.692,5.654,14.629,9.649,1.285,6.03,1.873,1.0,0.0
study,1045,reject,frame_crossing+arena+ref_contact,4.528,5.208,14.777,9.534,1.184,5.36,2.014,3.0,0.0
study,1046,reject,frame_crossing+arena+ref_contact,4.663,6.105,14.76,7.74,1.387,6.47,1.47,1.0,0.0
study,1047,reject,frame_crossing+arena+ref_contact,4.498,5.202,14.606,5.941,1.182,5.318,1.162,1.0,0.0
study,1048,reject,arena+ref_contact,4.574,4.615,14.622,6.429,1.049,4.798,1.228,0.0,0.0
study,1049,reject,arena,4.651,6.147,14.689,7.433,1.397,6.497,1.035,0.0,0.042
study,1050,reject,arena,4.691,6.362,14.563,5.99,1.446,6.783,1.249,0.0,0.043
study,1051,reject,arena+ref_contact,4.517,4.37,14.69,5.871,1.0,4.517,1.328,0.0,0.0
study,1052,reject,frame_crossing+ref_contact,4.879,5.325,14.737,7.221,1.21,5.904,1.644,2.0,0.0
study,1053,reject,frame_crossing+arena+ref_contact,4.625,5.229,14.749,9.903,1.189,5.497,2.203,2.0,0.0
study,1054,reject,frame_crossing+ref_contact,4.81,5.328,14.707,7.788,1.211,5.825,1.706,2.0,0.0
study,1055,reject,frame_crossing+ref_contact,3.992,5.18,14.729,6.311,1.177,4.7,1.974,1.0,0.0
study,1056,reject,frame_crossing+arena+ref_contact,5.185,5.613,14.678,8.318,1.276,6.614,1.972,2.0,0.0
study,1057,reject,frame_crossing+arena+ref_contact,5.0,6.243,14.7,9.145,1.419,7.095,2.361,2.0,0.0
study,1058,reject,frame_crossing+arena+ref_contact,4.623,6.476,14.749,7.897,1.472,6.804,1.477,1.0,0.0
study,1059,reject,frame_crossing+arena+ref_contact,4.625,6.378,14.688,7.779,1.45,6.705,1.582,1.0,0.0
study,1060,reject,frame_crossing+arena+ref_contact,4.422,6.074,14.655,6.232,1.38,6.103,1.592,2.0,0.0
study,1061,reject,frame_crossing+arena+ref_contact,4.818,5.77,14.794,9.641,1.311,6.319,1.043,4.0,0.0
study,1062,reject,frame_crossing+arena+ref_contact,4.6,4.424,14.528,7.277,1.005,4.626,1.571,2.0,0.0
study,1063,reject,frame_crossing+arena+ref_contact,4.539,5.198,14.755,8.737,1.181,5.362,1.109,1.0,0.0
study,1064,reject,arena,4.368,6.099,14.737,7.326,1.386,6.055,1.694,0.0,0.039
study,1065,reject,frame_crossing+arena+ref_contact,4.661,5.785,14.719,9.257,1.315,6.129,1.553,4.0,0.0
study,1066,reject,frame_crossing+arena+ref_contact,4.145,4.555,14.754,8.026,1.035,4.29,1.13,1.0,0.0
study,1067,reject,frame_crossing+arena+ref_contact,4.854,5.11,14.708,9.86,1.161,5.638,1.883,3.0,0.0
study,1068,reject,frame_crossing+arena+ref_contact,4.967,5.075,14.471,6.693,1.153,5.729,1.128,3.0,0.0
study,1069,reject,arena,4.507,5.511,14.764,8.218,1.253,5.645,1.547,0.0,0.043
study,1070,reject,frame_crossing+arena+ref_contact,4.91,5.79,14.602,6.651,1.316,6.46,1.228,4.0,0.0
study,1071,reject,frame_crossing+arena+ref_contact,4.2,4.484,14.772,10.445,1.019,4.28,1.429,1.0,0.0
study,1072,reject,frame_crossing+arena+ref_contact,4.898,6.304,14.721,6.895,1.433,7.017,1.641,3.0,0.0
study,1073,reject,arena,4.141,4.823,14.737,5.725,1.096,4.54,1.274,0.0,0.043
study,1074,reject,frame_crossing+arena+ref_contact,4.214,4.852,14.646,7.373,1.103,4.647,1.873,1.0,0.0
study,1075,reject,frame_crossing+arena+ref_contact,4.652,5.405,14.522,8.145,1.228,5.715,1.35,2.0,0.0
study,1076,reject,frame_crossing+arena+ref_contact,5.125,6.15,14.658,6.622,1.398,7.164,2.164,2.0,0.0
study,1077,reject,frame_crossing+arena+ref_contact,4.749,4.803,14.754,4.718,1.092,5.183,1.328,2.0,0.0
study,1078,reject,frame_crossing+arena+ref_contact,4.6,5.957,14.722,7.434,1.354,6.228,1.792,1.0,0.0
study,1079,reject,frame_crossing+arena+ref_contact,4.948,4.956,14.682,8.371,1.126,5.573,1.133,2.0,0.0
study,1080,reject,frame_crossing+arena+ref_contact,4.502,6.253,14.6,6.894,1.421,6.398,1.031,1.0,0.0
study,1081,reject,arena,3.93,3.792,14.639,5.486,1.0,3.93,1.031,0.0,0.055
study,1082,reject,arena,3.911,3.691,14.689,7.006,1.0,3.911,1.097,0.0,0.038
study,1083,reject,frame_crossing+arena+ref_contact,4.663,5.79,14.709,8.249,1.316,6.136,2.008,2.0,0.0
study,1084,reject,frame_crossing+arena+ref_contact,4.643,6.067,14.722,9.844,1.379,6.402,1.491,2.0,0.0
study,1085,reject,frame_crossing+arena+ref_contact,4.338,5.618,14.699,9.341,1.277,5.539,1.735,2.0,0.0
study,1086,reject,frame_crossing+arena+ref_contact,4.455,5.643,14.648,8.647,1.283,5.714,1.249,1.0,0.0
study,1087,reject,frame_crossing+arena+ref_contact,5.329,5.722,14.67,8.035,1.301,6.931,1.939,1.0,0.0
study,1088,reject,frame_crossing+arena+frame_margin,4.605,5.131,14.709,6.817,1.166,5.37,1.228,2.0,0.003
study,1089,pass,,3.463,4.192,14.623,5.946,1.0,3.463,1.058,0.0,0.038
study,1090,reject,frame_crossing+arena+ref_contact,4.344,4.26,14.737,7.332,1.0,4.344,1.103,1.0,0.0
study,1091,reject,frame_crossing+arena+ref_contact,4.566,6.114,14.729,6.724,1.389,6.345,2.177,2.0,0.0
study,1092,reject,frame_crossing+arena+ref_contact,4.732,4.861,14.59,7.733,1.105,5.228,1.031,1.0,0.0
study,1093,reject,frame_crossing+arena+ref_contact,4.101,5.104,14.615,5.528,1.16,4.758,1.031,1.0,0.0
study,1094,reject,frame_crossing+ref_contact,4.297,5.274,14.656,7.926,1.199,5.151,1.475,1.0,0.0
study,1095,reject,frame_crossing+arena+ref_contact,4.339,5.836,14.692,7.883,1.326,5.755,1.473,1.0,0.0
study,1096,reject,frame_crossing+arena+ref_contact,4.132,4.977,14.716,6.295,1.131,4.675,1.538,1.0,0.0
study,1097,reject,frame_crossing+arena+ref_contact,4.748,4.682,14.737,8.033,1.064,5.052,1.228,4.0,0.0
study,1098,reject,frame_crossing+ref_contact,4.163,5.078,14.699,5.993,1.154,4.804,1.031,1.0,0.0
study,1099,reject,frame_crossing+arena+ref_contact,4.938,4.499,14.517,6.845,1.022,5.048,1.951,2.0,0.0
study,1100,reject,arena+frame_margin,5.096,6.024,14.73,7.671,1.369,6.977,2.671,0.0,0.003
study,1101,reject,frame_crossing+arena+ref_contact,4.735,5.826,14.738,8.988,1.324,6.27,1.564,2.0,0.0
study,1102,reject,frame_crossing+arena+ref_contact,5.019,5.415,14.733,6.935,1.231,6.177,1.015,3.0,0.0
study,1103,reject,frame_crossing+arena+ref_contact,4.417,5.399,14.698,8.263,1.227,5.42,1.53,2.0,0.0
study,1104,reject,frame_crossing+arena+ref_contact,4.784,5.853,14.672,6.908,1.33,6.365,1.408,2.0,0.0
study,1105,reject,frame_crossing+arena+ref_contact,4.739,6.242,14.737,6.771,1.419,6.722,1.311,2.0,0.0
study,1106,reject,frame_crossing+arena+ref_contact,4.754,4.569,14.568,7.422,1.038,4.937,1.171,2.0,0.0
study,1107,reject,frame_crossing+arena+ref_contact,5.183,6.417,14.707,9.406,1.458,7.559,2.462,2.0,0.0
study,1108,reject,frame_crossing+arena+ref_contact,5.143,6.017,14.583,7.245,1.368,7.034,1.941,2.0,0.0
study,1109,reject,frame_crossing+arena+ref_contact,4.73,5.878,14.73,7.469,1.336,6.319,1.62,3.0,0.0
study,1110,reject,arena,4.421,6.18,14.663,5.841,1.404,6.21,1.181,0.0,0.045
study,1111,reject,frame_crossing+arena+ref_contact,4.359,4.616,14.756,6.014,1.049,4.573,1.058,1.0,0.0
study,1112,reject,arena,3.97,4.497,14.716,7.919,1.022,4.058,1.274,0.0,0.039
study,1113,reject,frame_crossing+arena+ref_contact,4.287,6.446,14.674,8.742,1.465,6.281,1.505,2.0,0.0
study,1114,reject,frame_crossing+arena+ref_contact,4.823,4.958,14.687,9.526,1.127,5.434,1.873,3.0,0.0
study,1115,reject,frame_crossing+arena+ref_contact,4.891,5.62,14.692,6.577,1.277,6.247,1.047,3.0,0.0
study,1116,reject,frame_crossing+arena+ref_contact,4.84,4.442,14.587,9.291,1.009,4.886,1.204,3.0,0.0
study,1117,reject,frame_crossing+arena+ref_contact,4.71,6.24,14.676,8.142,1.418,6.68,1.644,2.0,0.0
study,1118,reject,frame_crossing+arena+ref_contact,4.86,6.318,14.617,8.927,1.436,6.978,1.844,4.0,0.0
study,1119,reject,frame_crossing+arena+ref_contact,4.839,5.44,14.605,7.766,1.236,5.982,1.873,1.0,0.0
study,1120,reject,arena+ref_contact,4.832,5.746,14.725,8.118,1.306,6.31,1.301,0.0,0.0
study,1121,reject,frame_crossing+arena+ref_contact,5.013,5.974,14.746,9.619,1.358,6.806,1.697,3.0,0.0
study,1122,reject,frame_crossing+arena+ref_contact,5.212,5.35,14.588,7.062,1.216,6.337,1.949,2.0,0.0
study,1123,reject,frame_crossing+arena+ref_contact,5.124,5.793,14.779,10.382,1.317,6.746,1.951,2.0,0.0
study,1124,reject,frame_crossing+arena+ref_contact,5.022,5.385,14.775,8.948,1.224,6.147,1.488,2.0,0.0
study,1125,reject,frame_crossing+arena+ref_contact,4.251,3.936,14.762,8.895,1.0,4.251,1.031,1.0,0.0
study,1126,reject,frame_crossing+arena+ref_contact,4.891,6.564,14.555,6.75,1.492,7.296,1.477,3.0,0.0
study,1127,reject,frame_crossing+arena+ref_contact,4.443,5.229,14.734,10.176,1.188,5.28,1.475,1.0,0.0
study,1128,reject,arena,4.506,5.438,14.672,5.897,1.236,5.569,1.339,0.0,0.037
study,1129,reject,arena,4.07,6.18,14.757,6.184,1.405,5.717,1.293,0.0,0.046
study,1130,reject,frame_crossing+arena+ref_contact,4.317,3.918,14.603,5.79,1.0,4.317,1.172,1.0,0.0
study,1131,reject,frame_crossing+arena+ref_contact,4.684,4.872,14.677,9.642,1.107,5.187,1.032,3.0,0.0
study,1132,reject,frame_crossing+arena+ref_contact,4.829,5.694,14.633,8.48,1.294,6.25,2.086,1.0,0.0
study,1133,reject,frame_crossing+arena+ref_contact,5.07,5.451,14.682,8.281,1.239,6.281,1.475,2.0,0.0
study,1134,reject,frame_crossing+arena+ref_contact,4.895,5.441,14.785,10.16,1.236,6.052,1.383,1.0,0.0
study,1135,reject,frame_crossing+arena+ref_contact,4.695,5.857,14.731,5.763,1.331,6.25,1.436,1.0,0.0
study,1136,reject,frame_crossing+arena+ref_contact,4.357,5.338,14.705,9.482,1.213,5.286,1.368,2.0,0.0
study,1137,reject,frame_crossing+arena+ref_contact,4.79,6.441,14.623,7.854,1.464,7.013,1.912,2.0,0.0
study,1138,reject,frame_crossing+arena+ref_contact,5.226,6.209,14.707,6.942,1.411,7.374,1.153,1.0,0.0
study,1139,reject,arena,4.705,5.078,14.772,6.873,1.154,5.43,1.403,0.0,0.036
study,1140,reject,frame_crossing+arena+ref_contact,4.896,6.492,14.726,8.325,1.476,7.224,1.794,1.0,0.0
study,1141,reject,frame_crossing+arena+ref_contact,4.43,6.319,14.558,6.69,1.436,6.363,1.047,2.0,0.0
study,1142,reject,frame_crossing+arena+ref_contact,4.088,4.655,14.722,7.326,1.058,4.325,1.44,1.0,0.0
study,1143,reject,frame_crossing+arena+ref_contact,4.57,6.275,14.762,8.269,1.426,6.518,1.13,2.0,0.0
study,1144,reject,frame_crossing+arena+ref_contact,4.904,6.001,14.659,7.369,1.364,6.688,1.96,1.0,0.0
study,1145,pass,,3.696,3.42,14.706,4.231,1.0,3.696,1.047,0.0,0.044
study,1146,reject,frame_crossing+arena+ref_contact,4.895,6.274,14.686,8.987,1.426,6.98,2.075,4.0,0.0
study,1147,reject,frame_crossing+arena+ref_contact,4.531,4.654,14.73,9.238,1.058,4.792,1.097,2.0,0.0
study,1148,reject,arena+frame_margin,4.822,5.58,14.722,8.477,1.268,6.114,1.249,0.0,0.024
study,1149,reject,frame_crossing+arena+ref_contact,5.036,5.051,14.695,10.021,1.148,5.782,2.259,2.0,0.0
study,1150,reject,arena,4.058,4.208,14.582,6.553,1.0,4.058,1.228,0.0,0.038
study,1151,reject,frame_crossing+arena+ref_contact,4.398,5.234,14.686,5.051,1.19,5.232,1.323,2.0,0.0
study,1152,reject,frame_crossing+arena+ref_contact,4.907,6.473,14.702,7.744,1.471,7.22,1.362,2.0,0.0
study,1153,reject,arena+ref_contact,4.486,4.918,14.781,7.22,1.118,5.015,1.398,0.0,0.0
study,1154,reject,ref_contact,4.586,6.138,14.7,5.906,1.395,6.398,1.47,0.0,0.0
study,1155,reject,arena,4.438,4.378,14.707,8.89,1.0,4.438,1.245,0.0,0.048
study,1156,reject,frame_crossing+arena+ref_contact,4.787,5.755,14.66,6.191,1.308,6.261,1.035,2.0,0.0
study,1157,reject,frame_crossing+arena+ref_contact,4.485,5.676,14.44,6.651,1.29,5.786,1.058,2.0,0.0
study,1158,reject,frame_crossing+arena+ref_contact,4.414,6.179,14.709,6.973,1.404,6.2,1.327,2.0,0.0
study,1159,reject,frame_crossing+arena+ref_contact,4.689,6.238,14.611,7.101,1.418,6.649,1.176,1.0,0.0
study,1160,reject,frame_crossing+arena+ref_contact,4.011,4.91,14.667,7.794,1.116,4.476,1.181,2.0,0.0
study,1161,reject,arena+ref_contact,4.68,5.235,14.719,9.253,1.19,5.567,1.311,0.0,0.0
study,1162,reject,arena,3.846,4.443,14.599,6.389,1.01,3.883,1.383,0.0,0.05
study,1163,reject,frame_crossing+arena+ref_contact,4.597,4.675,14.735,8.689,1.063,4.885,1.133,2.0,0.0
study,1164,reject,frame_crossing+arena+ref_contact,5.065,4.307,14.579,7.335,1.0,5.065,1.694,2.0,0.0
study,1165,reject,arena,3.872,4.262,14.65,7.445,1.0,3.872,1.058,0.0,0.038
study,1166,reject,frame_crossing+arena+ref_contact,5.195,6.469,14.659,6.958,1.47,7.639,2.155,2.0,0.0
study,1167,reject,arena,3.931,4.993,14.715,7.2,1.135,4.461,1.339,0.0,0.045
study,1168,reject,arena,3.969,4.854,14.655,9.634,1.103,4.378,1.219,0.0,0.037
study,1169,reject,frame_crossing+frame_margin,3.83,5.744,14.674,7.556,1.306,5.0,1.384,1.0,0.027
study,1170,reject,frame_crossing+ref_contact,4.309,3.655,14.724,6.754,1.0,4.309,1.026,2.0,0.0
study,1171,reject,frame_crossing+arena+ref_contact,4.987,5.736,14.713,6.984,1.304,6.501,1.063,1.0,0.0
study,1172,reject,frame_crossing+arena+ref_contact,5.021,6.139,14.696,7.551,1.395,7.005,2.894,2.0,0.0
study,1173,reject,frame_crossing+arena+ref_contact,5.022,5.559,14.511,7.396,1.264,6.346,1.547,5.0,0.0
study,1174,reject,frame_crossing+arena+frame_margin,4.413,6.192,14.723,6.858,1.407,6.21,1.564,1.0,0.018
study,1175,reject,frame_crossing+arena,4.349,6.084,14.59,5.904,1.383,6.013,2.179,1.0,0.032
study,1176,reject,frame_crossing+arena+ref_contact,5.034,5.972,14.641,6.877,1.357,6.833,1.198,2.0,0.0
study,1177,reject,frame_crossing+arena+ref_contact,4.793,5.326,14.676,8.448,1.21,5.802,1.063,3.0,0.0
study,1178,reject,frame_crossing+arena+ref_contact,4.253,4.878,14.676,9.189,1.109,4.716,1.858,2.0,0.0
study,1179,reject,arena,4.606,5.099,14.699,8.811,1.159,5.338,2.027,0.0,0.036
study,1180,reject,frame_crossing+arena+ref_contact,4.807,3.547,14.57,4.809,1.0,4.807,1.176,1.0,0.0
study,1181,reject,frame_crossing+ref_contact,4.089,4.768,14.675,8.464,1.084,4.431,1.335,1.0,0.0
study,1182,reject,arena+frame_margin,4.388,5.622,14.605,6.79,1.278,5.606,1.228,0.0,0.016
study,1183,reject,frame_crossing+arena+ref_contact,4.888,5.571,14.726,11.006,1.266,6.189,1.862,2.0,0.0
study,1184,reject,frame_crossing+arena+ref_contact,4.672,5.258,14.722,6.823,1.195,5.583,1.053,1.0,0.0
study,1185,reject,frame_crossing+arena+ref_contact,4.488,5.419,14.654,8.072,1.232,5.527,1.109,3.0,0.0
study,1186,reject,frame_crossing+arena+ref_contact,4.627,5.041,14.725,6.694,1.146,5.301,1.245,1.0,0.0
study,1187,reject,frame_crossing+arena+ref_contact,5.304,5.078,14.712,10.38,1.154,6.122,1.362,1.0,0.0
study,1188,reject,frame_crossing+arena+ref_contact,5.032,5.551,14.67,9.743,1.262,6.348,2.259,4.0,0.0
study,1189,reject,frame_crossing+arena+ref_contact,4.763,5.318,14.693,8.543,1.209,5.756,1.69,1.0,0.0
study,1190,reject,frame_crossing+arena+ref_contact,4.941,5.772,14.64,7.822,1.312,6.482,1.936,2.0,0.0
study,1191,reject,arena,3.781,4.882,14.584,6.238,1.109,4.195,1.862,0.0,0.038
study,1192,reject,frame_crossing+arena+ref_contact,4.688,5.51,14.733,10.295,1.252,5.871,1.543,2.0,0.0
study,1193,reject,frame_crossing+arena+ref_contact,4.651,4.935,14.74,9.008,1.122,5.217,1.245,2.0,0.0
study,1194,reject,frame_crossing+arena+ref_contact,4.443,5.604,14.62,7.757,1.274,5.658,1.69,2.0,0.0
study,1195,reject,frame_crossing+arena+ref_contact,4.707,5.042,14.698,7.611,1.146,5.394,1.671,1.0,0.0
study,1196,reject,frame_crossing+arena+ref_contact,4.831,5.657,14.621,7.792,1.286,6.212,1.228,1.0,0.0
study,1197,reject,frame_crossing+arena+ref_contact,5.111,5.646,14.718,7.698,1.283,6.558,2.093,3.0,0.0
study,1198,reject,frame_crossing+arena+ref_contact,5.2,5.074,14.601,8.464,1.153,5.997,1.754,2.0,0.0
study,1199,reject,frame_crossing+arena+ref_contact,4.595,5.936,14.665,5.91,1.349,6.199,2.019,2.0,0.0
study,1200,reject,arena,3.887,4.582,14.647,6.769,1.041,4.048,1.553,0.0,0.036
study,1201,reject,frame_crossing+arena+ref_contact,4.716,4.822,14.588,8.729,1.096,5.169,1.249,2.0,0.0
study,1202,reject,frame_crossing+arena+ref_contact,5.073,6.246,14.727,9.794,1.42,7.201,1.856,3.0,0.0
study,1203,reject,arena+ref_contact,4.22,5.409,14.687,8.893,1.229,5.187,1.403,0.0,0.0
study,1204,reject,frame_crossing+arena+ref_contact,4.832,6.287,14.631,9.758,1.429,6.903,1.651,2.0,0.0
study,1205,reject,frame_crossing+ref_contact,4.486,5.399,14.672,9.654,1.227,5.505,1.712,2.0,0.0
study,1206,reject,frame_crossing+arena+ref_contact,4.64,5.574,14.583,7.109,1.267,5.878,1.271,2.0,0.0
study,1207,reject,frame_crossing+arena+ref_contact,5.07,5.347,14.692,7.616,1.215,6.161,1.723,1.0,0.0
study,1208,reject,frame_crossing+arena+ref_contact,4.843,5.085,14.669,7.205,1.156,5.596,1.496,3.0,0.0
study,1209,reject,frame_crossing+arena+ref_contact,4.685,5.483,14.656,7.994,1.246,5.838,1.856,1.0,0.0
study,1210,reject,frame_crossing+arena+ref_contact,4.802,6.294,14.743,8.733,1.431,6.869,2.361,2.0,0.0
study,1211,reject,frame_crossing+arena+ref_contact,4.3,5.417,14.713,5.695,1.231,5.294,1.595,1.0,0.0
study,1212,reject,frame_crossing+ref_contact,5.053,5.96,14.574,8.372,1.355,6.844,1.671,3.0,0.0
study,1213,reject,frame_crossing+ref_contact,4.733,5.375,14.702,8.56,1.222,5.782,1.821,1.0,0.0
study,1214,reject,frame_crossing+arena+ref_contact,4.172,4.076,14.715,5.175,1.0,4.172,1.249,2.0,0.0
study,1215,reject,frame_crossing+arena+ref_contact,4.441,4.986,14.671,10.511,1.133,5.033,1.687,1.0,0.0
study,1216,reject,frame_crossing+arena+ref_contact,4.768,5.688,14.733,7.389,1.293,6.163,1.333,1.0,0.0
study,1217,reject,frame_crossing+ref_contact,4.444,4.698,14.661,5.195,1.068,4.744,1.148,1.0,0.0
study,1218,reject,frame_crossing+arena+ref_contact,4.482,6.55,14.734,6.581,1.489,6.672,1.553,1.0,0.0
study,1219,reject,frame_crossing+arena+ref_contact,4.154,4.227,14.71,7.927,1.0,4.154,1.249,2.0,0.0
study,1220,reject,arena,4.485,5.196,14.625,9.108,1.181,5.297,1.56,0.0,0.047
study,1221,reject,frame_crossing+arena+ref_contact,4.538,5.245,14.603,7.174,1.192,5.409,1.644,3.0,0.0
study,1222,reject,frame_crossing+arena+ref_contact,4.393,6.014,14.759,5.861,1.367,6.005,1.582,1.0,0.0
study,1223,reject,frame_crossing+arena+ref_contact,4.715,5.8,14.657,7.998,1.318,6.216,2.552,1.0,0.0
study,1224,reject,frame_crossing+arena+ref_contact,4.969,5.048,14.737,8.628,1.147,5.701,1.398,3.0,0.0
study,1225,reject,frame_crossing+arena+ref_contact,4.968,6.109,14.698,7.396,1.388,6.898,1.133,2.0,0.0
study,1226,reject,frame_crossing+arena+ref_contact,4.09,4.792,14.668,5.663,1.089,4.454,1.047,1.0,0.0
study,1227,reject,frame_crossing+arena+ref_contact,5.28,5.602,14.63,7.484,1.273,6.723,1.895,2.0,0.0
study,1228,reject,frame_crossing+arena+ref_contact,4.059,4.211,14.716,9.221,1.0,4.059,1.063,1.0,0.0
study,1229,reject,frame_crossing+ref_contact,3.906,4.096,14.612,8.89,1.0,3.906,1.015,2.0,0.0
study,1230,reject,frame_crossing+arena+ref_contact,4.857,5.528,14.637,6.136,1.256,6.102,1.744,2.0,0.0
study,1231,reject,frame_crossing+arena+ref_contact,5.166,4.986,14.773,8.042,1.133,5.854,1.687,3.0,0.0
study,1232,reject,frame_crossing+arena+ref_contact,4.296,5.488,14.739,8.595,1.247,5.359,1.408,1.0,0.0
study,1233,reject,frame_crossing+arena+ref_contact,5.04,6.434,14.702,8.233,1.462,7.369,1.772,2.0,0.0
study,1234,reject,frame_crossing+arena+ref_contact,5.137,6.047,14.528,7.259,1.374,7.059,1.883,2.0,0.0
study,1235,reject,arena+frame_margin,4.238,5.359,14.69,7.279,1.218,5.162,1.204,0.0,0.016
study,1236,reject,frame_crossing+arena+ref_contact,4.444,5.363,14.732,8.449,1.219,5.417,1.807,2.0,0.0
study,1237,reject,arena,3.586,6.12,14.705,6.292,1.391,4.988,1.579,0.0,0.038
study,1238,reject,arena,3.871,5.699,14.665,6.99,1.295,5.014,1.058,0.0,0.051
study,1239,reject,arena+frame_margin,4.354,5.833,14.675,7.51,1.326,5.773,1.235,0.0,0.024
study,1240,reject,frame_crossing+arena+ref_contact,4.419,5.314,14.707,7.06,1.208,5.337,1.44,1.0,0.0
study,1241,reject,frame_crossing+arena+ref_contact,4.922,4.262,14.655,8.916,1.0,4.922,1.032,1.0,0.0
study,1242,reject,arena,4.051,4.718,14.708,5.625,1.072,4.344,1.148,0.0,0.038
study,1243,reject,frame_crossing+arena+ref_contact,4.56,5.384,14.584,6.94,1.224,5.58,1.398,1.0,0.0
study,1244,reject,arena+ref_contact,4.317,5.208,14.621,6.914,1.184,5.109,1.697,0.0,0.0
study,1245,reject,arena+frame_margin,4.421,5.027,14.742,8.131,1.143,5.052,2.051,0.0,0.006
study,1246,reject,arena,4.128,6.281,14.651,5.971,1.427,5.893,1.053,0.0,0.056
study,1247,reject,frame_crossing+arena+ref_contact,4.778,4.227,14.596,7.46,1.0,4.778,1.249,2.0,0.0
study,1248,reject,frame_crossing+arena+ref_contact,4.971,4.811,14.716,7.471,1.093,5.435,1.488,1.0,0.0
study,1249,reject,frame_crossing+arena+ref_contact,4.384,4.455,14.638,7.841,1.013,4.439,1.015,1.0,0.0
study,1250,pass,,3.89,4.189,14.735,6.262,1.0,3.89,1.204,0.0,0.053
study,1251,reject,frame_crossing+arena+ref_contact,4.882,6.137,14.673,6.499,1.395,6.809,1.723,2.0,0.0
study,1252,reject,frame_crossing+arena+ref_contact,4.809,5.482,14.778,8.347,1.246,5.992,1.271,1.0,0.0
study,1253,reject,frame_crossing+arena+ref_contact,4.82,5.4,14.631,8.988,1.227,5.915,1.695,2.0,0.0
study,1254,reject,frame_crossing+arena+ref_contact,4.317,5.468,14.642,8.33,1.243,5.365,1.617,1.0,0.0
study,1255,reject,arena,4.322,4.002,14.69,6.226,1.0,4.322,1.271,0.0,0.04
study,1256,reject,arena,4.338,4.373,14.601,4.409,1.0,4.338,1.779,0.0,0.037
study,1257,reject,frame_crossing+arena,4.201,4.432,14.778,6.968,1.007,4.232,1.043,1.0,0.033
study,1258,reject,frame_crossing+ref_contact,4.509,5.67,14.74,5.985,1.289,5.811,1.073,2.0,0.0
study,1259,reject,arena+frame_margin,4.824,5.726,14.703,8.483,1.301,6.278,1.779,0.0,0.008
study,1260,reject,frame_crossing+arena+ref_contact,4.912,5.882,14.686,6.485,1.337,6.566,1.253,2.0,0.0
study,1261,reject,frame_crossing+ref_contact,5.165,5.901,14.661,7.522,1.341,6.926,1.477,2.0,0.0
study,1262,reject,frame_crossing+arena+ref_contact,4.928,5.326,14.695,8.81,1.21,5.964,1.245,3.0,0.0
study,1263,reject,frame_crossing+arena+ref_contact,4.585,4.33,14.704,10.216,1.0,4.585,1.035,2.0,0.0
study,1264,reject,frame_crossing+arena+ref_contact,4.081,5.017,14.687,8.305,1.14,4.653,1.671,2.0,0.0
study,1265,reject,frame_crossing+arena+ref_contact,4.879,6.243,14.678,8.772,1.419,6.922,1.543,2.0,0.0
study,1266,reject,frame_crossing+arena+ref_contact,5.133,6.573,14.658,6.948,1.494,7.667,2.134,1.0,0.0
study,1267,reject,frame_crossing+arena+ref_contact,4.624,5.496,14.693,8.325,1.249,5.775,1.274,3.0,0.0
study,1268,reject,arena,4.356,4.95,14.784,7.982,1.125,4.901,1.921,0.0,0.039
study,1269,reject,arena,3.767,4.627,14.696,5.188,1.052,3.962,1.176,0.0,0.057
study,1270,reject,frame_crossing+arena+ref_contact,4.425,5.431,14.686,6.661,1.234,5.462,1.035,1.0,0.0
study,1271,reject,arena+frame_margin,5.164,5.726,14.641,8.48,1.301,6.72,2.037,0.0,0.017
study,1272,reject,frame_crossing+arena+ref_contact,4.658,4.412,14.69,6.389,1.003,4.67,1.263,2.0,0.0
study,1273,reject,frame_crossing+arena+ref_contact,4.453,5.272,14.651,10.234,1.198,5.336,1.481,1.0,0.0
study,1274,reject,arena,4.754,4.921,14.73,9.751,1.118,5.316,1.898,0.0,0.036
study,1275,reject,frame_crossing+arena+ref_contact,3.983,4.814,14.7,6.374,1.094,4.358,1.626,1.0,0.0
study,1276,reject,frame_crossing+ref_contact,4.731,5.349,14.787,8.443,1.216,5.752,2.164,3.0,0.0
study,1277,reject,frame_crossing+arena+ref_contact,4.94,5.73,14.741,8.52,1.302,6.432,1.133,1.0,0.0
study,1278,reject,frame_crossing+arena+ref_contact,4.32,5.082,14.644,8.667,1.155,4.99,1.181,1.0,0.0
study,1279,reject,arena,4.399,4.528,14.772,5.596,1.029,4.527,1.172,0.0,0.04
study,1280,reject,frame_crossing+arena+ref_contact,4.121,5.486,14.683,6.207,1.247,5.138,1.363,1.0,0.0
study,1281,reject,arena,4.233,5.171,14.779,8.404,1.175,4.975,1.35,0.0,0.041
study,1282,reject,frame_crossing+arena+ref_contact,4.878,6.097,14.631,6.42,1.386,6.76,1.204,4.0,0.0
study,1283,reject,frame_crossing+arena+ref_contact,4.257,5.288,14.634,7.26,1.202,5.116,1.789,1.0,0.0
study,1284,reject,frame_crossing+arena+ref_contact,4.994,6.211,14.607,8.716,1.412,7.05,1.204,2.0,0.0
study,1285,reject,frame_crossing+arena+ref_contact,4.114,4.904,14.71,8.48,1.115,4.585,1.553,1.0,0.0
study,1286,reject,frame_crossing+arena+ref_contact,4.452,6.004,14.724,6.703,1.365,6.076,1.396,1.0,0.0
study,1287,reject,arena+ref_contact,4.503,5.289,14.693,7.132,1.202,5.413,1.795,0.0,0.0
study,1288,reject,frame_crossing+arena+ref_contact,4.875,5.213,14.706,9.726,1.185,5.776,1.204,2.0,0.0
study,1289,reject,frame_crossing+arena+ref_contact,4.149,5.609,14.662,6.519,1.275,5.29,1.172,1.0,0.0
study,1290,reject,frame_crossing+arena+ref_contact,4.355,4.347,14.723,7.521,1.0,4.355,1.71,1.0,0.0
study,1291,reject,frame_crossing+ref_contact,4.52,4.61,14.729,5.792,1.048,4.736,1.063,1.0,0.0
study,1292,reject,frame_crossing+arena+ref_contact,4.51,5.175,14.662,10.235,1.176,5.304,2.049,1.0,0.0
study,1293,reject,frame_crossing+arena+ref_contact,4.584,6.09,14.638,9.587,1.384,6.345,1.506,2.0,0.0
study,1294,reject,frame_crossing+arena+ref_contact,4.373,5.203,14.692,8.242,1.183,5.172,1.172,3.0,0.0
study,1295,reject,frame_crossing+arena+ref_contact,4.922,5.907,14.554,9.544,1.343,6.608,1.747,2.0,0.0
study,1296,reject,frame_crossing+arena+ref_contact,4.465,5.482,14.466,7.03,1.246,5.562,1.015,2.0,0.0
study,1297,reject,arena,4.805,5.301,14.692,7.081,1.205,5.789,1.772,0.0,0.036
study,1298,reject,frame_crossing+arena+ref_contact,4.546,5.155,14.714,6.69,1.172,5.327,1.162,2.0,0.0
study,1299,reject,arena,4.204,4.569,14.709,6.471,1.038,4.366,1.249,0.0,0.068
study,1300,reject,frame_crossing+ref_contact,4.368,4.656,14.64,6.725,1.058,4.622,1.301,2.0,0.0
study,1301,reject,frame_crossing+arena+ref_contact,4.323,5.256,14.588,7.677,1.195,5.164,1.148,2.0,0.0
study,1302,reject,frame_crossing+arena+ref_contact,3.762,4.942,14.727,8.126,1.123,4.225,1.78,1.0,0.0
study,1303,reject,frame_crossing+arena+ref_contact,4.648,4.718,14.598,8.076,1.072,4.983,1.035,2.0,0.0
study,1304,reject,frame_crossing+arena+frame_margin,4.36,5.127,14.688,8.711,1.165,5.08,1.026,1.0,0.001
study,1305,reject,frame_crossing+arena+ref_contact,4.632,6.554,14.681,5.588,1.49,6.901,1.337,1.0,0.0
study,1306,reject,frame_crossing+frame_margin,3.946,5.154,14.645,7.346,1.171,4.622,1.181,1.0,0.02
study,1307,reject,frame_crossing+arena+ref_contact,4.323,6.573,14.695,5.863,1.494,6.458,1.335,2.0,0.0
study,1308,reject,frame_crossing+arena+ref_contact,4.674,5.352,14.744,9.564,1.216,5.685,1.263,3.0,0.0
study,1309,reject,frame_crossing+arena+ref_contact,4.528,4.702,14.697,6.564,1.069,4.839,1.595,1.0,0.0
study,1310,reject,frame_crossing+arena+ref_contact,4.557,5.219,14.687,6.198,1.186,5.405,1.13,1.0,0.0
study,1311,reject,frame_crossing+arena+ref_contact,4.781,4.777,14.675,6.921,1.086,5.19,1.103,1.0,0.0
study,1312,reject,frame_crossing+arena+ref_contact,4.491,3.95,14.66,7.154,1.0,4.491,1.372,2.0,0.0
study,1313,reject,frame_crossing+arena+ref_contact,4.332,3.732,14.773,5.727,1.0,4.332,1.072,1.0,0.0
study,1314,reject,frame_crossing+arena+ref_contact,5.05,4.82,14.577,8.505,1.095,5.532,1.333,3.0,0.0
study,1315,reject,frame_crossing+arena+frame_margin,4.052,4.189,14.591,6.157,1.0,4.052,1.398,1.0,0.005
study,1316,reject,frame_crossing+arena+ref_contact,4.43,5.147,14.772,9.215,1.17,5.181,1.097,3.0,0.0
study,1317,reject,frame_crossing+arena+ref_contact,4.465,4.837,14.715,6.839,1.099,4.909,1.249,1.0,0.0
study,1318,pass,,3.699,5.51,14.706,6.04,1.252,4.632,1.488,0.0,0.036
