role,seed,status,reasons,plan_lap_s,v_peak,thrust_peak,max_angle_deg,stretch,lap_stretched_s,min_gate_gap,n_frame_crossings,frame_margin_m
train,200000,reject,frame_crossing+arena+ref_contact,5.241,5.711,14.693,10.883,1.298,6.802,2.36,2.0,0.0
train,200001,reject,frame_crossing+ref_contact,3.967,5.192,14.784,5.81,1.18,4.682,2.029,1.0,0.0
train,200002,reject,frame_crossing+arena+ref_contact,4.521,5.112,14.71,7.7,1.162,5.252,1.609,2.0,0.0
train,200003,reject,frame_crossing+arena+ref_contact,4.89,5.546,14.694,8.995,1.26,6.164,1.845,3.0,0.0
train,200004,reject,frame_crossing+ref_contact,4.49,4.938,14.535,7.426,1.122,5.039,1.073,1.0,0.0
train,200005,reject,frame_crossing+arena+ref_contact,5.218,5.904,14.733,7.733,1.342,7.001,1.172,2.0,0.0
train,200006,reject,frame_crossing+arena+ref_contact,4.631,4.667,14.691,5.89,1.061,4.912,1.433,1.0,0.0
train,200007,reject,arena+frame_margin,4.418,5.523,14.569,8.273,1.255,5.546,1.789,0.0,0.009
train,200008,reject,frame_crossing+arena+ref_contact,4.606,5.625,14.731,6.723,1.278,5.888,1.205,1.0,0.0
train,200009,reject,arena,4.566,6.143,14.704,7.674,1.396,6.375,1.176,0.0,0.044
train,200010,reject,frame_crossing+arena+ref_contact,4.661,5.806,14.78,7.283,1.32,6.15,1.747,3.0,0.0
train,200011,reject,arena+frame_margin,3.975,4.667,14.681,8.118,1.061,4.215,1.171,0.0,0.013
train,200012,reject,frame_crossing+arena+ref_contact,4.595,5.905,14.726,9.604,1.342,6.167,2.72,3.0,0.0
train,200013,reject,frame_crossing+ref_contact,4.708,5.477,14.639,7.962,1.245,5.861,1.031,3.0,0.0
train,200014,reject,frame_crossing+arena+ref_contact,4.61,5.359,14.568,7.124,1.218,5.615,1.56,2.0,0.0
train,200015,reject,frame_crossing+arena+ref_contact,4.594,6.34,14.624,5.956,1.441,6.619,1.029,1.0,0.0
train,200016,reject,frame_crossing+arena+ref_contact,4.708,5.155,14.728,8.897,1.172,5.515,1.133,2.0,0.0
train,200017,reject,frame_crossing+arena+frame_margin,4.623,6.022,14.701,6.198,1.369,6.326,1.031,1.0,0.015
train,200018,reject,frame_crossing+arena+ref_contact,4.362,5.699,14.726,8.089,1.295,5.65,1.523,1.0,0.0
train,200019,reject,frame_crossing+arena+ref_contact,4.95,5.353,14.626,6.682,1.217,6.022,1.766,2.0,0.0
train,200020,reject,frame_crossing+arena+ref_contact,4.692,5.586,14.647,9.748,1.27,5.958,1.795,2.0,0.0
train,200021,pass,,4.325,5.143,14.463,9.371,1.169,5.055,1.263,0.0,0.039
train,200022,reject,frame_crossing+arena+ref_contact,3.958,4.224,14.722,8.263,1.0,3.958,1.031,1.0,0.0
train,200023,reject,frame_crossing+arena+ref_contact,5.0,6.719,14.745,8.447,1.527,7.635,1.383,2.0,0.0
train,200024,reject,frame_crossing+arena+ref_contact,5.512,5.776,14.562,8.613,1.313,7.236,2.677,2.0,0.0
train,200025,reject,frame_crossing+arena+ref_contact,4.628,6.438,14.622,7.058,1.463,6.772,1.031,3.0,0.0
train,200026,reject,frame_crossing+arena+ref_contact,4.667,4.089,14.591,8.106,1.0,4.667,1.228,2.0,0.0
train,200027,reject,frame_crossing+arena+ref_contact,4.979,5.152,14.731,9.267,1.171,5.829,1.043,3.0,0.0
train,200028,reject,frame_crossing+arena+ref_contact,4.09,4.287,14.661,5.667,1.0,4.09,1.523,1.0,0.0
train,200029,reject,frame_crossing+arena+ref_contact,4.848,5.287,14.746,8.784,1.202,5.826,1.92,2.0,0.0
train,200030,reject,frame_crossing+arena+ref_contact,3.76,3.922,14.722,6.883,1.0,3.76,1.097,1.0,0.0
train,200031,reject,arena,4.526,5.156,14.597,8.068,1.172,5.304,1.235,0.0,0.042
train,200032,reject,frame_crossing+arena+ref_contact,5.094,6.631,14.723,8.504,1.507,7.676,2.517,1.0,0.0
train,200033,reject,frame_crossing+arena+ref_contact,4.979,5.58,14.7,6.112,1.268,6.314,1.323,1.0,0.0
train,200034,reject,frame_crossing+ref_contact,4.456,4.929,14.75,7.847,1.12,4.992,1.481,2.0,0.0
train,200035,reject,arena,3.988,5.028,14.651,8.795,1.143,4.557,1.035,0.0,0.036
train,200036,reject,frame_crossing+ref_contact,4.543,4.935,14.611,5.948,1.122,5.096,1.626,2.0,0.0
train,200037,reject,frame_crossing+arena+ref_contact,5.071,5.432,14.739,8.412,1.234,6.261,1.032,2.0,0.0
train,200038,reject,frame_crossing+arena+ref_contact,4.748,5.502,14.637,8.135,1.251,5.937,1.699,2.0,0.0
train,200039,reject,frame_crossing+arena+ref_contact,4.626,5.548,14.758,9.041,1.261,5.833,1.837,1.0,0.0
train,200040,reject,frame_crossing+arena+ref_contact,5.242,5.988,14.512,7.463,1.361,7.134,1.405,4.0,0.0
train,200041,reject,frame_crossing+ref_contact,4.568,5.714,14.568,7.02,1.299,5.932,1.333,1.0,0.0
train,200042,reject,arena,4.689,5.914,14.657,8.494,1.344,6.302,1.761,0.0,0.031
train,200043,reject,arena+frame_margin,4.361,5.947,14.607,6.538,1.352,5.894,1.249,0.0,0.02
train,200044,reject,frame_crossing+arena+ref_contact,4.441,5.918,14.749,8.549,1.345,5.974,1.5,2.0,0.0
train,200045,reject,frame_crossing+arena+ref_contact,4.512,6.428,14.597,5.915,1.461,6.591,1.403,1.0,0.0
train,200046,reject,arena+frame_margin,4.288,4.262,14.602,7.53,1.0,4.288,1.026,0.0,0.025
train,200047,reject,frame_crossing+arena+frame_margin,4.417,5.802,14.639,6.289,1.319,5.824,1.176,1.0,0.005
train,200048,reject,arena,4.821,5.87,14.707,8.042,1.334,6.432,1.249,0.0,0.042
train,200049,reject,frame_crossing+arena+ref_contact,4.266,3.954,14.708,5.47,1.0,4.266,1.109,1.0,0.0
train,200050,reject,frame_crossing+arena+ref_contact,4.775,6.156,14.748,7.482,1.399,6.68,1.109,2.0,0.0
train,200051,reject,frame_crossing+arena+ref_contact,4.454,4.791,14.825,7.577,1.089,4.851,1.031,1.0,0.0
train,200052,reject,arena+ref_contact,4.317,5.143,14.722,7.653,1.169,5.046,1.266,0.0,0.0
train,200053,reject,arena,4.286,4.444,14.737,5.282,1.01,4.328,1.148,0.0,0.036
train,200054,reject,frame_crossing+arena+ref_contact,4.86,6.506,14.646,8.801,1.479,7.186,1.47,1.0,0.0
train,200055,reject,frame_crossing+arena+ref_contact,4.789,6.445,14.738,6.377,1.465,7.015,1.015,2.0,0.0
train,200056,reject,frame_crossing+ref_contact,4.604,5.392,14.711,7.107,1.225,5.642,1.148,2.0,0.0
train,200057,reject,arena,4.792,4.779,14.675,5.664,1.086,5.206,1.118,0.0,0.036
train,200058,reject,frame_crossing+arena+ref_contact,4.145,4.643,14.754,5.868,1.055,4.374,1.077,1.0,0.0
train,200059,reject,frame_crossing+ref_contact,4.865,4.87,14.638,7.247,1.107,5.384,1.436,3.0,0.0
train,200060,reject,frame_crossing+arena+ref_contact,4.658,5.374,14.751,7.964,1.221,5.69,1.921,3.0,0.0
train,200061,reject,frame_crossing+arena+ref_contact,4.773,4.582,14.716,8.316,1.041,4.97,1.128,1.0,0.0
train,200062,reject,arena,4.632,6.136,14.668,7.126,1.395,6.46,1.571,0.0,0.037
train,200063,reject,frame_crossing+arena+ref_contact,4.569,4.502,14.689,7.951,1.023,4.674,1.063,1.0,0.0
train,200064,reject,arena,4.218,5.146,14.609,6.726,1.17,4.934,1.348,0.0,0.037
train,200065,reject,frame_crossing+arena+ref_contact,4.708,5.929,14.606,7.125,1.348,6.344,1.928,2.0,0.0
train,200066,reject,frame_crossing+arena+ref_contact,5.325,4.92,14.728,9.97,1.118,5.953,2.167,2.0,0.0
train,200067,reject,frame_crossing+arena+ref_contact,3.999,3.588,14.672,7.001,1.0,3.999,1.133,1.0,0.0
train,200068,reject,frame_crossing+ref_contact,4.666,5.355,14.737,7.147,1.217,5.679,1.436,1.0,0.0
train,200069,reject,frame_crossing+arena+ref_contact,4.609,3.879,14.594,5.754,1.0,4.609,1.263,1.0,0.0
train,200070,reject,arena+frame_margin,4.507,5.673,14.635,5.94,1.289,5.811,1.205,0.0,0.006
train,200071,reject,arena+ref_contact,4.466,5.354,14.572,6.973,1.217,5.434,1.047,0.0,0.0
train,200072,reject,frame_crossing+arena+ref_contact,4.444,5.645,14.567,6.941,1.283,5.701,1.951,1.0,0.0
train,200073,reject,frame_crossing+arena+ref_contact,4.188,4.895,14.693,10.13,1.112,4.659,1.263,1.0,0.0
train,200074,reject,frame_crossing+arena+ref_contact,4.66,4.185,14.678,7.675,1.0,4.66,1.253,2.0,0.0
train,200075,reject,frame_crossing+arena+ref_contact,4.649,4.998,14.615,7.018,1.136,5.281,1.249,1.0,0.0
train,200076,reject,frame_crossing+arena+ref_contact,5.106,5.886,14.719,9.873,1.338,6.83,1.053,1.0,0.0
train,200077,reject,frame_crossing+arena+ref_contact,4.853,5.484,14.598,7.773,1.246,6.049,1.058,4.0,0.0
train,200078,reject,frame_crossing+arena+ref_contact,4.812,6.524,14.618,9.148,1.483,7.135,1.56,1.0,0.0
train,200079,reject,frame_crossing+arena+ref_contact,4.557,5.793,14.715,10.166,1.317,5.999,2.075,3.0,0.0
train,200080,reject,arena+frame_margin,4.505,4.956,14.7,7.298,1.126,5.074,1.488,0.0,0.003
train,200081,reject,frame_crossing+arena+frame_margin,4.319,5.85,14.779,9.772,1.33,5.742,1.13,1.0,0.005
train,200082,reject,frame_crossing+arena+ref_contact,3.962,5.393,14.763,6.583,1.226,4.857,1.547,1.0,0.0
train,200083,pass,,3.897,3.919,14.771,6.968,1.0,3.897,1.564,0.0,0.044
train,200084,reject,ref_contact,4.181,5.077,14.768,8.089,1.154,4.825,1.362,0.0,0.0
train,200085,reject,frame_crossing+arena+ref_contact,4.285,5.324,14.79,8.309,1.21,5.184,1.103,1.0,0.0
train,200086,reject,frame_crossing+ref_contact,4.195,4.52,14.721,6.711,1.027,4.309,1.4,1.0,0.0
train,200087,reject,frame_crossing+arena+ref_contact,4.453,4.965,14.628,8.152,1.129,5.025,1.13,1.0,0.0
train,200088,reject,frame_crossing+ref_contact,4.539,4.589,14.745,9.468,1.043,4.734,1.047,1.0,0.0
train,200089,reject,frame_crossing+arena+ref_contact,4.692,6.129,14.757,7.096,1.393,6.535,1.133,1.0,0.0
train,200090,reject,arena+frame_margin,4.687,5.223,14.639,6.654,1.187,5.564,1.103,0.0,0.02
train,200091,reject,frame_crossing+arena+ref_contact,4.08,4.54,14.745,8.519,1.032,4.21,1.596,2.0,0.0
train,200092,reject,frame_crossing+arena+ref_contact,4.684,6.595,14.664,9.148,1.499,7.02,1.547,2.0,0.0
train,200093,reject,frame_crossing+arena+ref_contact,4.622,5.233,14.643,10.33,1.189,5.496,2.051,1.0,0.0
train,200094,reject,frame_crossing+arena+ref_contact,4.373,5.895,14.716,9.883,1.34,5.859,1.793,1.0,0.0
train,200095,reject,frame_crossing+arena+ref_contact,4.506,5.349,14.756,10.767,1.216,5.478,1.37,3.0,0.0
train,200096,reject,arena+frame_margin,4.694,5.802,14.442,6.878,1.319,6.189,1.109,0.0,0.027
train,200097,reject,arena+frame_margin,4.188,4.136,14.616,6.656,1.0,4.188,1.204,0.0,0.004
train,200098,reject,frame_margin,4.078,4.961,14.728,5.476,1.127,4.597,1.072,0.0,0.018
train,200099,reject,arena+frame_margin,4.449,6.013,14.702,5.896,1.367,6.08,1.844,0.0,0.004
train,200100,reject,frame_crossing+arena+ref_contact,4.878,4.856,14.75,6.503,1.104,5.384,1.047,2.0,0.0
train,200101,reject,frame_crossing+arena+ref_contact,4.199,6.509,14.662,6.222,1.479,6.212,1.301,2.0,0.0
train,200102,reject,frame_crossing+arena+ref_contact,4.929,5.211,14.745,9.11,1.184,5.837,1.133,3.0,0.0
train,200103,reject,frame_margin,4.145,5.306,14.669,5.361,1.206,4.999,1.694,0.0,0.026
train,200104,reject,frame_crossing+arena+ref_contact,4.093,5.844,14.649,5.714,1.328,5.436,1.249,2.0,0.0
train,200105,reject,frame_crossing+arena+ref_contact,4.554,5.82,14.672,6.086,1.323,6.024,2.298,2.0,0.0
train,200106,reject,frame_crossing+arena+ref_contact,4.953,5.234,14.667,8.399,1.19,5.892,2.054,3.0,0.0
train,200107,reject,frame_crossing+ref_contact,4.352,4.314,14.693,6.166,1.0,4.352,1.035,1.0,0.0
train,200108,reject,arena+frame_margin,5.198,5.796,14.654,6.62,1.317,6.847,1.663,0.0,0.009
train,200109,reject,frame_crossing+arena+ref_contact,4.02,5.579,14.635,7.317,1.268,5.097,1.077,2.0,0.0
train,200110,reject,frame_crossing+arena+ref_contact,4.329,6.361,14.736,7.157,1.446,6.259,1.335,2.0,0.0
train,200111,reject,frame_crossing+arena+ref_contact,4.254,4.123,14.696,7.544,1.0,4.254,1.031,1.0,0.0
train,200112,reject,frame_crossing+arena+ref_contact,4.558,5.46,14.712,10.96,1.241,5.656,1.063,1.0,0.0
train,200113,reject,frame_crossing+ref_contact,4.567,5.376,14.748,10.346,1.222,5.58,1.171,3.0,0.0
train,200114,reject,arena+frame_margin,4.841,4.97,14.717,7.483,1.129,5.468,1.245,0.0,0.014
train,200115,reject,arena,4.139,5.468,14.607,8.236,1.243,5.144,1.035,0.0,0.036
train,200116,reject,frame_crossing+arena+ref_contact,4.511,5.233,14.639,6.162,1.189,5.365,1.172,1.0,0.0
train,200117,reject,arena,3.912,4.902,14.68,6.599,1.114,4.359,1.506,0.0,0.032
train,200118,reject,frame_crossing+arena+ref_contact,3.792,4.582,14.61,5.829,1.041,3.949,1.253,1.0,0.0
train,200119,reject,frame_crossing+ref_contact,4.832,5.956,14.737,6.088,1.354,6.541,1.333,1.0,0.0
train,200120,reject,frame_crossing+ref_contact,4.213,5.279,14.621,8.217,1.2,5.054,1.249,1.0,0.0
train,200121,reject,frame_crossing+ref_contact,3.78,4.609,14.604,5.779,1.047,3.959,1.181,1.0,0.0
train,200122,reject,frame_crossing+arena+ref_contact,4.698,5.081,14.58,8.018,1.155,5.425,1.301,4.0,0.0
train,200123,reject,arena,3.957,4.705,14.735,7.184,1.069,4.231,1.077,0.0,0.05
train,200124,reject,frame_crossing+arena+ref_contact,4.545,5.966,14.727,7.029,1.356,6.162,1.043,1.0,0.0
train,200125,reject,frame_crossing+arena+ref_contact,4.8,6.267,14.64,9.025,1.424,6.836,2.206,2.0,0.0
train,200126,reject,frame_crossing+arena+ref_contact,4.39,4.332,14.738,9.484,1.0,4.39,1.063,1.0,0.0
train,200127,reject,frame_crossing+arena+ref_contact,4.732,4.11,14.526,6.364,1.0,4.732,1.323,1.0,0.0
train,200128,reject,arena,4.533,3.912,14.642,5.3,1.0,4.533,1.031,0.0,0.038
train,200129,reject,arena+ref_contact,3.983,5.011,14.655,5.479,1.139,4.536,1.372,0.0,0.0
train,200130,reject,arena+frame_margin,4.328,5.27,14.776,6.063,1.198,5.184,1.335,0.0,0.01
train,200131,reject,frame_crossing+arena+ref_contact,4.626,4.974,14.689,8.438,1.13,5.23,2.002,1.0,0.0
train,200132,reject,frame_crossing+arena+ref_contact,4.323,4.967,14.552,6.59,1.129,4.88,1.542,1.0,0.0
train,200133,reject,frame_crossing+arena+ref_contact,4.708,5.448,14.712,11.031,1.238,5.829,1.403,2.0,0.0
train,200134,reject,arena,4.436,4.973,14.686,8.205,1.13,5.014,1.097,0.0,0.035
train,200135,reject,frame_crossing+ref_contact,4.918,5.792,14.667,7.452,1.316,6.474,2.298,4.0,0.0
train,200136,reject,frame_crossing+arena+ref_contact,4.455,5.746,14.672,6.428,1.306,5.818,1.799,1.0,0.0
train,200137,reject,frame_crossing+ref_contact,4.662,5.671,14.695,9.73,1.289,6.008,2.075,3.0,0.0
train,200138,reject,frame_crossing+arena+ref_contact,4.113,4.486,14.722,8.44,1.02,4.194,1.107,1.0,0.0
train,200139,reject,frame_crossing+arena+ref_contact,4.346,5.36,14.752,7.034,1.218,5.295,1.172,2.0,0.0
train,200140,reject,frame_crossing+arena+ref_contact,4.272,4.808,14.464,7.288,1.093,4.668,1.547,1.0,0.0
train,200141,reject,frame_crossing+arena+ref_contact,4.998,6.558,14.702,7.968,1.491,7.449,1.133,1.0,0.0
train,200142,reject,frame_crossing+ref_contact,4.522,5.139,14.798,9.569,1.168,5.281,1.204,3.0,0.0
train,200143,reject,frame_crossing+arena+ref_contact,4.301,4.608,14.736,8.615,1.047,4.504,1.189,1.0,0.0
train,200144,reject,arena,4.229,6.297,14.72,6.806,1.431,6.053,1.617,0.0,0.04
train,200145,reject,frame_crossing+arena+ref_contact,4.724,5.633,14.754,9.731,1.28,6.047,1.831,2.0,0.0
train,200146,reject,frame_crossing+arena+ref_contact,4.318,4.68,14.64,8.15,1.064,4.593,1.13,1.0,0.0
train,200147,reject,arena+ref_contact,4.443,5.781,14.77,7.473,1.314,5.837,1.103,0.0,0.0
train,200148,reject,frame_crossing+ref_contact,4.085,5.303,14.655,6.62,1.205,4.924,1.35,1.0,0.0
train,200149,reject,frame_crossing+arena+ref_contact,4.704,6.097,14.679,6.118,1.386,6.518,1.072,1.0,0.0
train,200150,reject,arena,4.246,4.867,14.661,5.492,1.106,4.697,1.403,0.0,0.046
train,200151,reject,frame_crossing+arena+ref_contact,4.648,4.937,14.657,6.016,1.122,5.215,1.491,1.0,0.0
train,200152,reject,frame_crossing+ref_contact,5.041,5.226,14.692,6.849,1.188,5.988,1.077,1.0,0.0
train,200153,reject,arena+ref_contact,4.535,6.242,14.618,5.897,1.419,6.434,1.301,0.0,0.0
train,200154,reject,arena,4.144,4.079,14.725,6.735,1.0,4.144,1.043,0.0,0.04
train,200155,reject,frame_crossing+ref_contact,4.279,5.782,14.747,7.378,1.314,5.624,1.44,1.0,0.0
train,200156,reject,arena+ref_contact,4.352,3.961,14.748,6.983,1.0,4.352,1.181,0.0,0.0
train,200157,reject,frame_margin,4.26,4.334,14.684,5.655,1.0,4.26,1.271,0.0,0.001
train,200158,reject,frame_crossing+arena+ref_contact,4.716,4.981,14.664,6.76,1.132,5.339,1.097,3.0,0.0
train,200159,reject,frame_crossing+arena+ref_contact,4.725,6.123,14.627,8.554,1.392,6.575,1.654,3.0,0.0
train,200160,reject,frame_crossing+arena+ref_contact,4.667,4.885,14.688,7.516,1.11,5.181,1.311,1.0,0.0
train,200161,reject,frame_crossing+arena+ref_contact,4.624,5.442,14.739,8.903,1.237,5.719,1.758,2.0,0.0
train,200162,reject,frame_crossing+arena+ref_contact,5.006,5.464,14.696,9.452,1.242,6.216,1.816,2.0,0.0
train,200163,reject,frame_crossing+arena+ref_contact,4.767,5.564,14.759,8.59,1.265,6.029,1.267,1.0,0.0
train,200164,reject,frame_crossing+arena+ref_contact,4.597,5.801,14.742,9.535,1.318,6.062,1.543,2.0,0.0
train,200165,reject,frame_crossing+arena+ref_contact,4.605,4.676,14.517,7.843,1.063,4.894,1.66,2.0,0.0
train,200166,reject,frame_crossing+arena+ref_contact,4.759,5.137,14.728,9.875,1.167,5.556,1.856,2.0,0.0
train,200167,reject,frame_crossing+arena+ref_contact,4.014,4.341,14.663,6.358,1.0,4.014,1.204,1.0,0.0
train,200168,reject,ref_contact,4.558,4.262,14.73,4.418,1.0,4.558,1.029,0.0,0.0
train,200169,reject,frame_crossing+arena+ref_contact,4.743,5.223,14.692,9.442,1.187,5.63,1.267,1.0,0.0
train,200170,reject,frame_crossing+arena+ref_contact,4.185,3.817,14.755,8.629,1.0,4.185,1.671,1.0,0.0
train,200171,reject,frame_crossing+arena+ref_contact,4.36,4.428,14.684,6.06,1.006,4.388,1.542,1.0,0.0
train,200172,reject,frame_crossing+arena+ref_contact,4.491,4.429,14.556,7.301,1.007,4.521,1.153,1.0,0.0
train,200173,reject,arena,4.59,4.913,14.64,6.498,1.117,5.125,1.172,0.0,0.037
train,200174,reject,arena,4.346,4.815,14.705,9.185,1.094,4.756,1.712,0.0,0.038
train,200175,reject,frame_crossing+arena+ref_contact,4.743,4.985,14.703,8.035,1.133,5.375,1.433,1.0,0.0
train,200176,reject,frame_crossing+arena+ref_contact,4.755,4.55,14.661,7.203,1.034,4.918,1.403,2.0,0.0
train,200177,reject,frame_crossing+arena+ref_contact,4.391,5.313,14.612,8.213,1.208,5.303,1.327,3.0,0.0
train,200178,reject,frame_crossing+arena+frame_margin,4.021,4.647,14.701,7.161,1.056,4.247,1.133,1.0,0.009
train,200179,reject,frame_crossing+arena+ref_contact,4.38,4.809,14.693,10.023,1.093,4.788,1.063,2.0,0.0
train,200180,reject,frame_crossing+ref_contact,4.047,4.692,14.687,8.549,1.066,4.316,1.644,2.0,0.0
train,200181,reject,frame_crossing+arena+ref_contact,4.822,5.226,14.673,8.891,1.188,5.727,1.639,1.0,0.0
train,200182,reject,frame_crossing+arena+ref_contact,4.67,6.206,14.639,5.83,1.411,6.587,1.529,1.0,0.0
train,200183,reject,frame_crossing+arena+ref_contact,4.396,3.373,14.615,5.272,1.0,4.396,1.153,1.0,0.0
train,200184,reject,frame_crossing+arena+ref_contact,4.462,5.18,14.59,8.431,1.177,5.252,1.328,1.0,0.0
train,200185,reject,frame_crossing+ref_contact,4.345,4.879,14.614,6.826,1.109,4.819,1.941,1.0,0.0
train,200186,reject,frame_crossing+arena+ref_contact,4.416,4.458,14.789,6.269,1.013,4.474,1.609,2.0,0.0
train,200187,reject,frame_crossing+arena+ref_contact,4.399,6.317,14.695,8.116,1.436,6.315,1.547,2.0,0.0
train,200188,reject,arena,3.88,4.848,14.736,5.534,1.102,4.275,1.029,0.0,0.063
train,200189,reject,frame_crossing+arena+ref_contact,4.643,3.275,14.518,4.679,1.0,4.643,1.073,1.0,0.0
train,200190,reject,frame_crossing+arena+ref_contact,4.452,5.2,14.731,6.074,1.182,5.261,1.687,1.0,0.0
train,200191,reject,frame_crossing+arena+ref_contact,4.921,5.905,14.597,5.755,1.342,6.603,2.019,3.0,0.0
train,200192,reject,arena,4.11,4.583,14.728,8.018,1.042,4.282,1.043,0.0,0.049
train,200193,reject,frame_crossing+arena+ref_contact,4.317,4.923,14.647,5.991,1.119,4.83,1.451,2.0,0.0
train,200194,reject,arena,4.221,4.788,14.613,8.088,1.088,4.593,1.854,0.0,0.067
train,200195,reject,frame_crossing+arena+ref_contact,4.859,6.151,14.64,7.736,1.398,6.792,1.873,1.0,0.0
train,200196,reject,frame_crossing+arena+ref_contact,4.467,5.616,14.67,9.033,1.276,5.702,1.873,2.0,0.0
train,200197,reject,frame_crossing+arena+ref_contact,4.292,6.668,14.6,7.636,1.515,6.504,1.172,1.0,0.0
train,200198,reject,frame_crossing+arena+ref_contact,4.73,6.371,14.692,9.133,1.448,6.849,1.62,4.0,0.0
train,200199,reject,frame_crossing+arena+ref_contact,5.091,5.392,14.766,9.73,1.226,6.239,2.769,1.0,0.0
train,200200,reject,arena,3.859,5.178,14.711,6.54,1.177,4.541,1.176,0.0,0.037
train,200201,reject,arena,4.408,6.077,14.72,6.464,1.381,6.088,1.231,0.0,0.036
train,200202,reject,arena+ref_contact,4.867,5.903,14.687,8.348,1.342,6.529,1.892,0.0,0.0
train,200203,reject,frame_crossing+arena+ref_contact,4.917,5.85,14.708,8.227,1.33,6.537,2.429,2.0,0.0
train,200204,reject,frame_crossing+arena+ref_contact,4.585,6.078,14.654,9.21,1.381,6.334,1.994,3.0,0.0
train,200205,reject,frame_crossing+arena+ref_contact,4.736,3.913,14.741,5.468,1.0,4.736,1.37,1.0,0.0
train,200206,reject,frame_crossing+arena+ref_contact,4.518,3.974,14.63,7.156,1.0,4.518,1.026,2.0,0.0
train,200207,reject,frame_crossing+arena+ref_contact,4.643,6.22,14.732,7.301,1.414,6.564,1.614,1.0,0.0
train,200208,reject,frame_crossing+arena+ref_contact,4.315,6.634,14.757,8.057,1.508,6.506,1.158,1.0,0.0
train,200209,reject,frame_crossing+arena+ref_contact,4.27,4.811,14.663,8.593,1.093,4.668,1.339,1.0,0.0
train,200210,reject,frame_crossing+arena+ref_contact,4.907,5.783,14.618,6.711,1.314,6.449,1.162,3.0,0.0
train,200211,reject,frame_crossing+arena+frame_margin,4.523,5.315,14.634,7.041,1.208,5.464,1.228,1.0,0.008
train,200212,reject,frame_crossing+arena+ref_contact,4.432,5.476,14.75,9.729,1.245,5.516,1.031,1.0,0.0
train,200213,reject,frame_crossing+arena+ref_contact,4.604,6.327,14.586,6.006,1.438,6.62,1.073,3.0,0.0
train,200214,reject,frame_crossing+arena+ref_contact,4.108,5.338,14.72,8.241,1.213,4.984,1.13,2.0,0.0
train,200215,reject,frame_crossing+arena+ref_contact,4.779,6.511,14.755,8.805,1.48,7.072,1.758,2.0,0.0
train,200216,reject,frame_crossing+arena+ref_contact,4.392,5.918,14.654,6.374,1.345,5.907,1.654,1.0,0.0
train,200217,reject,frame_crossing+arena+ref_contact,4.316,5.721,14.684,7.054,1.3,5.613,1.077,1.0,0.0
train,200218,reject,arena+ref_contact,5.012,5.725,14.697,9.684,1.301,6.521,1.545,0.0,0.0
train,200219,reject,frame_crossing+arena+ref_contact,5.008,5.385,14.542,7.196,1.224,6.129,1.651,2.0,0.0
train,200220,reject,frame_crossing+arena+ref_contact,4.796,5.691,14.717,6.501,1.293,6.203,1.245,2.0,0.0
train,200221,reject,frame_crossing+arena+ref_contact,4.578,5.442,14.752,8.229,1.237,5.661,1.271,2.0,0.0
train,200222,reject,frame_crossing+arena+ref_contact,4.778,5.222,14.745,8.07,1.187,5.67,1.103,2.0,0.0
train,200223,reject,frame_crossing+arena+ref_contact,4.792,4.708,14.621,10.306,1.07,5.127,1.474,4.0,0.0
train,200224,reject,arena,4.104,4.055,14.692,5.551,1.0,4.104,1.451,0.0,0.034
train,200225,reject,frame_crossing+arena+ref_contact,4.271,5.894,14.74,8.638,1.34,5.721,1.219,2.0,0.0
train,200226,reject,frame_crossing+ref_contact,3.349,4.277,14.636,6.622,1.0,3.349,1.434,2.0,0.0
train,200227,reject,frame_crossing+arena+ref_contact,4.466,5.507,14.739,7.817,1.252,5.589,1.073,2.0,0.0
train,200228,reject,frame_crossing+arena+ref_contact,4.488,5.53,14.615,7.322,1.257,5.641,1.372,2.0,0.0
train,200229,reject,arena+ref_contact,4.481,5.558,14.647,8.373,1.263,5.661,1.764,0.0,0.0
train,200230,reject,frame_crossing+arena+ref_contact,4.835,5.201,14.484,8.109,1.182,5.715,2.266,1.0,0.0
train,200231,reject,frame_crossing+arena+ref_contact,4.602,6.263,14.713,7.22,1.423,6.55,1.694,1.0,0.0
train,200232,reject,frame_crossing+arena+ref_contact,4.351,5.336,14.668,7.7,1.213,5.277,1.372,2.0,0.0
train,200233,reject,frame_crossing+arena+ref_contact,5.229,5.704,14.659,9.107,1.296,6.78,2.026,2.0,0.0
train,200234,reject,frame_crossing+arena+ref_contact,4.428,5.698,14.75,6.449,1.295,5.735,1.263,2.0,0.0
train,200235,reject,arena,4.528,5.543,14.64,6.435,1.26,5.704,1.28,0.0,0.042
train,200236,reject,frame_crossing+arena+ref_contact,4.721,4.651,14.699,6.105,1.057,4.99,1.107,1.0,0.0
train,200237,reject,arena,3.912,5.95,14.713,6.441,1.352,5.29,1.176,0.0,0.051
train,200238,reject,frame_crossing+arena+ref_contact,4.862,4.747,14.672,8.085,1.079,5.245,1.854,1.0,0.0
train,200239,reject,frame_crossing+arena+frame_margin,4.468,4.681,14.567,7.263,1.064,4.753,1.026,2.0,0.016
train,200240,reject,frame_crossing+ref_contact,4.612,5.373,14.732,6.755,1.221,5.632,1.911,2.0,0.0
train,200241,reject,frame_crossing+arena+ref_contact,4.556,5.724,14.662,7.305,1.301,5.927,1.015,2.0,0.0
train,200242,reject,frame_crossing+arena+ref_contact,4.63,5.553,14.772,9.424,1.262,5.844,1.706,2.0,0.0
train,200243,reject,frame_crossing+arena+ref_contact,4.343,4.801,14.695,6.894,1.091,4.739,1.205,1.0,0.0
train,200244,reject,frame_crossing+arena+ref_contact,3.784,4.353,14.736,7.68,1.0,3.784,1.266,2.0,0.0
train,200245,reject,frame_crossing+arena+ref_contact,4.664,4.949,14.547,6.607,1.125,5.246,1.267,1.0,0.0
train,200246,reject,frame_crossing+arena+ref_contact,4.023,4.981,14.698,8.264,1.132,4.555,1.063,2.0,0.0
train,200247,reject,frame_crossing+arena+ref_contact,4.602,5.51,14.703,8.758,1.252,5.763,1.987,1.0,0.0
train,200248,reject,frame_crossing+arena+ref_contact,4.438,4.692,14.692,5.959,1.066,4.732,1.118,2.0,0.0
train,200249,reject,frame_crossing+arena+ref_contact,4.21,6.535,14.733,5.821,1.485,6.253,1.617,2.0,0.0
train,200250,reject,frame_crossing+arena+ref_contact,4.597,5.743,14.744,9.464,1.305,5.999,1.582,2.0,0.0
train,200251,reject,frame_crossing+arena+ref_contact,4.669,6.273,14.758,6.615,1.426,6.657,1.097,1.0,0.0
train,200252,reject,frame_crossing+arena+ref_contact,5.3,6.193,14.589,7.678,1.408,7.46,1.4,2.0,0.0
train,200253,pass,,4.356,4.048,14.461,7.491,1.0,4.356,1.035,0.0,0.032
train,200254,reject,frame_crossing+ref_contact,4.451,4.834,14.747,9.47,1.099,4.89,1.103,1.0,0.0
train,200255,reject,frame_crossing+arena+ref_contact,4.857,6.805,14.701,6.613,1.547,7.512,1.063,3.0,0.0
train,200256,reject,frame_crossing+arena+ref_contact,4.75,4.558,14.613,8.242,1.036,4.921,1.015,2.0,0.0
train,200257,reject,frame_crossing+arena+ref_contact,4.917,5.368,14.787,8.687,1.22,5.999,1.293,3.0,0.0
train,200258,reject,frame_crossing+ref_contact,4.863,5.181,14.723,8.532,1.178,5.726,1.363,2.0,0.0
train,200259,reject,frame_crossing+arena+frame_margin,4.8,4.556,14.765,6.683,1.036,4.971,1.906,1.0,0.016
train,200260,reject,frame_crossing+arena+ref_contact,5.056,5.077,14.611,8.818,1.154,5.833,1.271,3.0,0.0
train,200261,reject,frame_crossing+arena+ref_contact,4.44,5.03,14.666,6.637,1.143,5.076,1.063,2.0,0.0
train,200262,reject,arena,4.483,5.926,14.614,6.102,1.347,6.037,1.073,0.0,0.036
train,200263,reject,ref_contact,4.516,5.349,14.795,7.384,1.216,5.491,1.133,0.0,0.0
train,200264,reject,frame_crossing+arena+ref_contact,4.385,5.547,14.745,8.229,1.261,5.528,1.453,3.0,0.0
train,200265,reject,frame_crossing+arena+frame_margin,4.508,5.287,14.689,5.995,1.202,5.417,1.398,1.0,0.0
train,200266,reject,frame_crossing+arena+ref_contact,4.511,5.548,14.744,8.584,1.261,5.688,1.219,2.0,0.0
train,200267,reject,frame_crossing+arena+ref_contact,4.114,6.135,14.646,8.745,1.394,5.737,1.274,1.0,0.0
train,200268,reject,frame_crossing+arena+ref_contact,4.599,5.401,14.646,6.12,1.227,5.644,1.56,1.0,0.0
train,200269,reject,frame_crossing+arena+ref_contact,4.942,5.754,14.63,6.972,1.308,6.463,1.663,2.0,0.0
train,200270,reject,frame_crossing+arena+ref_contact,4.503,5.161,14.605,6.674,1.173,5.282,1.176,1.0,0.0
train,200271,reject,arena,4.226,5.317,14.761,6.602,1.208,5.107,1.53,0.0,0.054
train,200272,reject,frame_crossing+arena+ref_contact,4.853,5.652,14.73,8.059,1.285,6.234,2.317,1.0,0.0
train,200273,reject,frame_crossing+arena+ref_contact,4.002,4.817,14.672,7.32,1.095,4.381,1.363,1.0,0.0
train,200274,reject,frame_crossing+arena+ref_contact,4.79,3.799,14.614,5.061,1.0,4.79,1.172,1.0,0.0
train,200275,reject,frame_crossing+arena+ref_contact,4.395,4.726,14.642,8.734,1.074,4.721,1.547,3.0,0.0
train,200276,reject,frame_crossing+ref_contact,4.427,5.602,14.585,5.096,1.273,5.636,1.031,1.0,0.0
train,200277,reject,frame_crossing+arena+ref_contact,4.416,4.762,14.599,7.175,1.082,4.779,1.058,1.0,0.0
train,200278,reject,frame_crossing+arena+ref_contact,4.471,4.186,14.688,5.438,1.0,4.471,1.301,1.0,0.0
train,200279,reject,frame_crossing+ref_contact,4.526,5.216,14.653,7.743,1.186,5.365,1.747,2.0,0.0
train,200280,reject,frame_crossing+arena+ref_contact,4.614,5.479,14.662,7.74,1.245,5.746,1.328,1.0,0.0
train,200281,reject,frame_crossing+ref_contact,4.625,5.417,14.637,9.735,1.231,5.694,1.133,3.0,0.0
train,200282,reject,arena+frame_margin,4.217,4.654,14.71,4.465,1.058,4.461,1.047,0.0,0.012
train,200283,reject,arena+ref_contact,4.302,6.61,14.699,5.829,1.502,6.463,1.772,0.0,0.0
train,200284,reject,frame_crossing+arena+frame_margin,4.197,5.771,14.653,6.771,1.312,5.505,1.337,1.0,0.007
train,200285,reject,arena,4.381,5.683,14.708,5.968,1.292,5.658,1.172,0.0,0.037
train,200286,reject,frame_crossing+ref_contact,4.623,5.753,14.695,9.831,1.307,6.045,1.807,4.0,0.0
train,200287,reject,frame_crossing+arena+ref_contact,4.635,4.377,14.677,8.933,1.0,4.635,1.189,1.0,0.0
train,200288,reject,frame_crossing+arena+ref_contact,4.335,4.946,14.683,8.168,1.124,4.874,1.333,1.0,0.0
train,200289,reject,frame_crossing+arena+ref_contact,4.86,5.499,14.726,10.466,1.25,6.074,2.014,4.0,0.0
train,200290,reject,frame_crossing+arena+ref_contact,4.646,6.177,14.657,6.014,1.404,6.523,1.274,2.0,0.0
train,200291,reject,frame_crossing+arena+ref_contact,4.449,5.519,14.636,9.54,1.254,5.58,1.684,1.0,0.0
train,200292,reject,frame_crossing+arena+ref_contact,4.06,4.532,14.764,6.852,1.03,4.182,1.249,1.0,0.0
train,200293,reject,frame_crossing+arena+ref_contact,4.712,6.091,14.713,5.863,1.384,6.523,1.451,1.0,0.0
train,200294,reject,arena,5.073,6.442,14.715,6.051,1.464,7.428,1.172,0.0,0.041
train,200295,reject,arena,4.145,4.667,14.699,5.38,1.061,4.396,1.398,0.0,0.039
train,200296,reject,arena+ref_contact,5.163,6.031,14.703,7.061,1.371,7.077,1.491,0.0,0.0
train,200297,reject,frame_crossing+arena+ref_contact,4.745,4.9,14.616,7.851,1.114,5.284,1.491,2.0,0.0
train,200298,reject,frame_crossing+ref_contact,4.494,5.417,14.679,10.796,1.231,5.533,1.733,2.0,0.0
train,200299,reject,frame_crossing+arena+ref_contact,5.106,6.26,14.575,8.992,1.423,7.265,1.974,2.0,0.0
train,200300,reject,frame_crossing+arena+ref_contact,4.661,4.868,14.66,8.642,1.106,5.156,2.075,2.0,0.0
train,200301,reject,arena+ref_contact,4.414,4.147,14.49,6.869,1.0,4.414,1.47,0.0,0.0
train,200302,reject,frame_crossing+arena+ref_contact,4.07,4.874,14.614,7.568,1.108,4.508,1.097,1.0,0.0
train,200303,reject,frame_crossing+arena+ref_contact,4.972,6.294,14.699,5.94,1.43,7.113,1.109,1.0,0.0
train,200304,reject,arena,4.458,4.392,14.738,7.332,1.0,4.458,1.744,0.0,0.038
train,200305,reject,frame_crossing+ref_contact,4.408,5.232,14.698,8.553,1.189,5.242,1.627,2.0,0.0
train,200306,reject,frame_crossing+arena+ref_contact,5.208,6.457,14.664,8.034,1.468,7.644,1.335,4.0,0.0
train,200307,reject,frame_crossing+arena+ref_contact,4.817,5.905,14.72,9.661,1.342,6.464,1.849,4.0,0.0
train,200308,reject,frame_crossing+arena+ref_contact,5.095,5.847,14.647,6.769,1.329,6.77,1.569,1.0,0.0
train,200309,reject,frame_crossing+arena+ref_contact,4.386,5.388,14.643,5.892,1.225,5.371,1.029,2.0,0.0
train,200310,reject,arena,3.977,4.752,14.686,7.131,1.08,4.295,1.133,0.0,0.038
train,200311,reject,arena+ref_contact,4.313,5.771,14.615,6.89,1.311,5.657,1.198,0.0,0.0
train,200312,reject,arena,4.222,4.295,14.639,5.627,1.0,4.222,1.162,0.0,0.045
train,200313,reject,arena+frame_margin,4.244,4.441,14.656,7.329,1.009,4.283,1.148,0.0,0.029
train,200314,reject,frame_crossing+arena+ref_contact,4.583,5.941,14.737,9.175,1.35,6.189,2.195,2.0,0.0
train,200315,reject,frame_crossing+ref_contact,4.908,5.994,14.607,7.33,1.362,6.686,1.253,3.0,0.0
train,200316,reject,frame_crossing+arena+ref_contact,4.526,5.3,14.649,7.18,1.204,5.451,2.019,1.0,0.0
train,200317,reject,frame_crossing+arena+ref_contact,4.427,5.122,14.684,8.426,1.164,5.154,1.029,2.0,0.0
train,200318,reject,frame_crossing+arena+ref_contact,4.721,4.865,14.736,8.16,1.106,5.219,1.873,2.0,0.0
train,200319,reject,frame_crossing+arena+ref_contact,4.575,4.83,14.723,6.178,1.098,5.021,1.333,2.0,0.0
train,200320,reject,frame_crossing+arena+ref_contact,5.246,5.371,14.63,9.005,1.221,6.403,1.792,2.0,0.0
train,200321,reject,arena,4.888,6.119,14.622,6.839,1.391,6.798,1.249,0.0,0.037
train,200322,reject,frame_crossing+arena+ref_contact,4.68,6.138,14.652,8.886,1.395,6.529,2.195,1.0,0.0
train,200323,reject,frame_crossing+arena+ref_contact,3.59,4.182,14.767,5.873,1.0,3.59,1.569,1.0,0.0
train,200324,reject,frame_crossing+arena+ref_contact,4.619,5.897,14.677,7.147,1.34,6.19,1.293,1.0,0.0
train,200325,reject,frame_crossing+arena+ref_contact,4.603,6.052,14.575,7.017,1.375,6.33,1.617,2.0,0.0
train,200326,reject,arena,4.332,5.932,14.597,7.272,1.348,5.84,1.176,0.0,0.039
train,200327,reject,frame_margin,4.227,4.362,14.718,3.942,1.0,4.227,1.063,0.0,0.011
train,200328,reject,frame_crossing+arena+ref_contact,4.692,6.504,14.69,7.078,1.478,6.935,1.266,2.0,0.0
train,200329,reject,frame_crossing+arena+ref_contact,4.546,4.382,14.594,7.701,1.0,4.546,1.523,2.0,0.0
train,200330,reject,frame_crossing+arena+ref_contact,4.303,5.157,14.735,8.242,1.172,5.044,1.337,1.0,0.0
train,200331,reject,frame_crossing+arena+ref_contact,4.803,5.73,14.729,6.331,1.302,6.254,1.641,3.0,0.0
train,200332,reject,frame_crossing+arena+ref_contact,4.744,5.774,14.712,9.888,1.312,6.225,1.571,3.0,0.0
train,200333,reject,frame_crossing+arena+ref_contact,4.65,5.175,14.656,10.431,1.176,5.469,1.816,1.0,0.0
train,200334,reject,frame_crossing+ref_contact,4.212,5.455,14.668,7.419,1.24,5.223,1.579,1.0,0.0
train,200335,reject,frame_margin,3.91,4.058,14.702,5.31,1.0,3.91,1.543,0.0,0.025
train,200336,reject,frame_crossing+arena+ref_contact,4.473,5.04,14.655,6.328,1.145,5.123,1.626,2.0,0.0
train,200337,reject,frame_crossing+arena+ref_contact,4.883,5.581,14.687,8.684,1.268,6.194,1.631,1.0,0.0
train,200338,reject,frame_crossing+arena+ref_contact,4.443,5.374,14.643,7.453,1.221,5.426,1.697,1.0,0.0
train,200339,reject,frame_crossing+ref_contact,4.973,5.217,14.768,10.579,1.186,5.895,1.912,3.0,0.0
train,200340,pass,,4.41,4.553,14.766,6.049,1.035,4.564,1.072,0.0,0.037
train,200341,reject,arena+frame_margin,4.722,5.887,14.613,6.92,1.338,6.318,1.461,0.0,0.017
train,200342,reject,frame_crossing+ref_contact,4.148,4.785,14.611,6.416,1.088,4.511,1.758,1.0,0.0
train,200343,reject,frame_crossing+arena+ref_contact,4.542,4.378,14.687,9.568,1.0,4.542,1.477,3.0,0.0
train,200344,reject,frame_crossing+arena+ref_contact,4.465,4.323,14.685,9.437,1.0,4.465,1.372,1.0,0.0
train,200345,reject,frame_crossing+arena+frame_margin,4.669,6.284,14.714,6.624,1.428,6.667,1.031,1.0,0.025
train,200346,reject,frame_crossing+arena+ref_contact,4.725,5.827,14.57,6.577,1.324,6.257,1.204,3.0,0.0
train,200347,reject,frame_crossing+arena+ref_contact,4.741,5.765,14.667,8.956,1.31,6.212,1.249,3.0,0.0
train,200348,reject,frame_crossing+arena+ref_contact,4.529,5.474,14.613,6.943,1.244,5.634,1.405,1.0,0.0
train,200349,reject,frame_crossing+arena+ref_contact,4.553,5.073,14.603,9.479,1.153,5.249,1.44,1.0,0.0
train,200350,reject,arena+frame_margin,4.345,4.485,14.661,6.956,1.019,4.429,1.228,0.0,0.027
train,200351,reject,frame_crossing+arena+ref_contact,4.872,5.095,14.712,10.293,1.158,5.641,1.162,2.0,0.0
train,200352,reject,arena,3.796,4.356,14.751,6.957,1.0,3.796,1.723,0.0,0.038
train,200353,reject,frame_crossing+arena+ref_contact,4.805,4.89,14.674,8.033,1.111,5.341,1.032,1.0,0.0
train,200354,reject,frame_crossing+arena+ref_contact,5.117,5.598,14.759,7.47,1.272,6.51,1.3,3.0,0.0
train,200355,reject,frame_crossing+arena+ref_contact,4.992,5.316,14.636,8.073,1.208,6.03,1.44,1.0,0.0
train,200356,reject,arena+ref_contact,4.566,6.33,14.587,6.412,1.439,6.57,1.328,0.0,0.0
train,200357,reject,frame_crossing+arena+ref_contact,5.198,5.578,14.58,7.854,1.268,6.589,2.172,2.0,0.0
train,200358,reject,arena,4.538,3.646,14.549,5.21,1.0,4.538,1.571,0.0,0.035
train,200359,reject,arena+ref_contact,4.258,5.205,14.741,7.806,1.183,5.037,1.029,0.0,0.0
train,200360,reject,arena,4.734,5.066,14.72,8.454,1.151,5.451,1.744,0.0,0.04
train,200361,reject,frame_crossing+arena+ref_contact,4.94,6.241,14.714,6.79,1.418,7.007,1.644,4.0,0.0
train,200362,reject,frame_crossing+arena+ref_contact,5.078,6.228,14.634,7.276,1.415,7.187,1.553,3.0,0.0
train,200363,reject,frame_crossing+arena+ref_contact,4.92,5.343,14.641,9.592,1.214,5.974,1.542,2.0,0.0
train,200364,reject,arena,4.368,6.598,14.687,6.636,1.499,6.55,1.235,0.0,0.06
train,200365,reject,frame_crossing+arena+ref_contact,5.094,5.228,14.721,8.356,1.188,6.052,1.337,2.0,0.0
train,200366,reject,frame_crossing+arena+ref_contact,4.352,5.344,14.755,10.228,1.215,5.286,1.436,1.0,0.0
train,200367,reject,frame_crossing+arena+ref_contact,5.09,5.816,14.723,7.764,1.322,6.728,1.073,1.0,0.0
train,200368,reject,frame_crossing+arena+ref_contact,4.978,6.293,14.661,6.258,1.43,7.119,1.35,2.0,0.0
train,200369,reject,frame_crossing+arena+ref_contact,4.853,6.222,14.732,8.761,1.414,6.862,1.205,1.0,0.0
train,200370,reject,arena,4.056,4.573,14.731,6.855,1.039,4.216,1.436,0.0,0.039
train,200371,reject,frame_crossing+arena+ref_contact,4.455,4.8,14.471,7.094,1.091,4.86,1.063,1.0,0.0
train,200372,reject,arena,4.222,3.617,14.723,5.09,1.0,4.222,1.118,0.0,0.04
train,200373,reject,frame_crossing+arena+ref_contact,5.233,5.584,14.713,8.538,1.269,6.641,2.054,1.0,0.0
train,200374,reject,frame_crossing+arena+ref_contact,4.471,4.763,14.706,5.471,1.082,4.839,1.107,2.0,0.0
train,200375,reject,frame_crossing+ref_contact,4.409,5.944,14.751,6.25,1.351,5.956,1.475,1.0,0.0
train,200376,reject,arena+frame_margin,4.675,5.483,14.741,9.426,1.246,5.825,1.047,0.0,0.028
train,200377,reject,arena,4.08,4.109,14.703,6.332,1.0,4.08,1.92,0.0,0.043
train,200378,reject,frame_crossing+arena+ref_contact,4.552,4.762,14.705,7.967,1.082,4.927,1.172,2.0,0.0
train,200379,reject,frame_crossing+arena+ref_contact,4.813,5.235,14.667,9.111,1.19,5.726,1.368,3.0,0.0
train,200380,reject,frame_crossing+arena+ref_contact,4.938,5.525,14.7,9.045,1.256,6.201,2.071,3.0,0.0
train,200381,reject,frame_crossing+arena+ref_contact,4.383,5.373,14.721,8.649,1.221,5.353,1.453,1.0,0.0
train,200382,reject,frame_crossing+arena+ref_contact,4.454,6.221,14.719,8.765,1.414,6.298,1.72,1.0,0.0
train,200383,reject,frame_crossing+arena+ref_contact,4.908,5.365,14.737,9.734,1.219,5.984,2.598,2.0,0.0
train,200384,reject,frame_crossing+arena+ref_contact,4.453,4.36,14.738,6.893,1.0,4.453,1.429,1.0,0.0
train,200385,reject,frame_crossing+arena+ref_contact,4.902,6.403,14.63,6.333,1.455,7.134,1.429,2.0,0.0
train,200386,reject,frame_crossing+arena+ref_contact,4.732,6.503,14.608,6.859,1.478,6.994,1.28,1.0,0.0
train,200387,reject,frame_crossing+arena+ref_contact,4.666,5.131,14.669,10.757,1.166,5.442,1.816,2.0,0.0
train,200388,reject,frame_crossing+arena+ref_contact,4.622,4.883,14.563,6.137,1.11,5.129,1.097,1.0,0.0
train,200389,reject,frame_crossing+arena+ref_contact,4.472,5.712,14.662,8.628,1.298,5.806,1.84,1.0,0.0
train,200390,reject,frame_crossing+arena+ref_contact,4.391,5.301,14.653,9.125,1.205,5.291,1.35,1.0,0.0
train,200391,reject,frame_crossing+arena+ref_contact,4.587,3.966,14.516,4.62,1.0,4.587,1.103,1.0,0.0
train,200392,reject,frame_crossing+arena+ref_contact,4.533,3.794,14.553,5.714,1.0,4.533,1.198,2.0,0.0
train,200393,reject,frame_crossing+arena+ref_contact,4.274,5.574,14.706,6.831,1.267,5.415,1.181,1.0,0.0
train,200394,reject,frame_crossing+ref_contact,4.677,4.715,14.656,8.008,1.072,5.012,1.026,1.0,0.0
train,200395,reject,frame_crossing+arena+ref_contact,4.797,5.428,14.519,6.612,1.234,5.918,1.403,3.0,0.0
train,200396,reject,frame_crossing+arena+ref_contact,4.759,5.484,14.719,7.184,1.246,5.931,2.027,2.0,0.0
train,200397,reject,frame_crossing+arena+ref_contact,3.77,5.046,14.703,5.438,1.147,4.323,1.097,1.0,0.0
train,200398,reject,frame_crossing+arena+ref_contact,4.685,4.648,14.742,9.927,1.056,4.949,1.854,2.0,0.0
train,200399,reject,frame_crossing+arena+ref_contact,4.732,5.749,14.762,9.051,1.307,6.183,1.631,3.0,0.0
train,200400,reject,frame_crossing+arena+ref_contact,4.723,4.517,14.744,9.763,1.027,4.848,2.008,1.0,0.0
train,200401,reject,frame_crossing+arena+ref_contact,4.061,4.244,14.635,7.237,1.0,4.061,1.029,1.0,0.0
train,200402,reject,frame_crossing+arena+ref_contact,4.466,6.356,14.642,6.752,1.445,6.452,1.339,2.0,0.0
train,200403,reject,frame_crossing+arena+ref_contact,4.819,4.505,14.699,7.823,1.024,4.934,1.058,2.0,0.0
train,200404,reject,frame_crossing+arena+ref_contact,4.376,4.953,14.739,7.799,1.126,4.926,1.263,1.0,0.0
train,200405,reject,arena,3.976,5.521,14.653,5.814,1.255,4.99,1.133,0.0,0.051
train,200406,reject,frame_crossing+arena+ref_contact,4.778,6.404,14.721,5.976,1.455,6.954,1.097,1.0,0.0
train,200407,reject,frame_crossing+arena+ref_contact,4.431,6.336,14.732,8.038,1.44,6.38,2.206,2.0,0.0
train,200408,reject,frame_crossing+arena+frame_margin,4.638,6.296,14.607,5.918,1.431,6.636,1.204,1.0,0.03
train,200409,reject,frame_crossing+ref_contact,3.942,4.788,14.681,6.259,1.088,4.29,1.333,1.0,0.0
train,200410,reject,frame_crossing+ref_contact,4.414,4.297,14.663,7.069,1.0,4.414,1.026,1.0,0.0
train,200411,reject,frame_crossing+arena+ref_contact,4.885,5.897,14.599,9.202,1.34,6.547,1.609,2.0,0.0
train,200412,reject,frame_crossing+arena+ref_contact,4.429,4.315,14.558,6.66,1.0,4.429,1.451,2.0,0.0
train,200413,reject,arena+frame_margin,4.765,4.189,14.747,6.745,1.0,4.765,1.419,0.0,0.0
train,200414,reject,arena,4.607,4.818,14.695,7.291,1.095,5.045,1.505,0.0,0.05
train,200415,reject,frame_crossing+arena+ref_contact,4.594,5.233,14.696,6.716,1.189,5.464,1.654,1.0,0.0
train,200416,reject,frame_crossing+arena+ref_contact,4.903,5.981,14.643,6.079,1.359,6.666,1.148,2.0,0.0
train,200417,reject,arena,4.631,6.144,14.7,6.166,1.396,6.466,1.398,0.0,0.037
train,200418,reject,frame_crossing+arena+ref_contact,4.503,6.058,14.675,8.507,1.377,6.2,2.062,2.0,0.0
train,200419,reject,frame_crossing+arena+ref_contact,4.936,5.231,14.692,9.486,1.189,5.868,1.723,2.0,0.0
train,200420,reject,arena+ref_contact,4.389,3.99,14.623,6.799,1.0,4.389,1.13,0.0,0.0
train,200421,reject,frame_crossing+arena+ref_contact,4.716,6.277,14.67,7.259,1.427,6.728,1.37,2.0,0.0
train,200422,reject,arena+ref_contact,4.543,5.175,14.468,7.349,1.176,5.343,1.072,0.0,0.0
train,200423,reject,frame_crossing+arena+ref_contact,4.294,4.972,14.729,5.939,1.13,4.852,1.235,2.0,0.0
train,200424,reject,frame_crossing+arena+ref_contact,4.961,6.452,14.639,7.566,1.466,7.274,1.545,1.0,0.0
train,200425,reject,frame_crossing+arena+ref_contact,4.51,6.183,14.702,7.206,1.405,6.337,1.047,1.0,0.0
train,200426,reject,frame_crossing+arena+ref_contact,4.878,5.943,14.692,5.859,1.351,6.588,1.204,3.0,0.0
train,200427,reject,frame_crossing+arena+ref_contact,4.476,4.932,14.692,8.446,1.121,5.018,1.582,3.0,0.0
train,200428,reject,frame_crossing+arena+ref_contact,4.924,5.203,14.776,9.869,1.183,5.823,1.107,3.0,0.0
train,200429,reject,frame_crossing+arena+ref_contact,4.822,5.635,14.775,8.331,1.281,6.175,1.733,1.0,0.0
train,200430,reject,frame_crossing+arena+ref_contact,4.73,5.815,14.691,7.518,1.322,6.251,1.4,1.0,0.0
train,200431,reject,frame_crossing+arena+ref_contact,3.967,4.102,14.72,6.762,1.0,3.967,1.451,1.0,0.0
train,200432,reject,arena+ref_contact,4.351,6.043,14.578,8.342,1.373,5.975,1.596,0.0,0.0
train,200433,reject,frame_crossing+arena+ref_contact,4.859,5.637,14.771,8.501,1.281,6.225,2.094,2.0,0.0
train,200434,reject,frame_crossing+arena+ref_contact,4.345,4.768,14.785,10.93,1.084,4.709,1.015,1.0,0.0
train,200435,reject,frame_crossing+arena+ref_contact,4.989,5.659,14.748,10.557,1.286,6.416,1.758,4.0,0.0
train,200436,pass,,4.155,4.948,14.72,9.02,1.124,4.673,1.766,0.0,0.043
train,200437,reject,frame_crossing+arena+ref_contact,4.618,5.565,14.727,9.012,1.265,5.842,1.795,2.0,0.0
train,200438,reject,frame_crossing+arena+ref_contact,4.507,5.522,14.68,9.608,1.255,5.656,1.198,2.0,0.0
train,200439,reject,arena+frame_margin,4.419,6.467,14.621,5.896,1.47,6.495,1.419,0.0,0.016
train,200440,reject,frame_crossing+arena+ref_contact,4.413,5.322,14.729,7.839,1.209,5.337,1.695,1.0,0.0
train,200441,reject,frame_crossing+arena+ref_contact,4.47,4.743,14.724,7.863,1.078,4.819,1.176,2.0,0.0
train,200442,reject,arena,5.036,6.439,14.634,6.879,1.463,7.369,1.348,0.0,0.036
train,200443,reject,frame_crossing+arena+ref_contact,4.118,5.132,14.673,7.335,1.166,4.802,1.571,1.0,0.0
train,200444,reject,frame_crossing+arena+ref_contact,4.24,5.321,14.72,7.471,1.209,5.128,1.263,1.0,0.0
train,200445,reject,frame_crossing+arena+ref_contact,4.766,5.796,14.778,8.6,1.317,6.278,1.631,3.0,0.0
train,200446,reject,frame_crossing+arena+ref_contact,4.796,6.471,14.577,7.127,1.471,7.053,1.148,2.0,0.0
train,200447,reject,frame_crossing+arena+ref_contact,3.914,5.161,14.683,8.446,1.173,4.592,1.053,1.0,0.0
train,200448,reject,frame_crossing+arena+ref_contact,4.716,6.386,14.654,9.631,1.451,6.845,1.362,3.0,0.0
train,200449,reject,frame_crossing+ref_contact,4.548,5.78,14.761,9.425,1.314,5.975,1.626,2.0,0.0
train,200450,reject,frame_crossing+arena+ref_contact,4.532,3.592,14.522,7.991,1.0,4.532,1.026,1.0,0.0
train,200451,reject,arena+frame_margin,4.769,5.439,14.707,8.356,1.236,5.896,1.271,0.0,0.028
train,200452,reject,frame_crossing+ref_contact,4.891,5.621,14.598,7.173,1.278,6.249,1.569,1.0,0.0
train,200453,reject,frame_crossing+ref_contact,4.882,5.612,14.617,8.624,1.275,6.227,1.015,1.0,0.0
train,200454,pass,,4.914,5.431,14.668,6.39,1.234,6.065,1.543,0.0,0.039
train,200455,reject,frame_crossing+arena+ref_contact,4.784,5.107,14.696,8.714,1.161,5.553,1.941,1.0,0.0
train,200456,reject,frame_crossing+arena+ref_contact,4.585,5.534,14.757,6.681,1.258,5.767,2.008,2.0,0.0
train,200457,reject,frame_crossing+ref_contact,4.98,6.205,14.614,6.866,1.41,7.022,1.547,3.0,0.0
train,200458,reject,frame_crossing+arena+ref_contact,4.415,5.081,14.511,8.159,1.155,5.098,1.636,1.0,0.0
train,200459,reject,arena,4.283,4.086,14.649,5.875,1.0,4.283,1.249,0.0,0.048
train,200460,reject,frame_crossing+arena+ref_contact,4.409,5.396,14.707,8.373,1.226,5.407,1.35,1.0,0.0
train,200461,reject,frame_crossing+arena+ref_contact,4.771,5.229,14.454,8.812,1.189,5.671,1.545,1.0,0.0
train,200462,reject,arena+ref_contact,4.433,4.215,14.725,7.661,1.0,4.433,1.031,0.0,0.0
train,200463,reject,frame_crossing+arena+ref_contact,4.442,5.799,14.683,6.416,1.318,5.855,1.723,2.0,0.0
train,200464,reject,frame_crossing+arena+ref_contact,4.622,5.591,14.682,6.835,1.271,5.874,1.073,2.0,0.0
train,200465,reject,arena+frame_margin,4.23,4.463,14.712,8.979,1.014,4.291,1.029,0.0,0.021
train,200466,reject,frame_crossing+arena+ref_contact,4.912,6.134,14.732,9.596,1.394,6.847,2.008,1.0,0.0
train,200467,reject,frame_crossing+arena+ref_contact,4.857,5.647,14.721,7.691,1.283,6.233,1.128,3.0,0.0
train,200468,reject,arena,4.411,6.15,14.735,8.464,1.398,6.166,2.787,0.0,0.037
train,200469,reject,frame_crossing+arena+ref_contact,4.395,5.68,14.728,9.597,1.291,5.674,1.429,1.0,0.0
train,200470,reject,frame_crossing+arena+ref_contact,4.455,5.622,14.689,8.707,1.278,5.691,1.821,1.0,0.0
train,200471,reject,arena,4.255,4.486,14.755,7.49,1.019,4.338,1.617,0.0,0.046
train,200472,reject,frame_crossing+arena+ref_contact,4.332,4.796,14.7,5.397,1.09,4.722,1.571,2.0,0.0
train,200473,reject,frame_crossing+arena+ref_contact,4.549,4.562,14.499,7.326,1.037,4.716,1.249,1.0,0.0
train,200474,reject,frame_crossing+arena+frame_margin,4.426,5.66,14.692,8.394,1.286,5.694,1.671,1.0,0.003
train,200475,reject,arena,4.058,6.293,14.646,5.881,1.43,5.804,1.429,0.0,0.036
train,200476,reject,frame_crossing+arena+ref_contact,4.781,4.776,14.481,7.494,1.086,5.19,1.337,1.0,0.0
train,200477,reject,frame_crossing+arena+ref_contact,4.735,4.342,14.5,6.176,1.0,4.735,1.28,1.0,0.0
train,200478,reject,frame_crossing+arena+ref_contact,4.989,6.427,14.76,9.219,1.461,7.287,1.754,3.0,0.0
train,200479,reject,frame_crossing+arena+ref_contact,4.87,6.046,14.635,9.452,1.374,6.692,1.78,1.0,0.0
train,200480,reject,frame_crossing+ref_contact,4.308,5.977,14.714,5.854,1.359,5.852,1.328,2.0,0.0
train,200481,reject,frame_crossing+arena+ref_contact,4.982,5.567,14.655,9.639,1.265,6.304,1.031,2.0,0.0
train,200482,reject,frame_crossing+arena+ref_contact,4.742,3.55,14.592,5.744,1.0,4.742,1.245,2.0,0.0
train,200483,reject,frame_crossing+arena+ref_contact,4.604,5.71,14.749,7.412,1.298,5.974,1.496,1.0,0.0
train,200484,reject,frame_crossing+arena+ref_contact,4.562,5.244,14.755,6.834,1.192,5.438,1.109,2.0,0.0
train,200485,reject,frame_crossing+arena+ref_contact,4.535,5.357,14.702,8.821,1.217,5.521,1.109,1.0,0.0
train,200486,reject,arena,4.401,4.625,14.724,8.883,1.051,4.626,1.231,0.0,0.034
train,200487,reject,frame_crossing+arena+ref_contact,4.26,4.844,14.725,7.751,1.101,4.69,1.162,1.0,0.0
train,200488,reject,frame_crossing+arena+ref_contact,4.701,4.728,14.643,6.602,1.075,5.051,1.596,2.0,0.0
train,200489,reject,arena+frame_margin,4.454,4.785,14.682,8.921,1.088,4.845,1.118,0.0,0.021
train,200490,reject,frame_crossing+arena+ref_contact,4.545,5.258,14.741,11.135,1.195,5.431,1.031,2.0,0.0
train,200491,reject,frame_crossing+arena+ref_contact,4.588,4.902,14.539,7.262,1.114,5.111,1.384,1.0,0.0
train,200492,reject,frame_crossing+arena+ref_contact,4.445,4.855,14.655,5.786,1.103,4.905,1.383,2.0,0.0
train,200493,reject,frame_crossing+arena+ref_contact,4.91,4.738,14.685,10.079,1.077,5.287,1.617,2.0,0.0
train,200494,reject,arena,3.57,4.636,14.631,5.301,1.054,3.761,1.015,0.0,0.041
train,200495,reject,frame_crossing+ref_contact,4.344,5.344,14.604,9.986,1.214,5.275,2.137,2.0,0.0
train,200496,reject,arena,4.309,5.029,14.682,5.555,1.143,4.924,1.043,0.0,0.036
train,200497,reject,frame_crossing+arena+ref_contact,4.723,6.17,14.656,6.639,1.402,6.623,1.56,2.0,0.0
train,200498,reject,frame_crossing+arena+ref_contact,5.094,5.451,14.623,8.912,1.239,6.31,2.115,2.0,0.0
train,200499,reject,arena+frame_margin,4.127,4.538,14.582,7.189,1.031,4.257,1.072,0.0,0.019
train,200500,reject,frame_crossing+arena+ref_contact,4.436,3.811,14.719,9.604,1.0,4.436,1.107,1.0,0.0
train,200501,reject,frame_crossing+arena+ref_contact,4.454,6.401,14.733,8.593,1.455,6.479,1.37,1.0,0.0
train,200502,reject,frame_crossing+arena+ref_contact,4.708,5.732,14.678,8.087,1.303,6.134,1.032,1.0,0.0
train,200503,reject,frame_crossing+arena+ref_contact,4.709,3.863,14.602,4.609,1.0,4.709,1.429,1.0,0.0
train,200504,reject,frame_crossing+arena+ref_contact,4.603,6.301,14.672,7.585,1.432,6.592,1.44,1.0,0.0
train,200505,reject,frame_crossing+arena+ref_contact,4.396,5.466,14.741,9.656,1.242,5.461,1.62,1.0,0.0
train,200506,reject,frame_crossing+ref_contact,5.273,5.19,14.63,5.824,1.179,6.219,1.491,3.0,0.0
train,200507,reject,frame_crossing+arena+ref_contact,4.813,5.471,14.517,7.167,1.243,5.985,1.858,2.0,0.0
train,200508,reject,frame_crossing+ref_contact,4.631,4.979,14.709,6.584,1.132,5.24,1.641,2.0,0.0
train,200509,reject,frame_crossing+arena+ref_contact,5.4,5.716,14.641,8.703,1.299,7.015,2.88,2.0,0.0
train,200510,reject,frame_crossing+arena+ref_contact,4.971,5.48,14.697,7.895,1.245,6.191,2.125,1.0,0.0
train,200511,reject,frame_crossing+arena+ref_contact,3.934,5.097,14.638,6.574,1.158,4.556,1.547,2.0,0.0
train,200512,reject,frame_crossing+arena+ref_contact,4.744,5.122,14.57,8.809,1.164,5.522,1.231,3.0,0.0
train,200513,reject,arena,4.364,4.663,14.782,8.912,1.06,4.625,1.928,0.0,0.038
train,200514,reject,arena,4.428,6.326,14.763,6.406,1.438,6.367,1.553,0.0,0.051
train,200515,reject,frame_crossing+arena+ref_contact,4.422,5.599,14.743,10.25,1.273,5.627,1.153,4.0,0.0
train,200516,reject,frame_crossing+arena+ref_contact,4.244,4.658,14.562,8.036,1.059,4.493,1.171,1.0,0.0
train,200517,reject,arena,4.905,5.264,14.655,6.525,1.196,5.868,1.339,0.0,0.037
train,200518,reject,frame_crossing+arena+ref_contact,4.3,4.342,14.554,10.065,1.0,4.3,1.405,1.0,0.0
train,200519,reject,frame_crossing+frame_margin,4.333,5.505,14.652,5.556,1.251,5.422,1.029,1.0,0.003
train,200520,reject,arena,4.39,6.475,14.656,5.825,1.472,6.461,1.249,0.0,0.041
train,200521,reject,arena,4.604,6.472,14.676,6.463,1.471,6.772,1.323,0.0,0.037
train,200522,reject,frame_crossing+arena+ref_contact,4.363,4.096,14.561,5.866,1.0,4.363,1.031,1.0,0.0
train,200523,reject,frame_crossing+arena+ref_contact,4.998,4.335,14.544,7.095,1.0,4.998,1.228,1.0,0.0
train,200524,reject,frame_crossing+arena+ref_contact,5.029,6.134,14.722,7.299,1.394,7.011,1.744,2.0,0.0
train,200525,reject,frame_crossing+arena+ref_contact,4.266,5.623,14.725,8.247,1.278,5.451,1.651,2.0,0.0
train,200526,reject,arena+ref_contact,4.866,5.381,14.705,8.611,1.223,5.951,2.049,0.0,0.0
train,200527,reject,frame_crossing+arena+ref_contact,4.25,5.433,14.608,6.981,1.235,5.248,2.123,1.0,0.0
train,200528,reject,arena+frame_margin,4.178,4.813,14.613,5.863,1.094,4.57,1.249,0.0,0.023
train,200529,reject,frame_crossing+arena+ref_contact,4.701,5.115,14.713,4.929,1.163,5.465,1.035,1.0,0.0
train,200530,reject,arena,3.872,4.394,14.6,5.712,1.0,3.872,1.69,0.0,0.041
train,200531,reject,arena,5.029,6.535,14.74,9.106,1.485,7.469,1.844,0.0,0.036
train,200532,reject,frame_crossing+arena+ref_contact,4.98,5.927,14.787,7.298,1.347,6.708,1.13,2.0,0.0
train,200533,reject,arena+frame_margin,4.363,5.071,14.773,5.368,1.153,5.029,1.047,0.0,0.028
train,200534,reject,frame_crossing+arena+ref_contact,4.559,5.63,14.739,8.366,1.28,5.833,1.898,1.0,0.0
train,200535,reject,arena+frame_margin,5.115,5.524,14.732,10.163,1.255,6.422,1.271,0.0,0.029
train,200536,reject,frame_crossing+arena+ref_contact,4.236,4.814,14.712,7.975,1.094,4.634,1.488,1.0,0.0
train,200537,reject,frame_crossing+arena+ref_contact,4.372,3.909,14.573,6.693,1.0,4.372,1.058,1.0,0.0
train,200538,reject,frame_crossing+arena+ref_contact,4.052,4.598,14.711,9.128,1.045,4.234,1.219,1.0,0.0
train,200539,reject,frame_crossing+arena,4.841,5.57,14.738,5.78,1.266,6.128,1.153,1.0,0.043
train,200540,reject,frame_crossing+arena+ref_contact,4.885,5.047,14.716,6.016,1.147,5.603,1.231,2.0,0.0
train,200541,reject,arena,4.51,5.949,14.73,5.588,1.352,6.099,1.035,0.0,0.033
train,200542,reject,frame_crossing+arena+ref_contact,4.619,5.566,14.761,10.584,1.265,5.843,1.477,1.0,0.0
train,200543,reject,frame_crossing+arena+ref_contact,4.892,6.467,14.751,8.542,1.47,7.191,1.538,1.0,0.0
train,200544,reject,frame_crossing+arena+ref_contact,4.719,4.672,14.719,6.44,1.062,5.011,1.047,1.0,0.0
train,200545,reject,frame_crossing+arena+ref_contact,4.664,6.313,14.715,5.812,1.435,6.693,1.363,2.0,0.0
train,200546,reject,frame_crossing+arena+ref_contact,4.361,4.84,14.705,9.044,1.1,4.797,1.118,1.0,0.0
train,200547,reject,frame_crossing+arena+ref_contact,4.232,3.919,14.647,7.707,1.0,4.232,1.029,1.0,0.0
train,200548,reject,frame_crossing+arena+ref_contact,4.19,4.363,14.633,8.238,1.0,4.19,1.235,1.0,0.0
train,200549,reject,frame_crossing+arena+ref_contact,4.534,3.533,14.553,5.356,1.0,4.534,1.13,1.0,0.0
train,200550,reject,frame_crossing+arena+ref_contact,4.551,4.572,14.479,5.636,1.039,4.728,1.043,3.0,0.0
train,200551,pass,,3.889,4.673,14.691,7.498,1.062,4.13,1.405,0.0,0.035
train,200552,reject,frame_crossing+arena+ref_contact,4.49,5.546,14.72,7.226,1.261,5.66,1.148,1.0,0.0
train,200553,reject,frame_crossing+arena+ref_contact,4.999,5.094,14.696,10.557,1.158,5.787,1.631,1.0,0.0
train,200554,reject,frame_crossing+arena+ref_contact,4.508,4.79,14.639,9.083,1.089,4.908,1.176,1.0,0.0
train,200555,reject,frame_crossing+arena+ref_contact,4.61,4.194,14.756,8.046,1.0,4.61,1.939,2.0,0.0
train,200556,reject,frame_crossing+arena+ref_contact,4.741,4.802,14.689,8.543,1.091,5.175,1.109,2.0,0.0
train,200557,reject,frame_crossing+arena+ref_contact,4.298,5.856,14.773,7.846,1.331,5.72,1.571,1.0,0.0
train,200558,reject,frame_crossing+arena+ref_contact,5.145,4.614,14.654,8.27,1.049,5.395,1.368,2.0,0.0
train,200559,reject,frame_crossing+arena+ref_contact,5.009,5.829,14.617,9.154,1.325,6.636,1.461,3.0,0.0
train,200560,reject,frame_crossing+arena+ref_contact,4.915,5.738,14.528,6.786,1.304,6.41,1.69,2.0,0.0
train,200561,reject,frame_crossing+arena+ref_contact,4.293,4.676,14.743,7.558,1.063,4.562,1.384,2.0,0.0
train,200562,reject,frame_crossing+arena+ref_contact,4.387,4.759,14.637,9.342,1.082,4.745,1.063,1.0,0.0
train,200563,reject,arena,4.177,5.18,14.718,6.828,1.177,4.917,1.077,0.0,0.037
train,200564,reject,frame_crossing+arena+ref_contact,4.397,4.978,14.604,8.727,1.131,4.975,1.766,2.0,0.0
train,200565,reject,frame_crossing+arena+ref_contact,4.461,4.556,14.713,9.658,1.035,4.619,1.974,2.0,0.0
train,200566,reject,frame_crossing+arena+frame_margin,3.918,4.362,14.642,9.199,1.0,3.918,1.263,1.0,0.004
train,200567,reject,frame_margin,4.418,5.999,14.633,6.753,1.364,6.024,1.219,0.0,0.029
train,200568,reject,frame_crossing+arena+ref_contact,4.624,4.678,14.67,7.895,1.063,4.917,1.219,1.0,0.0
train,200569,reject,frame_crossing+arena+ref_contact,5.191,5.704,14.661,8.735,1.296,6.729,1.864,1.0,0.0
train,200570,reject,frame_crossing+arena+ref_contact,4.346,5.274,14.668,5.976,1.199,5.21,1.204,1.0,0.0
train,200571,reject,frame_crossing+arena+ref_contact,4.853,6.683,14.646,6.733,1.519,7.371,1.162,3.0,0.0
train,200572,reject,frame_crossing+ref_contact,4.862,5.753,14.711,7.483,1.308,6.358,1.228,1.0,0.0
train,200573,reject,frame_crossing+arena+ref_contact,4.908,4.934,14.732,7.041,1.121,5.504,1.026,2.0,0.0
train,200574,reject,arena,4.57,5.5,14.645,8.399,1.25,5.712,1.205,0.0,0.04
train,200575,reject,frame_crossing+arena+ref_contact,4.565,5.83,14.763,9.267,1.325,6.048,1.974,2.0,0.0
train,200576,reject,frame_crossing+arena+ref_contact,4.827,5.892,14.641,7.03,1.339,6.464,1.162,3.0,0.0
train,200577,reject,frame_crossing+ref_contact,5.125,6.272,14.729,8.683,1.425,7.304,2.177,3.0,0.0
train,200578,reject,frame_crossing+arena+ref_contact,5.026,6.618,14.626,7.317,1.504,7.561,1.097,3.0,0.0
train,200579,reject,frame_crossing+ref_contact,4.266,5.19,14.688,8.993,1.18,5.033,1.592,1.0,0.0
train,200580,reject,frame_crossing+arena+ref_contact,4.506,4.65,14.725,5.35,1.057,4.762,1.37,2.0,0.0
train,200581,reject,frame_crossing+arena+ref_contact,4.878,5.944,14.701,8.747,1.351,6.59,1.66,2.0,0.0
train,200582,reject,frame_crossing+arena+ref_contact,4.39,4.91,14.696,5.707,1.116,4.899,1.267,1.0,0.0
train,200583,reject,frame_crossing+arena+ref_contact,4.739,4.311,14.659,7.095,1.0,4.739,1.553,2.0,0.0
train,200584,reject,frame_crossing+arena+ref_contact,4.771,5.274,14.784,7.407,1.199,5.719,1.176,2.0,0.0
train,200585,reject,frame_crossing+arena+ref_contact,4.753,5.599,14.785,6.331,1.272,6.047,1.235,3.0,0.0
train,200586,reject,arena,4.423,5.247,14.739,7.904,1.192,5.275,1.148,0.0,0.04
train,200587,reject,arena+ref_contact,4.399,5.038,14.607,9.066,1.145,5.038,1.172,0.0,0.0
train,200588,reject,frame_crossing+arena+ref_contact,4.521,5.061,14.542,9.753,1.15,5.201,1.571,3.0,0.0
train,200589,reject,frame_crossing+arena+ref_contact,4.488,6.473,14.667,5.866,1.471,6.602,1.077,1.0,0.0
train,200590,reject,frame_crossing+arena+ref_contact,4.622,5.43,14.752,6.393,1.234,5.703,1.491,1.0,0.0
train,200591,reject,frame_crossing+arena+ref_contact,5.068,6.764,14.704,8.913,1.537,7.791,1.219,4.0,0.0
train,200592,reject,frame_crossing+arena+ref_contact,4.691,6.027,14.696,7.453,1.37,6.425,2.083,1.0,0.0
train,200593,reject,frame_crossing+arena+ref_contact,5.109,6.402,14.738,9.561,1.455,7.434,1.47,2.0,0.0
train,200594,reject,arena+frame_margin,4.206,5.138,14.757,7.485,1.168,4.911,1.058,0.0,0.013
train,200595,reject,frame_crossing+arena+ref_contact,4.058,4.406,14.668,7.68,1.001,4.063,1.13,1.0,0.0
train,200596,pass,,4.266,4.588,14.78,5.797,1.043,4.448,1.644,0.0,0.034
train,200597,reject,frame_crossing+arena+ref_contact,4.432,4.933,14.605,7.127,1.121,4.968,1.077,1.0,0.0
train,200598,reject,frame_crossing+arena+ref_contact,4.786,6.357,14.787,6.807,1.445,6.915,1.029,4.0,0.0
train,200599,reject,frame_crossing+arena+frame_margin,3.998,5.153,14.693,7.54,1.171,4.682,1.063,1.0,0.007
train,200600,reject,arena,4.291,4.802,14.653,9.046,1.091,4.684,1.176,0.0,0.042
train,200601,reject,frame_crossing+arena+ref_contact,5.054,6.44,14.707,7.746,1.464,7.397,2.058,2.0,0.0
train,200602,reject,frame_crossing+arena+ref_contact,4.542,4.855,14.479,6.882,1.103,5.012,1.596,3.0,0.0
train,200603,reject,frame_crossing+arena+ref_contact,4.777,5.017,14.522,7.792,1.14,5.447,1.271,2.0,0.0
train,200604,reject,frame_crossing+arena+ref_contact,4.642,5.581,14.744,7.792,1.269,5.888,1.176,4.0,0.0
train,200605,reject,frame_crossing+arena+ref_contact,4.842,6.256,14.716,6.307,1.422,6.885,1.031,1.0,0.0
train,200606,reject,frame_crossing+arena+ref_contact,4.77,6.264,14.724,7.71,1.424,6.791,2.153,1.0,0.0
train,200607,reject,frame_crossing+arena+ref_contact,4.579,4.49,14.551,8.371,1.021,4.673,1.644,2.0,0.0
train,200608,reject,arena,3.822,4.438,14.714,5.924,1.009,3.855,1.37,0.0,0.042
train,200609,reject,frame_crossing+arena+ref_contact,4.722,5.195,14.704,8.927,1.181,5.575,1.107,2.0,0.0
train,200610,reject,frame_crossing+arena+ref_contact,4.377,4.828,14.483,6.883,1.097,4.803,1.072,1.0,0.0
train,200611,reject,frame_crossing+arena+ref_contact,4.678,5.288,14.74,8.191,1.202,5.622,1.523,2.0,0.0
train,200612,reject,arena,4.233,4.511,14.701,6.147,1.025,4.34,1.271,0.0,0.041
train,200613,reject,frame_crossing+arena+ref_contact,4.473,5.795,14.691,8.12,1.317,5.892,1.333,2.0,0.0
train,200614,reject,frame_crossing+arena+ref_contact,3.814,5.257,14.756,10.031,1.195,4.556,1.128,1.0,0.0
train,200615,reject,frame_crossing+arena+ref_contact,4.711,5.564,14.716,8.512,1.265,5.958,1.436,2.0,0.0
train,200616,reject,frame_crossing+arena+ref_contact,4.608,4.83,14.621,8.368,1.098,5.058,1.153,2.0,0.0
train,200617,reject,arena+ref_contact,5.007,5.247,14.653,9.521,1.192,5.971,1.015,0.0,0.0
train,200618,reject,frame_crossing+arena+ref_contact,4.685,5.305,14.761,9.381,1.206,5.649,1.171,3.0,0.0
train,200619,reject,frame_crossing+arena+ref_contact,4.745,5.612,14.744,7.544,1.275,6.052,1.3,1.0,0.0
train,200620,reject,arena,4.278,4.122,14.438,4.236,1.0,4.278,1.072,0.0,0.036
train,200621,reject,frame_crossing+arena+ref_contact,4.545,4.685,14.577,6.601,1.065,4.84,1.53,1.0,0.0
train,200622,reject,arena,4.23,5.397,14.652,8.22,1.227,5.188,1.13,0.0,0.052
train,200623,reject,frame_crossing+arena+ref_contact,5.165,5.155,14.662,10.011,1.172,6.05,1.626,1.0,0.0
train,200624,reject,frame_crossing+arena+ref_contact,5.109,4.839,14.719,7.838,1.1,5.62,1.153,1.0,0.0
train,200625,reject,arena+frame_margin,4.19,3.51,14.679,6.005,1.0,4.19,1.047,0.0,0.026
train,200626,reject,frame_crossing+arena+ref_contact,4.484,4.405,14.534,7.62,1.001,4.49,1.694,2.0,0.0
train,200627,reject,frame_crossing+arena+frame_margin,4.78,6.281,14.765,6.234,1.427,6.824,1.553,1.0,0.001
train,200628,reject,frame_crossing+arena+ref_contact,4.325,4.937,14.731,9.168,1.122,4.852,1.311,1.0,0.0
train,200629,reject,frame_crossing+ref_contact,4.37,5.045,14.695,5.8,1.147,5.011,1.107,1.0,0.0
train,200630,reject,frame_crossing+arena+ref_contact,4.502,3.871,14.76,4.877,1.0,4.502,1.542,2.0,0.0
train,200631,reject,frame_crossing+arena+ref_contact,4.51,6.135,14.637,7.025,1.394,6.288,1.363,2.0,0.0
train,200632,reject,frame_crossing+arena+ref_contact,4.304,4.932,14.736,10.697,1.121,4.825,1.47,3.0,0.0
train,200633,reject,frame_crossing+arena+ref_contact,4.849,4.221,14.536,5.415,1.0,4.849,1.245,1.0,0.0
train,200634,reject,frame_crossing+arena+ref_contact,4.938,5.997,14.654,8.34,1.363,6.731,2.177,2.0,0.0
train,200635,reject,frame_crossing+arena+ref_contact,4.91,6.048,14.702,6.728,1.374,6.748,1.148,1.0,0.0
train,200636,reject,frame_crossing+arena+ref_contact,4.305,4.633,14.646,7.078,1.053,4.533,1.363,1.0,0.0
train,200637,reject,frame_crossing+arena+ref_contact,4.563,6.153,14.697,10.238,1.398,6.38,1.739,1.0,0.0
train,200638,reject,frame_crossing+arena+ref_contact,4.778,5.583,14.736,7.634,1.269,6.063,2.019,1.0,0.0
train,200639,reject,frame_crossing+arena+ref_contact,4.81,5.083,14.656,7.591,1.155,5.556,1.481,1.0,0.0
train,200640,reject,frame_crossing+arena+ref_contact,4.848,6.336,14.676,7.155,1.44,6.981,1.073,1.0,0.0
train,200641,reject,frame_crossing+ref_contact,4.299,5.537,14.691,7.851,1.258,5.411,1.176,2.0,0.0
train,200642,reject,frame_crossing+arena+ref_contact,4.293,3.928,14.733,5.155,1.0,4.293,1.172,2.0,0.0
train,200643,reject,frame_crossing+arena+ref_contact,4.486,5.745,14.708,8.616,1.306,5.857,1.597,2.0,0.0
train,200644,reject,frame_crossing+arena+ref_contact,4.789,4.848,14.644,9.135,1.102,5.277,1.47,2.0,0.0
train,200645,reject,frame_crossing+arena+ref_contact,4.604,4.88,14.686,6.794,1.109,5.106,1.148,1.0,0.0
train,200646,reject,frame_crossing+arena+ref_contact,4.769,5.545,14.58,9.39,1.26,6.01,2.037,2.0,0.0
train,200647,reject,frame_crossing+arena+ref_contact,3.974,4.347,14.734,9.62,1.0,3.974,1.614,2.0,0.0
train,200648,reject,arena+ref_contact,4.7,5.623,14.759,8.58,1.278,6.006,1.542,0.0,0.0
train,200649,reject,frame_crossing+arena+ref_contact,4.727,5.525,14.683,9.745,1.256,5.936,1.058,2.0,0.0
train,200650,reject,frame_crossing+arena+ref_contact,4.642,5.344,14.691,8.325,1.214,5.638,1.53,1.0,0.0
train,200651,reject,frame_margin,4.817,4.839,14.676,8.277,1.1,5.298,1.047,0.0,0.011
train,200652,reject,frame_crossing+arena+ref_contact,4.752,6.393,14.703,9.936,1.453,6.905,1.984,3.0,0.0
train,200653,reject,frame_crossing+arena+ref_contact,4.4,4.503,14.592,7.592,1.024,4.503,1.029,3.0,0.0
train,200654,reject,frame_crossing+arena+ref_contact,5.032,5.255,14.657,7.171,1.194,6.009,1.644,4.0,0.0
train,200655,reject,frame_crossing+arena+ref_contact,4.356,6.006,14.707,7.038,1.365,5.946,1.245,1.0,0.0
train,200656,reject,frame_crossing+arena+ref_contact,5.205,6.378,14.719,9.76,1.45,7.545,2.38,2.0,0.0
train,200657,reject,frame_crossing+arena+ref_contact,4.446,4.11,14.75,6.328,1.0,4.446,1.172,1.0,0.0
train,200658,reject,frame_crossing+arena+ref_contact,4.773,6.495,14.628,6.192,1.476,7.046,1.337,2.0,0.0
train,200659,reject,arena,4.552,5.136,14.724,8.899,1.167,5.314,2.125,0.0,0.042
train,200660,reject,frame_crossing+arena+ref_contact,4.482,4.463,14.582,7.187,1.014,4.546,1.058,1.0,0.0
train,200661,reject,frame_crossing+arena+ref_contact,4.892,5.256,14.669,6.961,1.195,5.844,1.047,1.0,0.0
train,200662,reject,frame_crossing+arena+ref_contact,4.458,5.32,14.628,6.265,1.209,5.39,1.293,1.0,0.0
train,200663,reject,frame_crossing+arena+ref_contact,5.338,6.196,14.709,10.036,1.408,7.517,2.497,3.0,0.0
train,200664,reject,arena,3.828,4.323,14.743,8.596,1.0,3.828,1.231,0.0,0.037
train,200665,reject,frame_crossing+arena+ref_contact,4.524,5.509,14.7,10.031,1.252,5.663,1.582,3.0,0.0
train,200666,reject,frame_crossing+arena+ref_contact,4.981,6.288,14.593,7.446,1.429,7.118,1.047,2.0,0.0
train,200667,reject,frame_crossing+arena+ref_contact,4.914,5.125,14.613,8.801,1.165,5.724,1.128,2.0,0.0
train,200668,reject,frame_crossing+arena+ref_contact,4.128,5.483,14.682,5.753,1.246,5.144,1.031,1.0,0.0
train,200669,reject,frame_crossing+arena+ref_contact,5.131,6.247,14.741,6.619,1.42,7.285,1.62,2.0,0.0
train,200670,reject,frame_crossing+arena+ref_contact,5.004,5.142,14.539,7.684,1.169,5.848,2.217,3.0,0.0
train,200671,reject,arena,3.979,5.578,14.726,5.567,1.268,5.044,1.687,0.0,0.04
train,200672,reject,frame_crossing+arena+ref_contact,4.649,4.952,14.552,8.679,1.125,5.232,1.072,3.0,0.0
train,200673,reject,frame_crossing+arena+ref_contact,4.769,5.679,14.696,9.803,1.291,6.154,2.213,2.0,0.0
train,200674,reject,frame_crossing+arena+ref_contact,5.165,5.678,14.757,9.16,1.29,6.665,1.84,3.0,0.0
train,200675,reject,frame_crossing+arena+ref_contact,4.653,5.399,14.58,7.725,1.227,5.71,1.506,1.0,0.0
train,200676,reject,frame_crossing+arena+ref_contact,4.197,5.037,14.742,6.273,1.145,4.804,1.172,1.0,0.0
train,200677,reject,arena,4.579,5.578,14.664,6.09,1.268,5.805,2.0,0.0,0.036
train,200678,pass,,4.527,6.219,14.746,5.692,1.413,6.398,1.301,0.0,0.037
train,200679,reject,frame_crossing+arena+ref_contact,4.518,4.323,14.597,9.225,1.0,4.518,1.506,1.0,0.0
train,200680,reject,frame_crossing+arena+ref_contact,4.662,5.308,14.658,6.614,1.206,5.624,1.103,2.0,0.0
train,200681,reject,frame_crossing+arena+ref_contact,4.079,5.973,14.648,5.776,1.358,5.537,1.506,1.0,0.0
train,200682,reject,frame_crossing+arena+ref_contact,4.556,6.099,14.639,7.493,1.386,6.316,1.266,2.0,0.0
train,200683,reject,arena,4.639,5.443,14.745,8.212,1.237,5.739,1.405,0.0,0.038
train,200684,reject,frame_crossing+arena+ref_contact,4.697,5.881,14.644,7.32,1.337,6.278,1.433,1.0,0.0
train,200685,reject,frame_crossing+arena+ref_contact,4.761,6.299,14.621,7.051,1.432,6.815,1.429,1.0,0.0
train,200686,reject,frame_crossing+arena+ref_contact,4.327,5.902,14.705,9.278,1.341,5.804,1.228,2.0,0.0
train,200687,reject,frame_crossing+arena+ref_contact,5.014,5.535,14.72,7.616,1.258,6.308,1.754,1.0,0.0
train,200688,reject,frame_crossing+arena+ref_contact,5.031,6.473,14.597,6.689,1.471,7.401,1.097,1.0,0.0
train,200689,reject,frame_crossing+arena+ref_contact,4.305,4.479,14.65,7.019,1.018,4.382,1.148,2.0,0.0
train,200690,reject,arena,4.2,5.769,14.685,6.013,1.311,5.507,1.109,0.0,0.039
train,200691,reject,frame_crossing+arena+ref_contact,5.01,5.748,14.665,9.147,1.306,6.544,2.447,1.0,0.0
train,200692,reject,frame_crossing+arena+ref_contact,5.215,5.476,14.657,7.222,1.244,6.49,1.735,2.0,0.0
train,200693,reject,frame_crossing+arena+ref_contact,4.461,5.016,14.568,6.763,1.14,5.085,1.44,1.0,0.0
train,200694,reject,frame_crossing+arena+ref_contact,4.512,3.986,14.694,6.32,1.0,4.512,1.181,1.0,0.0
train,200695,reject,arena+frame_margin,4.645,4.57,14.696,8.291,1.039,4.824,1.148,0.0,0.012
train,200696,reject,frame_crossing+arena+ref_contact,4.294,5.73,14.742,7.385,1.302,5.593,2.195,3.0,0.0
train,200697,reject,frame_crossing+arena+ref_contact,4.217,6.032,14.739,6.867,1.371,5.78,1.398,1.0,0.0
train,200698,reject,frame_crossing+arena+ref_contact,4.492,5.793,14.589,9.038,1.317,5.914,1.35,2.0,0.0
train,200699,reject,frame_crossing+ref_contact,4.658,5.372,14.646,8.109,1.221,5.686,1.348,2.0,0.0
train,200700,reject,frame_crossing+ref_contact,4.515,4.818,14.693,4.732,1.095,4.944,1.311,1.0,0.0
train,200701,reject,frame_crossing+arena+ref_contact,4.125,4.153,14.736,8.574,1.0,4.125,1.328,1.0,0.0
train,200702,reject,frame_crossing+ref_contact,5.102,5.381,14.776,10.253,1.223,6.24,2.313,2.0,0.0
train,200703,reject,arena,4.153,3.757,14.508,5.92,1.0,4.153,1.032,0.0,0.039
train,200704,reject,arena,4.184,4.583,14.719,4.395,1.042,4.358,1.063,0.0,0.036
train,200705,reject,frame_crossing+arena+ref_contact,4.415,4.885,14.73,7.54,1.11,4.902,1.13,1.0,0.0
train,200706,reject,frame_crossing+arena+ref_contact,4.459,5.393,14.532,9.837,1.226,5.464,1.323,2.0,0.0
train,200707,reject,arena,4.583,5.143,14.62,7.3,1.169,5.356,1.384,0.0,0.046
train,200708,reject,frame_crossing+arena+ref_contact,4.419,4.969,14.663,6.398,1.129,4.99,1.109,1.0,0.0
train,200709,reject,frame_crossing+arena+ref_contact,5.181,5.882,14.646,8.695,1.337,6.925,2.059,2.0,0.0
train,200710,reject,arena,4.626,6.036,14.71,6.71,1.372,6.346,1.293,0.0,0.037
train,200711,reject,frame_crossing+arena+ref_contact,4.764,4.553,14.682,9.186,1.035,4.929,1.383,2.0,0.0
train,200712,reject,frame_crossing+arena+ref_contact,4.953,5.661,14.699,8.992,1.286,6.372,1.639,2.0,0.0
train,200713,reject,frame_crossing+ref_contact,4.193,5.226,14.586,9.59,1.188,4.981,1.271,2.0,0.0
train,200714,reject,frame_crossing+arena+ref_contact,4.455,5.867,14.726,7.633,1.333,5.941,1.837,1.0,0.0
train,200715,reject,frame_crossing+arena+ref_contact,3.965,5.658,14.695,7.35,1.286,5.098,1.451,1.0,0.0
train,200716,reject,frame_crossing+arena+ref_contact,4.58,4.759,14.775,9.686,1.082,4.955,1.372,2.0,0.0
train,200717,reject,frame_crossing+arena+ref_contact,4.743,5.884,14.681,5.878,1.337,6.343,1.571,1.0,0.0
train,200718,reject,frame_crossing+arena+ref_contact,4.981,5.429,14.71,8.6,1.234,6.146,1.84,3.0,0.0
train,200719,reject,frame_crossing+arena+ref_contact,4.403,3.813,14.651,6.995,1.0,4.403,1.058,2.0,0.0
train,200720,reject,frame_crossing+ref_contact,4.673,4.865,14.561,6.431,1.106,5.167,1.263,3.0,0.0
train,200721,reject,frame_crossing+arena+ref_contact,4.415,5.5,14.722,6.013,1.25,5.519,1.029,3.0,0.0
train,200722,reject,frame_crossing+arena+ref_contact,4.855,5.181,14.724,9.6,1.178,5.718,1.035,3.0,0.0
train,200723,reject,frame_crossing+arena+ref_contact,4.134,4.805,14.696,5.78,1.092,4.515,1.311,1.0,0.0
train,200724,reject,frame_crossing+ref_contact,4.21,4.411,14.799,9.302,1.003,4.221,1.28,3.0,0.0
train,200725,reject,frame_crossing+arena+ref_contact,4.431,4.376,14.765,7.502,1.0,4.431,1.097,1.0,0.0
train,200726,reject,frame_crossing+arena+ref_contact,4.837,5.453,14.59,7.423,1.239,5.994,1.984,1.0,0.0
train,200727,reject,arena,4.408,6.24,14.686,6.141,1.418,6.251,1.245,0.0,0.065
train,200728,reject,frame_crossing+arena+ref_contact,4.6,5.152,14.768,9.999,1.171,5.386,1.348,4.0,0.0
train,200729,reject,arena,4.168,4.532,14.638,6.005,1.03,4.293,1.433,0.0,0.042
train,200730,reject,frame_crossing+arena+ref_contact,4.961,5.744,14.705,9.203,1.305,6.476,1.031,2.0,0.0
train,200731,reject,frame_crossing+arena+ref_contact,4.551,4.962,14.709,8.045,1.128,5.133,1.235,2.0,0.0
train,200732,reject,frame_crossing+arena+ref_contact,4.765,5.297,14.76,9.066,1.204,5.737,1.873,1.0,0.0
train,200733,reject,arena,4.391,4.868,14.562,8.181,1.106,4.858,1.053,0.0,0.036
train,200734,reject,arena,3.469,5.287,14.716,5.993,1.201,4.169,1.097,0.0,0.052
train,200735,reject,frame_crossing+arena+ref_contact,4.341,5.64,14.743,6.655,1.282,5.564,1.026,1.0,0.0
train,200736,reject,frame_crossing+arena+ref_contact,4.868,4.321,14.631,7.827,1.0,4.868,1.073,1.0,0.0
train,200737,reject,frame_crossing+arena+ref_contact,4.725,5.596,14.591,6.441,1.272,6.009,1.383,1.0,0.0
train,200738,reject,frame_crossing+arena+ref_contact,4.69,5.224,14.621,7.552,1.187,5.568,1.396,3.0,0.0
train,200739,reject,frame_crossing+arena+ref_contact,4.514,5.328,14.647,6.461,1.211,5.466,1.031,1.0,0.0
train,200740,reject,arena,4.388,6.057,14.713,5.801,1.377,6.041,1.235,0.0,0.054
train,200741,reject,frame_crossing+ref_contact,4.507,4.496,14.618,8.362,1.022,4.605,1.176,2.0,0.0
train,200742,reject,frame_crossing+ref_contact,4.768,5.976,14.503,7.393,1.358,6.476,1.569,1.0,0.0
train,200743,reject,frame_crossing+arena+ref_contact,4.194,5.296,14.666,8.279,1.204,5.048,1.71,1.0,0.0
train,200744,reject,frame_crossing+arena+ref_contact,4.517,5.265,14.732,7.655,1.197,5.405,1.858,2.0,0.0
train,200745,reject,arena,4.142,3.368,14.581,5.592,1.0,4.142,1.235,0.0,0.036
train,200746,reject,frame_crossing+arena+ref_contact,4.317,4.462,14.719,9.486,1.014,4.378,1.274,1.0,0.0
train,200747,pass,,3.837,3.801,14.775,6.837,1.0,3.837,1.337,0.0,0.036
train,200748,reject,frame_crossing+arena+ref_contact,4.274,5.022,14.613,5.274,1.141,4.878,1.13,1.0,0.0
train,200749,reject,frame_crossing+arena+ref_contact,4.544,4.568,14.65,6.932,1.038,4.717,1.118,1.0,0.0
train,200750,reject,frame_crossing+ref_contact,4.413,5.743,14.596,6.811,1.305,5.76,1.699,1.0,0.0
train,200751,reject,frame_crossing+arena+ref_contact,4.682,4.939,14.712,8.464,1.122,5.255,1.47,1.0,0.0
train,200752,reject,frame_crossing+arena+ref_contact,4.701,6.265,14.709,6.05,1.424,6.694,1.13,1.0,0.0
train,200753,reject,frame_crossing+arena+ref_contact,4.999,5.28,14.695,9.601,1.2,5.998,1.792,1.0,0.0
train,200754,reject,arena,3.711,5.422,14.686,5.456,1.232,4.573,1.148,0.0,0.043
train,200755,reject,frame_crossing+arena+ref_contact,4.282,4.356,14.596,5.676,1.0,4.282,1.043,2.0,0.0
train,200756,reject,frame_crossing+arena+ref_contact,4.478,5.467,14.623,7.988,1.243,5.565,2.118,3.0,0.0
train,200757,reject,frame_crossing+arena+ref_contact,4.684,5.158,14.676,7.32,1.172,5.491,1.263,1.0,0.0
train,200758,reject,frame_crossing+arena+ref_contact,4.809,6.215,14.601,7.004,1.412,6.792,1.058,4.0,0.0
train,200759,reject,frame_crossing+arena+ref_contact,4.373,3.613,14.496,6.472,1.0,4.373,1.032,1.0,0.0
train,200760,reject,frame_crossing+arena+ref_contact,4.623,5.12,14.73,6.933,1.164,5.38,1.44,1.0,0.0
train,200761,reject,frame_crossing+arena+ref_contact,4.284,4.954,14.688,8.755,1.126,4.823,1.274,3.0,0.0
train,200762,reject,arena,3.7,5.65,14.618,6.903,1.284,4.751,1.063,0.0,0.032
train,200763,reject,arena,4.433,3.963,14.57,5.429,1.0,4.433,1.148,0.0,0.04
train,200764,reject,frame_crossing+ref_contact,5.016,5.573,14.666,10.309,1.266,6.353,2.278,2.0,0.0
train,200765,reject,frame_crossing+arena+ref_contact,4.896,4.961,14.693,8.177,1.127,5.52,1.339,2.0,0.0
train,200766,reject,frame_crossing+arena+frame_margin,4.981,5.252,14.637,7.175,1.194,5.945,1.128,1.0,0.007
train,200767,reject,frame_crossing+arena+ref_contact,4.466,5.398,14.683,8.018,1.227,5.479,1.44,1.0,0.0
train,200768,reject,frame_crossing+arena+ref_contact,4.355,5.375,14.656,7.305,1.222,5.32,1.339,1.0,0.0
train,200769,reject,frame_crossing+arena+ref_contact,4.899,5.468,14.73,7.3,1.243,6.088,2.443,1.0,0.0
train,200770,reject,arena,4.762,5.118,14.717,7.606,1.163,5.539,1.328,0.0,0.037
train,200771,reject,arena,4.742,4.846,14.536,6.943,1.101,5.223,1.451,0.0,0.054
train,200772,reject,frame_crossing+arena+ref_contact,4.425,5.209,14.659,7.368,1.184,5.239,1.327,2.0,0.0
train,200773,reject,frame_crossing+arena+ref_contact,4.902,6.525,14.773,6.961,1.483,7.27,1.496,1.0,0.0
train,200774,reject,frame_crossing+arena+ref_contact,3.986,5.332,14.638,7.21,1.212,4.83,1.47,1.0,0.0
train,200775,reject,frame_crossing+arena+ref_contact,4.53,4.765,14.645,6.859,1.083,4.905,1.245,1.0,0.0
train,200776,reject,frame_crossing+arena+ref_contact,4.877,6.432,14.743,9.078,1.462,7.129,1.249,2.0,0.0
train,200777,reject,arena,4.293,5.76,14.773,5.791,1.309,5.62,1.335,0.0,0.036
train,200778,reject,arena,4.087,5.242,14.61,7.123,1.191,4.869,1.792,0.0,0.041
train,200779,reject,frame_crossing+arena+ref_contact,3.977,5.109,14.703,6.265,1.161,4.618,1.396,2.0,0.0
train,200780,reject,frame_crossing+arena+frame_margin,4.369,4.974,14.758,6.853,1.131,4.939,1.031,1.0,0.003
train,200781,reject,frame_crossing+arena+ref_contact,4.796,5.065,14.775,9.074,1.151,5.521,1.895,2.0,0.0
train,200782,reject,frame_crossing+arena+ref_contact,4.645,5.868,14.735,9.5,1.334,6.194,1.739,1.0,0.0
train,200783,reject,frame_crossing+arena+ref_contact,4.388,4.644,14.669,7.771,1.055,4.631,1.35,1.0,0.0
train,200784,reject,frame_crossing+ref_contact,4.534,5.641,14.627,7.748,1.282,5.813,1.895,2.0,0.0
train,200785,reject,arena,4.606,3.983,14.604,6.109,1.0,4.606,1.032,0.0,0.031
train,200786,reject,frame_crossing+arena+ref_contact,4.484,5.746,14.606,9.898,1.306,5.855,1.596,1.0,0.0
train,200787,reject,frame_crossing+arena+ref_contact,4.518,4.798,14.662,6.188,1.09,4.926,1.031,1.0,0.0
train,200788,reject,frame_crossing+arena+ref_contact,4.578,5.938,14.761,5.895,1.35,6.178,1.073,2.0,0.0
train,200789,reject,arena+frame_margin,4.391,5.134,14.641,8.366,1.167,5.124,1.323,0.0,0.029
train,200790,reject,frame_crossing+arena+ref_contact,5.19,4.688,14.71,8.139,1.065,5.53,1.523,1.0,0.0
train,200791,reject,frame_crossing+arena+ref_contact,4.834,6.43,14.596,10.269,1.461,7.064,2.718,2.0,0.0
train,200792,reject,frame_crossing+arena+ref_contact,4.73,5.529,14.721,9.299,1.257,5.944,1.029,2.0,0.0
train,200793,reject,frame_crossing+arena+frame_margin,4.376,5.414,14.734,5.914,1.23,5.384,1.029,1.0,0.029
train,200794,reject,frame_crossing+arena+ref_contact,3.97,4.484,14.671,5.523,1.019,4.045,1.235,1.0,0.0
train,200795,reject,frame_crossing+arena+ref_contact,4.793,6.237,14.706,6.02,1.418,6.794,1.13,2.0,0.0
train,200796,reject,arena,4.422,3.662,14.735,5.288,1.0,4.422,1.153,0.0,0.036
train,200797,reject,frame_crossing+arena+ref_contact,4.323,5.118,14.649,9.043,1.163,5.029,1.311,1.0,0.0
train,200798,reject,frame_crossing+arena+ref_contact,4.747,6.078,14.711,6.967,1.381,6.557,1.952,1.0,0.0
train,200799,reject,frame_crossing+arena+ref_contact,4.636,5.425,14.653,9.572,1.233,5.715,1.849,2.0,0.0
train,200800,reject,frame_crossing+arena+ref_contact,4.97,5.281,14.638,9.317,1.2,5.964,1.694,2.0,0.0
train,200801,reject,frame_crossing+arena+ref_contact,4.276,5.303,14.781,5.954,1.205,5.154,1.228,1.0,0.0
train,200802,reject,frame_crossing+arena+ref_contact,5.011,6.304,14.609,9.523,1.433,7.179,2.259,1.0,0.0
train,200803,reject,frame_crossing+arena+ref_contact,5.2,6.61,14.681,8.042,1.502,7.813,2.598,1.0,0.0
train,200804,reject,frame_crossing+arena+ref_contact,4.77,5.131,14.687,9.973,1.166,5.563,1.47,2.0,0.0
train,200805,reject,frame_crossing+arena+ref_contact,5.142,4.584,14.744,9.606,1.042,5.358,1.029,2.0,0.0
train,200806,reject,frame_crossing+arena+ref_contact,4.329,5.555,14.568,6.913,1.262,5.466,1.228,2.0,0.0
train,200807,reject,arena+frame_margin,4.513,5.181,14.752,9.272,1.177,5.313,1.403,0.0,0.02
train,200808,reject,frame_crossing+arena+ref_contact,4.975,4.815,14.649,9.057,1.094,5.445,1.031,2.0,0.0
train,200809,reject,frame_crossing+ref_contact,4.246,5.243,14.733,8.294,1.192,5.06,1.553,1.0,0.0
train,200810,reject,frame_crossing+ref_contact,4.457,5.15,14.58,7.045,1.17,5.217,1.109,2.0,0.0
train,200811,reject,frame_crossing+arena+ref_contact,4.668,5.266,14.588,8.208,1.197,5.587,1.043,1.0,0.0
train,200812,reject,frame_crossing+arena+ref_contact,4.579,4.599,14.708,8.037,1.045,4.786,1.029,3.0,0.0
train,200813,reject,frame_crossing+arena+ref_contact,4.46,5.171,14.731,6.091,1.175,5.242,1.434,1.0,0.0
train,200814,reject,frame_crossing+arena+ref_contact,4.473,4.647,14.666,9.271,1.056,4.725,1.077,2.0,0.0
train,200815,reject,frame_crossing+arena+ref_contact,4.471,5.416,14.692,8.895,1.231,5.504,1.219,1.0,0.0
train,200816,reject,frame_crossing+arena+ref_contact,4.579,4.947,14.664,8.019,1.124,5.148,1.592,1.0,0.0
train,200817,reject,frame_crossing+arena+ref_contact,4.519,5.264,14.572,10.035,1.196,5.406,1.695,3.0,0.0
train,200818,reject,frame_crossing+arena+ref_contact,4.882,4.425,14.571,7.281,1.006,4.91,1.926,2.0,0.0
train,200819,pass,,3.822,5.039,14.708,5.441,1.145,4.378,1.032,0.0,0.048
train,200820,reject,arena+frame_margin,4.635,5.207,14.78,9.101,1.183,5.485,1.807,0.0,0.024
train,200821,reject,arena,4.668,4.582,14.733,7.59,1.041,4.861,1.28,0.0,0.037
train,200822,reject,frame_crossing+arena+ref_contact,4.666,4.642,14.64,7.667,1.055,4.923,1.694,1.0,0.0
train,200823,reject,frame_crossing+arena+ref_contact,4.581,6.071,14.786,7.696,1.38,6.321,1.301,3.0,0.0
train,200824,reject,frame_crossing+arena+ref_contact,4.489,4.319,14.694,7.169,1.0,4.489,1.181,1.0,0.0
train,200825,reject,arena,4.073,4.723,14.736,6.399,1.073,4.373,1.794,0.0,0.043
train,200826,reject,frame_crossing+arena+ref_contact,4.443,4.69,14.697,7.805,1.066,4.736,1.109,1.0,0.0
train,200827,reject,frame_crossing+arena+ref_contact,4.243,4.746,14.735,5.936,1.079,4.577,1.267,1.0,0.0
train,200828,reject,frame_crossing+arena+ref_contact,4.93,4.746,14.703,7.073,1.079,5.318,1.13,3.0,0.0
train,200829,reject,arena,5.007,5.953,14.674,7.016,1.353,6.774,1.128,0.0,0.037
train,200830,reject,frame_crossing+arena+ref_contact,4.388,4.541,14.549,8.364,1.032,4.528,1.488,1.0,0.0
train,200831,reject,frame_crossing+arena+ref_contact,4.295,5.752,14.727,5.74,1.307,5.615,1.506,1.0,0.0
train,200832,reject,arena,4.186,3.85,14.619,4.673,1.0,4.186,1.077,0.0,0.036
train,200833,reject,frame_crossing+arena+ref_contact,5.091,5.834,14.732,8.823,1.326,6.75,1.403,2.0,0.0
train,200834,reject,frame_crossing+arena+ref_contact,4.084,5.301,14.658,6.727,1.205,4.92,1.107,1.0,0.0
train,200835,reject,frame_crossing+arena+ref_contact,5.116,6.221,14.715,8.858,1.414,7.234,1.694,2.0,0.0
train,200836,reject,arena,4.596,5.14,14.627,7.861,1.168,5.368,1.043,0.0,0.035
train,200837,reject,arena+frame_margin,4.127,5.753,14.598,8.964,1.307,5.396,1.043,0.0,0.029
train,200838,reject,frame_crossing+arena+ref_contact,4.741,6.31,14.65,8.077,1.434,6.799,1.506,4.0,0.0
train,200839,reject,arena,3.748,5.654,14.662,5.908,1.285,4.817,1.198,0.0,0.036
train,200840,reject,frame_crossing+arena+ref_contact,4.588,5.082,14.478,8.186,1.155,5.299,1.148,2.0,0.0
train,200841,reject,frame_crossing+ref_contact,3.883,3.945,14.793,5.524,1.0,3.883,1.363,1.0,0.0
train,200842,reject,arena+frame_margin,4.229,4.071,14.609,6.718,1.0,4.229,1.37,0.0,0.0
train,200843,reject,frame_crossing+arena+ref_contact,4.293,4.254,14.668,8.929,1.0,4.293,1.263,1.0,0.0
train,200844,reject,frame_crossing+arena+ref_contact,4.443,4.402,14.648,9.067,1.001,4.445,1.198,2.0,0.0
train,200845,reject,frame_crossing+arena+ref_contact,5.216,6.415,14.677,7.656,1.458,7.604,1.951,1.0,0.0
train,200846,reject,frame_crossing+arena+ref_contact,5.112,5.6,14.666,7.535,1.273,6.506,1.687,1.0,0.0
train,200847,reject,frame_crossing+arena+ref_contact,5.11,5.588,14.674,9.65,1.27,6.489,2.118,1.0,0.0
train,200848,reject,frame_crossing+arena+ref_contact,4.627,5.123,14.778,7.927,1.164,5.387,1.172,1.0,0.0
train,200849,reject,frame_crossing+arena+ref_contact,4.237,4.935,14.67,5.824,1.122,4.753,1.641,1.0,0.0
train,200850,reject,frame_crossing+arena+ref_contact,4.621,5.422,14.632,5.537,1.232,5.694,1.031,1.0,0.0
train,200851,reject,frame_crossing+arena+ref_contact,4.844,4.977,14.706,8.892,1.131,5.479,1.836,3.0,0.0
train,200852,reject,frame_crossing+arena+ref_contact,4.688,4.538,14.656,6.893,1.031,4.835,1.311,1.0,0.0
train,200853,reject,frame_crossing+ref_contact,4.559,5.621,14.72,6.821,1.278,5.824,1.529,1.0,0.0
train,200854,reject,frame_crossing+arena+ref_contact,4.969,5.974,14.638,10.07,1.358,6.746,1.936,5.0,0.0
train,200855,reject,frame_crossing+arena+ref_contact,4.219,3.77,14.776,5.651,1.0,4.219,1.118,1.0,0.0
train,200856,reject,frame_crossing+arena+ref_contact,4.408,4.454,14.752,6.555,1.012,4.462,1.491,2.0,0.0
train,200857,reject,frame_crossing+arena+ref_contact,4.576,5.746,14.578,9.147,1.306,5.976,1.856,1.0,0.0
train,200858,reject,frame_crossing+arena+ref_contact,4.199,4.942,14.538,4.587,1.123,4.717,1.293,1.0,0.0
train,200859,reject,frame_crossing+arena+ref_contact,5.058,5.38,14.748,8.324,1.223,6.184,1.058,1.0,0.0
train,200860,reject,frame_crossing+arena+ref_contact,4.35,5.047,14.652,7.049,1.147,4.989,1.858,2.0,0.0
train,200861,reject,frame_crossing+arena+ref_contact,4.791,5.746,14.672,10.529,1.306,6.256,1.148,3.0,0.0
train,200862,reject,frame_crossing+arena+ref_contact,4.14,4.939,14.69,7.323,1.123,4.647,1.654,1.0,0.0
train,200863,reject,frame_crossing+arena+ref_contact,4.01,5.199,14.718,6.555,1.182,4.738,1.118,3.0,0.0
train,200864,reject,frame_crossing+arena+ref_contact,4.821,6.4,14.736,8.241,1.455,7.012,2.037,4.0,0.0
train,200865,reject,frame_crossing+arena+ref_contact,4.356,4.622,14.663,8.17,1.05,4.576,1.148,2.0,0.0
train,200866,reject,frame_crossing+arena+ref_contact,4.464,4.728,14.746,9.43,1.075,4.797,1.873,1.0,0.0
train,200867,reject,frame_crossing+arena+ref_contact,4.601,5.341,14.604,8.487,1.214,5.586,1.772,3.0,0.0
train,200868,reject,frame_crossing+arena+ref_contact,4.531,5.094,14.738,8.323,1.158,5.245,1.636,2.0,0.0
train,200869,reject,arena,3.943,5.557,14.721,6.895,1.263,4.979,1.419,0.0,0.038
train,200870,reject,frame_crossing+arena+ref_contact,4.864,6.289,14.681,7.551,1.429,6.952,1.328,2.0,0.0
train,200871,reject,frame_crossing+arena+ref_contact,4.706,4.962,14.675,10.461,1.128,5.307,1.13,3.0,0.0
train,200872,reject,arena,4.338,5.838,14.66,7.038,1.327,5.755,2.267,0.0,0.043
train,200873,reject,arena,4.208,4.684,14.665,8.257,1.064,4.479,1.436,0.0,0.036
train,200874,reject,frame_crossing+arena+ref_contact,4.757,6.455,14.728,5.9,1.467,6.98,1.547,1.0,0.0
train,200875,reject,arena,4.464,5.884,14.646,6.991,1.337,5.97,1.058,0.0,0.052
train,200876,reject,frame_crossing+arena+ref_contact,4.697,5.671,14.711,6.875,1.289,6.054,1.333,2.0,0.0
train,200877,reject,arena+ref_contact,4.114,4.757,14.579,5.169,1.081,4.448,1.133,0.0,0.0
train,200878,reject,arena,4.606,5.628,14.706,5.816,1.279,5.891,1.118,0.0,0.046
train,200879,reject,frame_crossing+arena+ref_contact,4.578,5.37,14.598,8.275,1.221,5.588,1.547,1.0,0.0
train,200880,reject,frame_crossing+arena+ref_contact,4.492,5.153,14.705,7.115,1.171,5.261,1.47,1.0,0.0
train,200881,reject,frame_crossing+arena+ref_contact,4.63,5.879,14.655,10.077,1.336,6.186,1.473,1.0,0.0
train,200882,reject,frame_crossing+arena+ref_contact,5.043,5.422,14.735,9.257,1.232,6.214,1.816,1.0,0.0
train,200883,reject,frame_crossing+arena+ref_contact,4.848,6.62,14.607,7.196,1.505,7.294,1.37,2.0,0.0
train,200884,reject,arena,4.089,4.795,14.665,7.735,1.09,4.456,1.267,0.0,0.057
train,200885,reject,arena+frame_margin,4.836,6.739,14.735,6.18,1.532,7.407,1.263,0.0,0.026
train,200886,reject,frame_crossing+arena+ref_contact,4.768,4.836,14.715,8.651,1.099,5.24,1.176,2.0,0.0
train,200887,reject,frame_crossing+arena+ref_contact,4.517,4.713,14.707,6.976,1.071,4.838,1.363,2.0,0.0
train,200888,reject,frame_crossing+ref_contact,4.34,5.203,14.57,9.114,1.183,5.133,1.37,2.0,0.0
train,200889,reject,frame_crossing+arena+ref_contact,4.602,5.698,14.558,7.029,1.295,5.96,1.266,1.0,0.0
train,200890,reject,ref_contact,4.258,3.432,14.559,5.311,1.0,4.258,1.249,0.0,0.0
train,200891,reject,frame_crossing+arena+ref_contact,4.927,5.861,14.719,9.119,1.332,6.563,1.687,1.0,0.0
train,200892,pass,,3.793,4.456,14.704,6.009,1.013,3.841,1.031,0.0,0.036
train,200893,reject,frame_crossing+arena+ref_contact,4.736,5.28,14.673,7.279,1.2,5.684,1.335,3.0,0.0
train,200894,reject,frame_crossing+arena+ref_contact,4.326,4.49,14.685,5.944,1.02,4.414,1.133,1.0,0.0
train,200895,reject,frame_crossing+ref_contact,5.112,5.61,14.654,9.278,1.275,6.519,1.109,1.0,0.0
train,200896,reject,frame_crossing+arena+ref_contact,3.917,5.092,14.592,6.525,1.157,4.533,1.639,1.0,0.0
train,200897,reject,frame_crossing+arena+ref_contact,4.893,4.481,14.622,8.108,1.018,4.983,1.266,1.0,0.0
train,200898,reject,frame_crossing+arena+ref_contact,4.924,5.639,14.7,8.978,1.282,6.31,2.195,1.0,0.0
train,200899,reject,frame_crossing+arena+ref_contact,4.948,5.734,14.719,5.984,1.303,6.449,1.133,1.0,0.0
train,200900,reject,frame_crossing+arena+ref_contact,4.49,4.918,14.682,10.367,1.118,5.018,1.043,1.0,0.0
train,200901,reject,frame_crossing+arena+ref_contact,4.58,3.985,14.596,5.688,1.0,4.58,1.063,1.0,0.0
train,200902,reject,frame_crossing+arena+frame_margin,4.842,5.436,14.611,6.213,1.236,5.982,1.984,1.0,0.002
train,200903,reject,frame_crossing+arena+ref_contact,4.629,6.32,14.707,7.425,1.436,6.648,1.694,1.0,0.0
train,200904,reject,frame_crossing+arena+ref_contact,4.886,4.974,14.749,8.087,1.13,5.523,2.162,1.0,0.0
train,200905,reject,frame_crossing+ref_contact,4.181,4.596,14.69,5.937,1.045,4.368,1.072,2.0,0.0
train,200906,reject,frame_crossing+arena+ref_contact,5.187,4.578,14.661,7.185,1.04,5.397,1.109,3.0,0.0
train,200907,reject,frame_crossing+arena+ref_contact,4.942,5.279,14.712,8.185,1.2,5.93,1.249,1.0,0.0
train,200908,reject,frame_crossing+arena+ref_contact,4.312,3.75,14.609,8.451,1.0,4.312,1.029,1.0,0.0
train,200909,reject,arena+frame_margin,4.3,5.841,14.763,8.284,1.328,5.708,2.065,0.0,0.028
train,200910,reject,frame_crossing+arena+ref_contact,4.077,5.052,14.645,6.501,1.148,4.682,1.204,1.0,0.0
train,200911,reject,frame_crossing+arena+ref_contact,4.643,6.175,14.644,10.358,1.403,6.515,1.694,3.0,0.0
train,200912,reject,arena,4.27,6.781,14.659,6.412,1.541,6.581,1.569,0.0,0.036
train,200913,reject,frame_crossing+frame_margin,4.825,5.142,14.684,9.05,1.169,5.639,1.694,1.0,0.008
train,200914,reject,frame_crossing+ref_contact,4.355,5.383,14.702,5.857,1.223,5.328,1.451,2.0,0.0
train,200915,reject,frame_crossing+arena+ref_contact,4.569,5.086,14.655,6.186,1.156,5.281,1.026,3.0,0.0
train,200916,reject,frame_crossing+arena+ref_contact,4.247,5.349,14.682,8.115,1.216,5.164,1.263,3.0,0.0
train,200917,reject,arena+ref_contact,4.672,5.049,14.681,7.014,1.148,5.362,1.13,0.0,0.0
train,200918,reject,frame_crossing+arena+ref_contact,4.33,6.301,14.621,10.14,1.432,6.201,1.774,1.0,0.0
train,200919,reject,frame_crossing+arena+ref_contact,5.066,5.576,14.701,8.182,1.267,6.421,1.436,2.0,0.0
train,200920,reject,frame_crossing+arena+ref_contact,4.061,4.195,14.551,5.644,1.0,4.061,1.204,1.0,0.0
train,200921,pass,,3.871,4.603,14.615,7.023,1.046,4.049,1.063,0.0,0.043
train,200922,reject,frame_crossing+arena+ref_contact,4.62,5.351,14.726,9.394,1.216,5.619,1.706,2.0,0.0
train,200923,reject,frame_crossing+ref_contact,4.893,4.277,14.713,8.33,1.0,4.893,1.617,2.0,0.0
train,200924,reject,arena,4.532,4.671,14.782,6.003,1.061,4.811,1.073,0.0,0.043
train,200925,reject,frame_crossing+arena+ref_contact,4.52,5.487,14.698,10.869,1.247,5.637,1.906,2.0,0.0
train,200926,reject,frame_crossing+arena+ref_contact,4.842,5.842,14.78,9.305,1.328,6.428,1.383,2.0,0.0
train,200927,reject,arena+frame_margin,4.817,5.96,14.727,9.583,1.355,6.525,1.429,0.0,0.028
train,200928,reject,frame_margin,3.975,4.539,14.715,5.213,1.032,4.101,1.148,0.0,0.028
train,200929,reject,frame_crossing+arena+ref_contact,4.599,4.644,14.706,9.88,1.055,4.854,1.249,3.0,0.0
train,200930,reject,frame_crossing+arena+ref_contact,5.122,5.75,14.722,10.657,1.307,6.693,1.921,3.0,0.0
train,200931,reject,frame_crossing+arena+ref_contact,4.126,5.209,14.729,8.072,1.184,4.885,1.545,1.0,0.0
train,200932,reject,frame_crossing+arena+ref_contact,4.515,4.98,14.543,9.204,1.132,5.11,1.35,2.0,0.0
train,200933,reject,frame_crossing+arena+ref_contact,4.852,4.912,14.714,8.482,1.116,5.417,1.162,2.0,0.0
train,200934,reject,frame_crossing+arena+ref_contact,3.939,4.794,14.635,9.52,1.09,4.291,1.654,1.0,0.0
train,200935,reject,frame_crossing+arena+ref_contact,4.724,4.842,14.683,6.752,1.1,5.199,1.172,1.0,0.0
train,200936,reject,frame_crossing+arena+ref_contact,4.441,4.0,14.765,7.765,1.0,4.441,1.53,2.0,0.0
train,200937,reject,frame_crossing+arena+ref_contact,4.761,5.833,14.742,9.322,1.326,6.311,1.92,2.0,0.0
train,200938,reject,frame_crossing+arena+ref_contact,4.56,5.725,14.749,8.192,1.301,5.934,1.053,1.0,0.0
train,200939,reject,frame_crossing+arena+ref_contact,4.477,4.778,14.614,9.02,1.086,4.861,1.072,2.0,0.0
train,200940,reject,frame_crossing+arena+ref_contact,4.934,5.77,14.669,6.723,1.311,6.471,2.526,2.0,0.0
train,200941,reject,frame_crossing+arena+ref_contact,4.639,5.609,14.571,8.619,1.275,5.914,1.614,2.0,0.0
train,200942,reject,arena,4.349,5.191,14.641,7.191,1.18,5.131,1.274,0.0,0.038
train,200943,reject,arena,4.231,4.964,14.761,8.906,1.128,4.773,1.92,0.0,0.058
train,200944,reject,arena,4.496,5.556,14.727,8.431,1.263,5.678,2.205,0.0,0.041
train,200945,reject,frame_crossing+arena+ref_contact,4.899,4.537,14.622,7.217,1.031,5.051,2.062,1.0,0.0
train,200946,reject,frame_crossing+arena+frame_margin,4.563,4.602,14.695,7.652,1.046,4.772,1.433,1.0,0.017
train,200947,reject,frame_crossing+arena+ref_contact,4.572,4.702,14.594,7.14,1.069,4.886,1.267,2.0,0.0
train,200948,reject,arena,4.243,5.076,14.752,8.086,1.154,4.894,1.626,0.0,0.043
train,200949,reject,frame_crossing+arena+ref_contact,4.67,6.548,14.703,6.171,1.488,6.95,1.62,2.0,0.0
train,200950,reject,frame_crossing+arena+ref_contact,4.72,5.896,14.689,5.919,1.34,6.324,1.263,1.0,0.0
train,200951,reject,frame_crossing+arena+ref_contact,4.419,4.78,14.573,9.876,1.086,4.8,1.072,3.0,0.0
train,200952,reject,frame_crossing+arena+ref_contact,5.192,5.192,14.729,7.848,1.18,6.127,2.343,3.0,0.0
train,200953,reject,frame_crossing+arena+ref_contact,5.089,5.919,14.599,7.905,1.345,6.846,1.063,2.0,0.0
train,200954,reject,frame_crossing+arena+ref_contact,4.841,5.919,14.707,7.126,1.345,6.512,1.245,1.0,0.0
train,200955,reject,frame_crossing+arena+ref_contact,4.6,5.088,14.685,7.152,1.156,5.32,1.792,1.0,0.0
train,200956,reject,frame_crossing+arena+ref_contact,4.323,5.764,14.553,5.826,1.31,5.663,1.35,1.0,0.0
train,200957,reject,frame_crossing+ref_contact,4.81,5.617,14.734,9.239,1.277,6.14,2.368,2.0,0.0
train,200958,reject,arena+ref_contact,4.608,5.417,14.725,9.71,1.231,5.672,1.327,0.0,0.0
train,200959,reject,frame_crossing+ref_contact,4.439,5.252,14.692,9.995,1.194,5.299,1.858,1.0,0.0
train,200960,reject,frame_crossing+arena+ref_contact,4.723,5.25,14.698,8.167,1.193,5.635,1.263,2.0,0.0
train,200961,reject,frame_crossing+arena+ref_contact,5.096,6.447,14.607,7.852,1.465,7.467,1.873,2.0,0.0
train,200962,reject,frame_crossing+arena+ref_contact,4.608,6.318,14.664,5.898,1.436,6.617,1.249,1.0,0.0
train,200963,reject,frame_crossing+ref_contact,4.592,5.479,14.748,7.701,1.245,5.718,1.837,2.0,0.0
train,200964,reject,arena+frame_margin,4.543,6.195,14.781,5.879,1.408,6.396,1.176,0.0,0.003
train,200965,reject,frame_crossing+arena+ref_contact,4.136,5.006,14.773,8.575,1.138,4.706,1.419,2.0,0.0
train,200966,reject,frame_crossing+arena+ref_contact,4.854,5.085,14.698,7.521,1.156,5.609,1.644,2.0,0.0
train,200967,reject,frame_crossing+arena+ref_contact,4.755,5.085,14.726,8.254,1.156,5.495,1.62,2.0,0.0
train,200968,reject,frame_crossing+arena+ref_contact,4.674,6.464,14.718,6.25,1.469,6.867,1.032,1.0,0.0
train,200969,reject,frame_crossing+arena+ref_contact,5.116,5.856,14.68,7.742,1.331,6.809,1.109,3.0,0.0
train,200970,reject,arena,4.508,5.633,14.75,8.22,1.28,5.772,2.172,0.0,0.038
train,200971,reject,frame_crossing+arena+ref_contact,4.367,4.772,14.629,9.25,1.084,4.736,1.436,1.0,0.0
train,200972,reject,frame_crossing+arena+ref_contact,4.35,4.738,14.734,6.648,1.077,4.684,1.333,1.0,0.0
train,200973,reject,arena,4.878,5.346,14.724,9.4,1.215,5.928,1.952,0.0,0.04
train,200974,reject,arena+ref_contact,5.621,5.894,14.681,9.052,1.339,7.529,1.952,0.0,0.0
train,200975,reject,frame_crossing+arena+ref_contact,3.969,3.903,14.744,6.289,1.0,3.969,1.582,1.0,0.0
train,200976,reject,frame_crossing+arena+ref_contact,4.842,4.803,14.573,6.803,1.092,5.285,1.047,2.0,0.0
train,200977,reject,frame_crossing+arena+ref_contact,5.019,5.541,14.599,7.895,1.259,6.32,1.063,1.0,0.0
train,200978,reject,arena,4.082,4.701,14.698,6.272,1.069,4.361,1.335,0.0,0.04
train,200979,reject,frame_crossing+arena+ref_contact,4.745,5.228,14.713,9.705,1.188,5.638,1.795,2.0,0.0
train,200980,reject,frame_crossing+arena+ref_contact,4.729,4.962,14.673,7.92,1.128,5.334,1.617,3.0,0.0
train,200981,reject,frame_crossing+arena+ref_contact,4.922,5.599,14.666,10.346,1.273,6.264,1.026,2.0,0.0
train,200982,reject,frame_crossing+arena+ref_contact,4.34,4.814,14.699,9.454,1.094,4.748,1.542,1.0,0.0
train,200983,reject,frame_crossing+arena+ref_contact,4.293,4.94,14.677,5.907,1.123,4.82,1.198,1.0,0.0
train,200984,reject,arena,4.365,6.099,14.672,6.516,1.386,6.05,1.921,0.0,0.039
train,200985,reject,frame_crossing+arena+ref_contact,4.889,5.996,14.612,9.494,1.363,6.662,1.854,2.0,0.0
train,200986,reject,frame_crossing+arena+ref_contact,4.806,5.329,14.671,9.416,1.211,5.82,1.545,1.0,0.0
train,200987,reject,frame_crossing+arena+ref_contact,4.12,5.104,14.615,8.268,1.16,4.779,1.072,1.0,0.0
train,200988,reject,frame_crossing+arena+ref_contact,4.632,5.717,14.627,10.527,1.299,6.018,1.35,2.0,0.0
train,200989,reject,frame_crossing+ref_contact,4.087,4.877,14.755,8.275,1.108,4.53,1.249,1.0,0.0
train,200990,reject,frame_crossing+arena+frame_margin,4.297,5.066,14.651,6.103,1.151,4.948,1.077,1.0,0.026
train,200991,reject,frame_crossing+arena+ref_contact,3.83,5.093,14.683,6.25,1.158,4.434,1.972,1.0,0.0
train,200992,reject,frame_crossing+arena+ref_contact,3.973,4.683,14.75,6.391,1.064,4.229,1.026,1.0,0.0
train,200993,reject,frame_crossing+arena+ref_contact,4.831,4.594,14.623,9.589,1.044,5.044,1.831,1.0,0.0
train,200994,reject,arena,3.892,4.925,14.561,4.882,1.119,4.356,1.077,0.0,0.042
train,200995,reject,frame_crossing+arena+ref_contact,4.118,6.088,14.66,6.446,1.384,5.698,1.69,1.0,0.0
train,200996,reject,frame_crossing+arena+ref_contact,4.114,4.946,14.704,8.371,1.124,4.625,1.739,2.0,0.0
train,200997,reject,frame_crossing+ref_contact,4.073,3.593,14.707,5.492,1.0,4.073,1.015,1.0,0.0
train,200998,reject,frame_crossing+arena+ref_contact,4.803,6.111,14.753,8.692,1.389,6.671,1.639,3.0,0.0
train,200999,reject,frame_crossing+ref_contact,3.952,5.069,14.719,6.396,1.152,4.553,1.595,1.0,0.0
train,201000,reject,frame_crossing+arena+ref_contact,4.452,5.071,14.751,8.098,1.153,5.131,1.015,1.0,0.0
train,201001,reject,frame_crossing+arena+ref_contact,5.064,4.539,14.516,7.171,1.031,5.224,1.063,2.0,0.0
train,201002,reject,frame_crossing+arena+ref_contact,5.098,5.594,14.641,8.181,1.271,6.482,1.579,2.0,0.0
train,201003,reject,frame_crossing+ref_contact,4.299,3.548,14.764,4.882,1.0,4.299,1.029,1.0,0.0
train,201004,reject,arena+ref_contact,4.795,5.38,14.632,6.4,1.223,5.863,1.053,0.0,0.0
train,201005,reject,arena,4.231,4.172,14.709,6.095,1.0,4.231,1.398,0.0,0.036
train,201006,reject,frame_crossing+arena+ref_contact,4.608,5.571,14.78,8.427,1.266,5.835,1.253,2.0,0.0
train,201007,reject,frame_crossing+arena+ref_contact,4.968,5.405,14.713,9.843,1.228,6.104,1.801,3.0,0.0
train,201008,reject,frame_crossing+arena+ref_contact,4.548,6.187,14.694,7.712,1.406,6.396,1.204,3.0,0.0
train,201009,reject,frame_crossing+arena+ref_contact,4.898,6.224,14.675,8.075,1.414,6.929,2.277,2.0,0.0
train,201010,reject,frame_crossing+arena+ref_contact,4.723,6.177,14.625,5.838,1.404,6.63,1.694,2.0,0.0
train,201011,reject,frame_crossing+arena+ref_contact,4.669,5.689,14.654,9.127,1.293,6.037,1.491,3.0,0.0
train,201012,reject,frame_crossing+arena+ref_contact,4.293,3.949,14.697,6.966,1.0,4.293,1.118,2.0,0.0
train,201013,reject,frame_crossing+arena+ref_contact,4.746,5.211,14.721,8.088,1.184,5.621,1.654,3.0,0.0
train,201014,reject,frame_crossing+arena+ref_contact,4.649,5.565,14.63,7.47,1.265,5.88,1.189,2.0,0.0
train,201015,reject,frame_crossing+arena+ref_contact,4.284,5.915,14.686,8.212,1.344,5.759,1.582,1.0,0.0
train,201016,reject,arena+frame_margin,4.051,5.866,14.707,7.663,1.333,5.4,1.171,0.0,0.018
train,201017,pass,,4.228,4.67,14.653,5.642,1.061,4.488,1.031,0.0,0.036
train,201018,reject,frame_crossing+arena+ref_contact,4.681,5.577,14.676,8.697,1.268,5.933,1.118,2.0,0.0
train,201019,reject,arena+frame_margin,4.631,4.952,14.73,8.133,1.125,5.212,1.176,0.0,0.007
train,201020,reject,frame_crossing+ref_contact,4.322,5.152,14.74,7.998,1.171,5.061,1.333,1.0,0.0
train,201021,reject,arena,4.448,5.289,14.615,8.972,1.202,5.347,1.28,0.0,0.036
train,201022,reject,frame_crossing+arena+ref_contact,4.245,5.239,14.773,9.482,1.191,5.055,1.37,2.0,0.0
train,201023,reject,frame_crossing+arena+ref_contact,4.691,5.07,14.61,9.404,1.152,5.405,1.13,3.0,0.0
train,201024,reject,frame_crossing+arena+ref_contact,4.837,6.37,14.722,9.909,1.448,7.003,1.44,3.0,0.0
train,201025,reject,frame_crossing+arena+ref_contact,4.56,6.443,14.725,7.975,1.464,6.678,1.198,4.0,0.0
train,201026,reject,frame_crossing+arena+ref_contact,4.529,6.199,14.643,7.577,1.409,6.381,1.974,2.0,0.0
train,201027,reject,frame_crossing+arena+ref_contact,4.937,6.389,14.774,7.683,1.452,7.168,1.301,3.0,0.0
train,201028,reject,frame_crossing+arena+ref_contact,4.724,4.645,14.709,8.993,1.056,4.987,1.71,3.0,0.0
train,201029,reject,frame_crossing+arena+ref_contact,4.334,5.311,14.632,7.971,1.207,5.231,1.794,1.0,0.0
train,201030,reject,arena,4.364,5.742,14.777,7.066,1.305,5.696,1.13,0.0,0.061
train,201031,reject,frame_crossing+arena+ref_contact,4.678,4.119,14.597,7.783,1.0,4.678,1.496,1.0,0.0
train,201032,reject,frame_crossing+arena+ref_contact,4.871,5.488,14.682,9.418,1.247,6.075,2.205,2.0,0.0
train,201033,reject,frame_crossing+arena+ref_contact,5.141,6.619,14.643,7.753,1.504,7.734,1.671,2.0,0.0
train,201034,reject,frame_crossing+ref_contact,4.498,4.705,14.582,6.443,1.069,4.81,1.47,1.0,0.0
train,201035,reject,frame_crossing+ref_contact,4.457,5.025,14.681,5.953,1.142,5.09,1.271,1.0,0.0
train,201036,reject,frame_crossing+arena+ref_contact,4.805,5.508,14.761,9.672,1.252,6.016,1.695,3.0,0.0
train,201037,reject,frame_crossing+arena+ref_contact,4.229,4.448,14.734,10.359,1.011,4.276,1.684,3.0,0.0
train,201038,reject,frame_crossing+arena+ref_contact,4.492,5.052,14.622,6.562,1.148,5.158,1.671,1.0,0.0
train,201039,reject,frame_crossing+arena+ref_contact,5.247,5.499,14.637,6.91,1.25,6.558,1.128,2.0,0.0
train,201040,reject,frame_crossing+arena+ref_contact,4.993,5.644,14.661,7.651,1.283,6.405,1.153,2.0,0.0
train,201041,reject,frame_crossing+arena+ref_contact,4.435,5.109,14.701,8.746,1.161,5.15,1.032,1.0,0.0
train,201042,reject,arena,3.66,4.455,14.606,8.26,1.013,3.706,1.333,0.0,0.043
train,201043,reject,frame_crossing+arena+ref_contact,4.694,5.113,14.621,6.69,1.162,5.455,1.176,1.0,0.0
train,201044,reject,frame_crossing+arena+ref_contact,4.695,5.959,14.685,8.803,1.354,6.358,1.614,2.0,0.0
train,201045,reject,frame_crossing+arena+ref_contact,4.964,5.312,14.728,8.01,1.207,5.993,2.313,2.0,0.0
train,201046,reject,frame_crossing+arena+ref_contact,4.879,5.27,14.712,8.065,1.198,5.843,1.026,2.0,0.0
train,201047,reject,frame_crossing+arena+ref_contact,4.757,5.215,14.715,7.671,1.185,5.639,1.118,1.0,0.0
train,201048,reject,frame_crossing+arena+ref_contact,4.75,4.881,14.659,7.037,1.109,5.269,1.3,3.0,0.0
train,201049,reject,frame_crossing+arena+ref_contact,4.887,6.154,14.675,8.395,1.399,6.835,2.058,4.0,0.0
train,201050,reject,frame_crossing+arena+ref_contact,4.991,6.689,14.627,9.309,1.52,7.586,2.059,2.0,0.0
train,201051,reject,frame_crossing+arena+ref_contact,4.854,4.656,14.644,6.471,1.058,5.136,1.029,2.0,0.0
train,201052,reject,frame_crossing+arena+ref_contact,4.224,3.966,14.763,7.757,1.0,4.224,1.072,2.0,0.0
train,201053,reject,ref_contact,4.677,5.072,14.653,6.446,1.153,5.39,1.176,0.0,0.0
train,201054,reject,frame_crossing+arena+ref_contact,4.409,5.914,14.754,7.928,1.344,5.926,2.396,1.0,0.0
train,201055,reject,frame_crossing+arena+ref_contact,4.695,5.474,14.675,7.087,1.244,5.841,1.171,2.0,0.0
train,201056,reject,frame_crossing+arena+ref_contact,4.873,5.419,14.561,8.769,1.232,6.002,1.339,2.0,0.0
train,201057,reject,frame_crossing+arena+ref_contact,5.006,4.781,14.689,8.071,1.087,5.44,2.086,2.0,0.0
train,201058,reject,arena+ref_contact,4.485,6.194,14.513,6.669,1.408,6.314,1.984,0.0,0.0
train,201059,reject,frame_crossing+arena+ref_contact,4.781,6.172,14.689,9.498,1.403,6.705,1.754,4.0,0.0
train,201060,reject,frame_crossing+arena+ref_contact,4.041,4.895,14.561,8.029,1.113,4.496,1.176,1.0,0.0
train,201061,reject,frame_crossing+arena+ref_contact,4.515,4.76,14.618,6.55,1.082,4.884,1.204,2.0,0.0
train,201062,reject,frame_crossing+arena+ref_contact,4.587,4.896,14.728,7.763,1.113,5.104,1.13,1.0,0.0
train,201063,reject,arena+ref_contact,4.706,5.321,14.688,6.986,1.209,5.692,1.694,0.0,0.0
train,201064,reject,frame_crossing+arena+ref_contact,4.597,4.512,14.728,5.438,1.025,4.714,1.073,1.0,0.0
train,201065,reject,frame_crossing+arena+ref_contact,4.365,4.64,14.712,6.683,1.055,4.604,1.035,1.0,0.0
train,201066,reject,frame_crossing+arena+ref_contact,4.621,6.181,14.668,7.288,1.405,6.491,1.063,2.0,0.0
train,201067,reject,arena,4.031,4.504,14.749,8.034,1.024,4.127,1.032,0.0,0.059
train,201068,reject,arena,4.008,5.723,14.626,5.936,1.301,5.214,1.651,0.0,0.036
train,201069,reject,frame_crossing+arena+ref_contact,4.011,4.524,14.654,6.602,1.028,4.124,1.235,1.0,0.0
train,201070,reject,arena+frame_margin,4.09,5.514,14.725,7.988,1.253,5.125,1.845,0.0,0.005
train,201071,reject,arena,4.029,4.029,14.655,4.746,1.0,4.029,1.617,0.0,0.037
train,201072,reject,arena,4.106,4.703,14.713,5.51,1.069,4.389,1.577,0.0,0.037
train,201073,reject,frame_crossing+arena+ref_contact,4.483,5.762,14.683,10.137,1.31,5.871,2.306,2.0,0.0
train,201074,reject,frame_crossing+arena+ref_contact,4.683,4.906,14.688,8.223,1.115,5.221,1.337,2.0,0.0
train,201075,reject,frame_crossing+ref_contact,4.255,4.459,14.651,8.814,1.013,4.312,1.148,1.0,0.0
train,201076,reject,frame_crossing+arena+ref_contact,4.315,4.619,14.719,7.639,1.05,4.53,1.372,3.0,0.0
train,201077,reject,frame_crossing+arena+ref_contact,4.223,5.057,14.702,5.672,1.149,4.854,1.384,1.0,0.0
train,201078,reject,frame_crossing+arena+ref_contact,4.235,5.915,14.691,7.592,1.344,5.694,1.72,1.0,0.0
train,201079,pass,,4.248,6.077,14.551,7.006,1.381,5.866,1.398,0.0,0.048
train,201080,reject,arena,4.038,4.339,14.753,8.005,1.0,4.038,1.333,0.0,0.036
train,201081,reject,frame_crossing+arena+ref_contact,4.679,6.31,14.684,7.621,1.434,6.711,1.873,1.0,0.0
train,201082,reject,frame_crossing+arena+ref_contact,4.722,5.338,14.739,9.049,1.213,5.728,1.801,2.0,0.0
train,201083,reject,frame_crossing+arena+ref_contact,4.413,5.109,14.594,7.231,1.161,5.124,1.505,1.0,0.0
train,201084,reject,frame_crossing+arena+ref_contact,4.781,4.696,14.754,8.313,1.067,5.102,1.596,1.0,0.0
train,201085,reject,frame_crossing+arena+ref_contact,5.023,5.563,14.746,8.332,1.264,6.351,2.409,3.0,0.0
train,201086,reject,frame_crossing+arena+ref_contact,5.106,6.153,14.567,7.694,1.398,7.14,1.697,2.0,0.0
train,201087,reject,arena,3.489,3.592,14.683,4.262,1.0,3.489,1.053,0.0,0.039
train,201088,reject,frame_crossing+arena+ref_contact,4.657,6.161,14.548,6.653,1.4,6.52,1.801,1.0,0.0
train,201089,reject,frame_crossing+arena+ref_contact,4.616,4.44,14.711,6.179,1.009,4.658,1.451,2.0,0.0
train,201090,reject,frame_crossing+arena+ref_contact,4.518,4.088,14.687,5.442,1.0,4.518,1.398,1.0,0.0
train,201091,reject,frame_crossing+arena+ref_contact,5.021,5.894,14.639,9.364,1.34,6.726,2.123,3.0,0.0
train,201092,reject,frame_crossing+arena+ref_contact,5.001,5.82,14.709,9.308,1.323,6.614,1.205,2.0,0.0
train,201093,reject,frame_crossing+ref_contact,4.792,5.274,14.753,8.327,1.199,5.744,1.28,2.0,0.0
train,201094,reject,frame_crossing+arena+ref_contact,4.243,5.249,14.635,6.951,1.193,5.062,1.488,1.0,0.0
train,201095,reject,frame_crossing+arena+ref_contact,4.553,4.43,14.534,5.827,1.007,4.584,1.063,1.0,0.0
train,201096,reject,frame_crossing+arena+ref_contact,4.678,4.891,14.673,10.139,1.112,5.201,1.697,1.0,0.0
train,201097,reject,frame_crossing+arena+ref_contact,4.788,5.181,14.444,9.599,1.178,5.638,1.906,1.0,0.0
train,201098,reject,frame_crossing+arena+ref_contact,4.269,4.414,14.74,6.696,1.003,4.282,1.3,1.0,0.0
train,201099,reject,arena,3.833,4.722,14.761,6.864,1.073,4.114,1.072,0.0,0.036
train,201100,reject,frame_crossing+arena+ref_contact,4.61,4.859,14.743,8.91,1.104,5.09,1.293,1.0,0.0
train,201101,reject,frame_crossing+arena+ref_contact,4.8,5.01,14.684,8.392,1.139,5.465,1.936,3.0,0.0
train,201102,reject,frame_crossing+arena+ref_contact,4.687,4.373,14.637,5.693,1.0,4.687,1.176,2.0,0.0
train,201103,reject,frame_crossing+arena+ref_contact,4.252,4.968,14.671,5.816,1.129,4.801,1.323,1.0,0.0
train,201104,reject,frame_crossing+arena+ref_contact,4.725,5.79,14.683,10.204,1.316,6.218,1.754,2.0,0.0
train,201105,reject,frame_crossing+arena+ref_contact,5.294,6.079,14.615,8.237,1.382,7.314,1.71,2.0,0.0
train,201106,reject,frame_crossing+arena+ref_contact,4.704,5.133,14.611,6.781,1.167,5.488,2.164,1.0,0.0
train,201107,reject,frame_crossing+arena+ref_contact,4.648,4.868,14.609,10.179,1.106,5.143,1.829,2.0,0.0
train,201108,reject,arena+frame_margin,4.443,5.394,14.729,8.672,1.226,5.447,1.569,0.0,0.015
train,201109,reject,frame_crossing+arena+ref_contact,5.145,5.011,14.666,8.527,1.139,5.86,1.795,2.0,0.0
train,201110,reject,frame_crossing+arena+ref_contact,5.208,6.123,14.653,7.012,1.392,7.248,2.13,1.0,0.0
train,201111,reject,arena+frame_margin,4.758,5.617,14.698,8.938,1.277,6.073,1.829,0.0,0.0
train,201112,reject,frame_crossing+ref_contact,4.62,5.033,14.76,10.351,1.144,5.284,1.609,4.0,0.0
train,201113,reject,frame_crossing+arena+ref_contact,4.796,5.046,14.708,7.88,1.147,5.5,1.053,2.0,0.0
train,201114,reject,arena+frame_margin,3.727,3.734,14.681,7.199,1.0,3.727,1.436,0.0,0.003
train,201115,reject,frame_crossing+arena+ref_contact,4.64,6.107,14.645,6.025,1.388,6.441,1.047,1.0,0.0
train,201116,reject,arena+ref_contact,4.954,5.525,14.726,6.915,1.256,6.221,1.118,0.0,0.0
train,201117,reject,arena,4.015,3.771,14.566,5.332,1.0,4.015,1.429,0.0,0.036
train,201118,reject,frame_crossing+arena+ref_contact,5.003,4.412,14.67,5.857,1.003,5.017,1.015,3.0,0.0
train,201119,reject,frame_crossing+arena+ref_contact,4.754,5.859,14.746,6.798,1.332,6.331,1.553,1.0,0.0
train,201120,reject,frame_crossing+arena+ref_contact,4.277,5.686,14.784,8.307,1.292,5.526,2.237,1.0,0.0
train,201121,reject,frame_crossing+arena+ref_contact,4.983,4.815,14.669,8.23,1.094,5.453,1.253,3.0,0.0
train,201122,reject,frame_crossing+arena+ref_contact,5.011,4.798,14.533,7.146,1.09,5.464,1.293,2.0,0.0
train,201123,reject,frame_crossing+ref_contact,3.85,4.512,14.676,7.938,1.025,3.949,1.13,3.0,0.0
train,201124,reject,frame_crossing+arena+ref_contact,4.5,6.04,14.784,6.811,1.373,6.177,1.496,2.0,0.0
train,201125,reject,frame_crossing+frame_margin,3.821,4.465,14.678,6.752,1.015,3.877,1.204,1.0,0.008
train,201126,reject,frame_crossing+ref_contact,3.88,4.173,14.726,6.372,1.0,3.88,1.072,2.0,0.0
train,201127,reject,frame_crossing+arena+ref_contact,4.358,5.399,14.623,8.94,1.227,5.348,1.506,1.0,0.0
train,201128,reject,arena+frame_margin,4.392,5.066,14.604,9.436,1.151,5.056,2.075,0.0,0.019
train,201129,reject,frame_crossing+arena+ref_contact,4.686,5.861,14.763,8.58,1.332,6.243,1.228,2.0,0.0
train,201130,reject,frame_crossing+arena+ref_contact,4.761,5.337,14.576,7.001,1.213,5.775,1.133,2.0,0.0
train,201131,reject,arena,3.908,4.146,14.698,5.518,1.0,3.908,1.266,0.0,0.04
train,201132,reject,frame_crossing+arena+ref_contact,4.671,4.027,14.649,5.566,1.0,4.671,1.398,2.0,0.0
train,201133,reject,frame_margin,4.197,4.321,14.794,7.323,1.0,4.197,1.031,0.0,0.011
train,201134,reject,arena+frame_margin,3.896,4.395,14.755,7.048,1.0,3.896,1.398,0.0,0.008
train,201135,reject,frame_crossing+arena+ref_contact,4.703,6.132,14.637,9.798,1.394,6.554,1.133,1.0,0.0
train,201136,reject,arena,4.209,4.359,14.681,8.47,1.0,4.209,1.015,0.0,0.036
train,201137,reject,arena,4.15,5.631,14.616,5.779,1.28,5.311,1.118,0.0,0.037
train,201138,reject,frame_crossing+arena+ref_contact,4.859,5.169,14.636,7.76,1.175,5.708,1.189,2.0,0.0
train,201139,reject,arena+ref_contact,4.724,5.821,14.688,7.39,1.323,6.251,1.253,0.0,0.0
train,201140,reject,frame_crossing+arena+ref_contact,4.83,6.486,14.697,9.466,1.474,7.12,1.403,3.0,0.0
train,201141,reject,frame_crossing+arena+ref_contact,4.531,4.517,14.776,8.703,1.027,4.652,1.189,2.0,0.0
train,201142,reject,frame_crossing+arena+ref_contact,4.54,5.612,14.598,6.316,1.275,5.791,1.047,2.0,0.0
train,201143,reject,frame_crossing+ref_contact,4.584,5.417,14.68,7.047,1.231,5.644,1.293,2.0,0.0
train,201144,reject,frame_crossing+arena+ref_contact,4.42,5.5,14.704,8.39,1.25,5.526,1.13,3.0,0.0
train,201145,reject,frame_crossing+arena+ref_contact,5.166,6.208,14.47,7.157,1.411,7.289,1.097,4.0,0.0
train,201146,reject,frame_crossing+arena+ref_contact,4.554,5.628,14.644,6.634,1.279,5.825,1.271,1.0,0.0
train,201147,reject,frame_crossing+arena+ref_contact,4.31,6.538,14.706,8.419,1.486,6.405,1.103,1.0,0.0
train,201148,reject,frame_crossing+arena+ref_contact,4.254,5.04,14.73,6.025,1.146,4.873,1.538,1.0,0.0
train,201149,reject,frame_crossing+arena+ref_contact,4.238,4.682,14.621,8.187,1.064,4.51,1.271,1.0,0.0
train,201150,reject,frame_crossing+arena+ref_contact,5.02,4.818,14.727,10.009,1.095,5.497,1.883,2.0,0.0
train,201151,reject,arena+frame_margin,4.722,5.181,14.545,7.473,1.178,5.561,1.133,0.0,0.016
train,201152,reject,frame_crossing+arena+ref_contact,4.02,4.747,14.611,9.242,1.079,4.336,1.266,1.0,0.0
train,201153,reject,frame_crossing+arena+ref_contact,4.955,4.078,14.577,5.729,1.0,4.955,1.271,1.0,0.0
train,201154,reject,frame_crossing+arena+ref_contact,3.827,4.519,14.685,6.625,1.027,3.931,1.073,1.0,0.0
train,201155,reject,frame_crossing+arena+ref_contact,4.335,3.578,14.645,6.38,1.0,4.335,1.383,1.0,0.0
train,201156,reject,frame_crossing+arena+ref_contact,4.416,6.344,14.688,6.719,1.442,6.366,1.109,2.0,0.0
train,201157,reject,frame_crossing+arena+ref_contact,4.438,5.174,14.666,7.163,1.176,5.218,1.053,2.0,0.0
train,201158,reject,frame_crossing+arena+ref_contact,4.808,6.496,14.7,8.738,1.476,7.099,1.969,2.0,0.0
train,201159,reject,arena,4.01,4.351,14.787,4.75,1.0,4.01,1.436,0.0,0.036
train,201160,pass,,4.011,3.347,14.747,4.158,1.0,4.011,1.031,0.0,0.036
train,201161,reject,frame_crossing+arena+ref_contact,4.861,5.546,14.627,7.747,1.261,6.128,1.035,1.0,0.0
train,201162,reject,frame_crossing+arena+ref_contact,4.667,5.53,14.654,6.718,1.257,5.865,1.172,1.0,0.0
train,201163,reject,frame_crossing+ref_contact,4.362,5.012,14.701,7.214,1.139,4.968,1.433,1.0,0.0
train,201164,reject,frame_crossing+ref_contact,5.174,5.761,14.729,9.149,1.309,6.773,2.062,3.0,0.0
train,201165,reject,frame_crossing+arena+ref_contact,4.672,5.558,14.67,6.818,1.263,5.902,1.408,1.0,0.0
train,201166,reject,frame_crossing+arena+ref_contact,4.267,4.696,14.586,6.882,1.067,4.555,1.639,1.0,0.0
train,201167,reject,frame_crossing+arena+ref_contact,4.911,6.043,14.586,8.563,1.374,6.746,1.772,3.0,0.0
train,201168,reject,frame_crossing+arena+ref_contact,4.671,5.868,14.784,7.079,1.334,6.23,1.339,2.0,0.0
train,201169,reject,frame_crossing+arena+ref_contact,4.73,6.398,14.744,8.314,1.454,6.879,1.845,2.0,0.0
train,201170,reject,frame_crossing+arena+ref_contact,4.649,4.676,14.77,6.163,1.063,4.94,1.103,1.0,0.0
train,201171,reject,arena,4.011,4.563,14.713,6.929,1.037,4.16,1.133,0.0,0.04
train,201172,reject,frame_crossing+arena+ref_contact,4.448,6.413,14.675,8.444,1.458,6.484,1.13,3.0,0.0
train,201173,reject,frame_crossing+arena+ref_contact,4.205,4.532,14.676,10.412,1.03,4.331,1.506,2.0,0.0
train,201174,reject,arena,3.873,5.405,14.731,5.953,1.228,4.757,1.133,0.0,0.053
train,201175,reject,frame_crossing+arena+ref_contact,4.8,5.495,14.698,5.851,1.249,5.994,1.026,2.0,0.0
train,201176,reject,frame_crossing+arena+ref_contact,4.325,4.502,14.524,6.798,1.023,4.425,1.029,1.0,0.0
train,201177,reject,frame_crossing+ref_contact,4.341,4.52,14.662,6.509,1.027,4.46,1.032,1.0,0.0
train,201178,reject,frame_crossing+frame_margin,3.97,4.981,14.631,6.745,1.132,4.495,1.293,1.0,0.021
train,201179,reject,frame_margin,3.701,4.042,14.756,5.685,1.0,3.701,1.372,0.0,0.012
train,201180,reject,arena+ref_contact,4.657,4.655,14.72,8.522,1.058,4.927,1.077,0.0,0.0
train,201181,reject,arena+frame_margin,4.086,5.478,14.704,7.831,1.245,5.087,2.217,0.0,0.011
train,201182,reject,frame_crossing+arena+ref_contact,4.508,6.061,14.752,8.25,1.377,6.209,1.694,2.0,0.0
train,201183,reject,frame_crossing+arena+ref_contact,4.716,5.489,14.716,7.379,1.247,5.883,1.952,2.0,0.0
train,201184,reject,arena+frame_margin,4.588,4.886,14.751,9.065,1.11,5.095,1.845,0.0,0.003
train,201185,reject,frame_crossing+arena+ref_contact,4.325,5.477,14.631,5.672,1.245,5.384,1.481,1.0,0.0
train,201186,reject,frame_crossing+ref_contact,5.002,5.812,14.749,10.779,1.321,6.608,1.293,4.0,0.0
train,201187,reject,frame_crossing+arena+ref_contact,3.929,4.827,14.576,6.665,1.097,4.31,1.949,1.0,0.0
train,201188,reject,frame_crossing+arena+ref_contact,4.214,5.645,14.731,6.901,1.283,5.407,1.779,1.0,0.0
train,201189,reject,frame_crossing+arena+ref_contact,4.347,5.067,14.725,9.706,1.152,5.005,1.735,1.0,0.0
train,201190,reject,frame_crossing+arena+ref_contact,4.366,3.617,14.615,4.651,1.0,4.366,1.44,1.0,0.0
train,201191,reject,frame_crossing+arena+ref_contact,4.164,4.377,14.756,8.959,1.0,4.164,1.035,1.0,0.0
train,201192,reject,frame_crossing+arena+ref_contact,4.331,5.788,14.665,7.482,1.316,5.698,1.058,1.0,0.0
train,201193,reject,frame_crossing+arena+ref_contact,4.591,6.051,14.729,10.53,1.375,6.314,1.654,2.0,0.0
train,201194,reject,frame_crossing+arena+ref_contact,5.107,5.058,14.53,5.897,1.15,5.871,1.204,2.0,0.0
train,201195,reject,frame_crossing+arena+ref_contact,4.555,3.602,14.69,6.948,1.0,4.555,1.035,1.0,0.0
train,201196,reject,arena,4.254,4.821,14.704,6.54,1.096,4.661,1.47,0.0,0.042
train,201197,reject,arena,4.04,4.922,14.574,7.513,1.119,4.519,1.253,0.0,0.04
train,201198,reject,frame_crossing+arena+ref_contact,4.517,4.931,14.749,7.567,1.121,5.063,1.043,4.0,0.0
train,201199,reject,frame_crossing+arena+ref_contact,4.245,5.053,14.676,9.212,1.148,4.875,1.128,2.0,0.0
train,201200,reject,arena,4.253,4.05,14.39,5.639,1.0,4.253,1.043,0.0,0.042
train,201201,reject,arena,4.618,5.431,14.695,7.218,1.234,5.7,1.429,0.0,0.036
train,201202,reject,frame_crossing+arena+ref_contact,4.87,6.102,14.663,7.224,1.387,6.754,1.015,3.0,0.0
train,201203,reject,frame_crossing+arena+ref_contact,4.289,3.99,14.689,5.494,1.0,4.289,1.026,1.0,0.0
train,201204,reject,frame_crossing+arena+ref_contact,4.827,5.584,14.745,9.634,1.269,6.126,1.475,3.0,0.0
train,201205,reject,arena,3.952,4.864,14.715,7.828,1.105,4.369,1.47,0.0,0.058
train,201206,reject,frame_crossing+arena+ref_contact,3.871,4.447,14.677,5.796,1.011,3.912,1.339,1.0,0.0
train,201207,reject,frame_crossing+arena+ref_contact,4.232,5.06,14.674,9.657,1.15,4.866,1.043,2.0,0.0
train,201208,reject,frame_crossing+arena+ref_contact,5.025,4.917,14.726,8.546,1.117,5.615,1.337,2.0,0.0
train,201209,reject,frame_crossing+arena+ref_contact,4.98,6.45,14.636,7.356,1.466,7.3,1.3,1.0,0.0
train,201210,reject,frame_crossing+arena+ref_contact,4.126,5.912,14.628,10.835,1.344,5.544,1.66,2.0,0.0
train,201211,reject,frame_crossing+arena+ref_contact,4.993,5.433,14.753,8.72,1.235,6.165,1.372,3.0,0.0
train,201212,reject,frame_crossing+arena+ref_contact,4.506,4.481,14.669,6.029,1.018,4.589,1.031,3.0,0.0
train,201213,reject,frame_crossing+arena+ref_contact,4.302,5.568,14.709,9.358,1.265,5.444,1.892,1.0,0.0
train,201214,reject,frame_crossing+arena+ref_contact,4.371,4.475,14.679,7.732,1.017,4.445,1.263,1.0,0.0
train,201215,reject,frame_crossing+arena+ref_contact,4.832,5.247,14.731,7.005,1.193,5.763,1.13,2.0,0.0
train,201216,reject,frame_crossing+ref_contact,4.775,6.085,14.596,7.725,1.383,6.604,1.405,3.0,0.0
train,201217,reject,frame_crossing+ref_contact,4.37,3.706,14.549,5.258,1.0,4.37,1.058,1.0,0.0
train,201218,reject,frame_crossing+arena+ref_contact,4.708,6.621,14.754,6.236,1.505,7.085,1.148,4.0,0.0
train,201219,reject,frame_crossing+arena+ref_contact,4.067,4.576,14.717,6.528,1.04,4.23,1.47,1.0,0.0
train,201220,reject,frame_crossing+arena+ref_contact,4.258,4.272,14.669,9.359,1.0,4.258,1.103,1.0,0.0
train,201221,reject,arena,4.493,6.345,14.753,6.612,1.442,6.479,1.577,0.0,0.037
train,201222,reject,frame_crossing+arena+ref_contact,4.79,5.657,14.782,10.641,1.286,6.158,1.595,3.0,0.0
train,201223,reject,frame_crossing+arena+ref_contact,4.543,5.012,14.52,8.107,1.139,5.175,1.204,2.0,0.0
train,201224,reject,frame_crossing+arena+ref_contact,4.746,4.866,14.697,9.819,1.106,5.249,1.912,2.0,0.0
train,201225,reject,frame_crossing+arena+ref_contact,4.671,6.505,14.63,8.747,1.478,6.906,1.097,2.0,0.0
train,201226,reject,frame_crossing+arena+ref_contact,4.247,5.237,14.778,6.027,1.19,5.055,1.523,1.0,0.0
train,201227,reject,frame_crossing+arena+ref_contact,4.284,5.687,14.62,6.151,1.292,5.537,1.895,2.0,0.0
train,201228,reject,frame_crossing+arena+ref_contact,4.636,5.393,14.621,7.121,1.226,5.683,1.864,2.0,0.0
train,201229,reject,frame_crossing+arena+ref_contact,4.612,5.822,14.763,8.933,1.323,6.103,1.228,2.0,0.0
train,201230,reject,frame_crossing+arena+ref_contact,4.921,6.397,14.641,10.079,1.454,7.156,2.014,1.0,0.0
train,201231,reject,arena+frame_margin,3.932,4.28,14.764,7.424,1.0,3.932,1.181,0.0,0.017
train,201232,reject,frame_crossing+arena+ref_contact,4.299,4.271,14.687,8.175,1.0,4.299,1.171,2.0,0.0
train,201233,reject,frame_crossing+ref_contact,4.559,5.471,14.738,8.925,1.244,5.669,1.451,2.0,0.0
train,201234,reject,frame_crossing+arena+ref_contact,4.692,5.477,14.736,6.969,1.245,5.841,1.529,2.0,0.0
train,201235,reject,arena,3.886,5.825,14.652,6.228,1.324,5.144,1.372,0.0,0.037
train,201236,reject,arena,4.096,5.92,14.722,6.393,1.346,5.511,1.058,0.0,0.045
train,201237,reject,frame_crossing+arena+ref_contact,4.503,4.691,14.642,7.024,1.066,4.801,1.047,1.0,0.0
train,201238,reject,frame_crossing+arena+frame_margin,5.074,5.344,14.717,8.409,1.215,6.163,1.807,1.0,0.018
train,201239,reject,frame_crossing+arena+ref_contact,4.863,5.747,14.707,9.269,1.306,6.351,1.109,3.0,0.0
train,201240,reject,arena,3.835,4.487,14.654,5.945,1.02,3.911,1.031,0.0,0.038
train,201241,reject,frame_crossing+arena+ref_contact,4.888,4.54,14.475,6.764,1.032,5.043,1.274,2.0,0.0
train,201242,reject,frame_crossing+ref_contact,4.267,4.953,14.749,4.196,1.126,4.804,1.097,1.0,0.0
train,201243,reject,arena,4.145,4.447,14.671,7.282,1.011,4.189,1.047,0.0,0.037
train,201244,reject,frame_crossing+arena+ref_contact,4.631,6.114,14.686,8.799,1.39,6.435,1.107,2.0,0.0
train,201245,reject,frame_crossing+arena+ref_contact,4.88,5.629,14.751,8.769,1.279,6.244,1.28,4.0,0.0
train,201246,reject,frame_crossing+arena+ref_contact,5.318,5.986,14.594,7.48,1.36,7.234,1.836,2.0,0.0
train,201247,reject,frame_crossing+arena+ref_contact,4.844,5.509,14.617,7.206,1.252,6.065,2.217,3.0,0.0
train,201248,reject,arena+ref_contact,4.099,4.267,14.737,5.979,1.0,4.099,1.205,0.0,0.0
train,201249,reject,frame_crossing+arena+ref_contact,4.825,5.143,14.555,8.926,1.169,5.641,1.496,2.0,0.0
train,201250,reject,frame_crossing+ref_contact,5.011,5.612,14.715,8.969,1.276,6.392,2.195,3.0,0.0
train,201251,reject,frame_crossing+arena+frame_margin,4.728,6.421,14.666,8.849,1.459,6.9,1.553,1.0,0.022
train,201252,reject,frame_crossing+ref_contact,4.534,4.942,14.644,8.186,1.123,5.093,1.327,2.0,0.0
train,201253,reject,frame_crossing+arena+ref_contact,4.79,5.59,14.628,7.685,1.27,6.085,1.542,1.0,0.0
train,201254,reject,arena,4.218,4.958,14.75,5.667,1.127,4.753,1.172,0.0,0.047
train,201255,reject,frame_crossing+arena+ref_contact,4.533,6.166,14.744,6.058,1.401,6.353,1.133,4.0,0.0
train,201256,reject,arena,4.183,4.913,14.776,5.684,1.117,4.671,1.3,0.0,0.044
train,201257,reject,frame_crossing+arena+ref_contact,4.015,3.705,14.728,4.891,1.0,4.015,1.747,1.0,0.0
train,201258,reject,frame_crossing+ref_contact,4.541,4.382,14.515,6.3,1.0,4.541,1.333,1.0,0.0
train,201259,reject,frame_crossing+arena+ref_contact,4.669,5.843,14.71,7.226,1.328,6.2,1.665,2.0,0.0
train,201260,reject,frame_crossing+arena+ref_contact,4.807,6.497,14.716,8.347,1.477,7.097,1.694,1.0,0.0
train,201261,reject,frame_crossing+arena+ref_contact,4.41,5.332,14.724,7.224,1.212,5.345,2.083,1.0,0.0
train,201262,reject,arena+ref_contact,4.292,3.51,14.635,5.644,1.0,4.292,1.031,0.0,0.0
train,201263,reject,frame_margin,4.676,5.639,14.742,9.491,1.282,5.993,1.031,0.0,0.013
train,201264,reject,frame_crossing+arena+ref_contact,4.626,4.623,14.734,8.537,1.051,4.86,1.323,3.0,0.0
train,201265,reject,frame_crossing+arena+ref_contact,4.816,5.799,14.735,7.628,1.318,6.348,1.133,1.0,0.0
train,201266,reject,frame_crossing+arena+ref_contact,4.628,5.279,14.703,8.089,1.2,5.553,1.799,1.0,0.0
train,201267,reject,frame_crossing+arena+ref_contact,5.214,6.545,14.718,6.7,1.487,7.755,1.128,3.0,0.0
train,201268,reject,frame_crossing+arena+ref_contact,5.172,6.043,14.715,9.578,1.373,7.104,2.654,4.0,0.0
train,201269,reject,frame_crossing+arena+ref_contact,4.046,4.412,14.616,10.351,1.003,4.057,1.205,1.0,0.0
train,201270,reject,frame_crossing+arena+ref_contact,4.096,4.353,14.752,5.417,1.0,4.096,1.026,1.0,0.0
train,201271,reject,frame_crossing+arena+ref_contact,4.434,5.86,14.69,7.003,1.332,5.906,1.56,2.0,0.0
train,201272,reject,frame_crossing+arena+ref_contact,5.023,5.013,14.712,7.59,1.139,5.723,1.029,1.0,0.0
train,201273,reject,frame_crossing+arena+ref_contact,4.627,5.406,14.751,10.369,1.229,5.686,1.451,2.0,0.0
train,201274,reject,frame_crossing+arena+ref_contact,4.602,6.27,14.723,8.885,1.425,6.558,1.073,1.0,0.0
train,201275,pass,,4.467,4.627,14.716,8.134,1.052,4.698,1.13,0.0,0.041
train,201276,reject,frame_crossing+arena+ref_contact,4.496,4.648,14.715,10.826,1.056,4.75,1.148,2.0,0.0
train,201277,reject,arena+ref_contact,4.771,6.015,14.719,8.183,1.367,6.521,2.216,0.0,0.0
train,201278,reject,frame_crossing+arena+ref_contact,5.032,6.096,14.623,6.387,1.385,6.972,1.854,1.0,0.0
train,201279,reject,frame_crossing+ref_contact,4.305,5.298,14.61,6.78,1.204,5.184,1.148,1.0,0.0
train,201280,reject,arena,4.061,4.986,14.577,5.78,1.133,4.602,1.148,0.0,0.035
train,201281,reject,frame_crossing+arena+ref_contact,4.963,6.231,14.633,7.866,1.416,7.028,1.895,1.0,0.0
train,201282,reject,frame_crossing+arena+ref_contact,4.644,5.244,14.696,9.835,1.192,5.535,1.883,1.0,0.0
train,201283,reject,frame_crossing+arena+ref_contact,5.002,6.381,14.718,9.62,1.45,7.254,2.564,3.0,0.0
train,201284,reject,frame_crossing+arena+ref_contact,4.933,5.156,14.782,8.771,1.172,5.78,1.219,2.0,0.0
train,201285,reject,frame_crossing+arena+ref_contact,4.98,5.602,14.673,6.671,1.273,6.34,1.204,1.0,0.0
train,201286,reject,frame_crossing+arena+ref_contact,4.145,4.868,14.596,8.277,1.106,4.586,1.328,1.0,0.0
train,201287,reject,frame_crossing+arena+ref_contact,4.428,4.941,14.661,5.957,1.123,4.972,1.107,2.0,0.0
train,201288,reject,arena,4.111,6.418,14.624,6.335,1.459,5.996,1.663,0.0,0.04
train,201289,reject,frame_crossing+arena+frame_margin,4.113,6.109,14.691,7.055,1.388,5.71,1.403,1.0,0.027
train,201290,reject,frame_crossing+ref_contact,4.895,5.475,14.529,8.33,1.244,6.091,1.133,2.0,0.0
train,201291,reject,frame_crossing+ref_contact,4.733,5.47,14.708,9.334,1.243,5.883,1.949,2.0,0.0
train,201292,reject,arena,4.592,6.525,14.727,7.075,1.483,6.81,2.256,0.0,0.044
train,201293,reject,frame_crossing+arena+ref_contact,4.942,5.992,14.696,10.441,1.362,6.73,1.772,4.0,0.0
train,201294,reject,frame_crossing+arena+ref_contact,5.099,6.012,14.709,8.894,1.366,6.967,2.276,2.0,0.0
train,201295,reject,frame_crossing+arena+ref_contact,4.744,5.226,14.665,7.544,1.188,5.635,1.47,2.0,0.0
train,201296,reject,frame_crossing+arena+ref_contact,4.457,5.658,14.669,8.243,1.286,5.731,2.217,1.0,0.0
train,201297,reject,frame_crossing+ref_contact,4.981,5.84,14.647,9.294,1.327,6.611,1.984,2.0,0.0
train,201298,reject,frame_crossing+arena+ref_contact,4.574,5.718,14.647,7.979,1.299,5.944,1.617,1.0,0.0
train,201299,reject,frame_crossing+arena+ref_contact,4.559,5.357,14.718,6.777,1.218,5.551,1.063,2.0,0.0
train,201300,reject,frame_crossing+arena+ref_contact,4.576,5.151,14.71,5.939,1.171,5.357,1.035,1.0,0.0
train,201301,reject,frame_crossing+arena+ref_contact,4.507,6.267,14.694,6.102,1.424,6.42,1.553,1.0,0.0
train,201302,reject,arena,4.209,4.75,14.734,8.475,1.08,4.544,1.339,0.0,0.036
train,201303,reject,frame_crossing+arena+ref_contact,4.865,6.321,14.644,6.231,1.437,6.989,1.189,3.0,0.0
train,201304,reject,frame_crossing+arena+ref_contact,4.937,6.647,14.691,7.503,1.511,7.458,1.846,2.0,0.0
train,201305,reject,frame_crossing+arena+ref_contact,4.513,5.6,14.742,8.721,1.273,5.744,1.408,1.0,0.0
train,201306,reject,frame_crossing+arena+ref_contact,4.274,4.643,14.75,6.842,1.055,4.511,1.293,1.0,0.0
train,201307,reject,frame_crossing+arena+ref_contact,4.934,4.722,14.697,6.484,1.073,5.295,1.13,1.0,0.0
train,201308,pass,,3.607,5.081,14.636,6.577,1.155,4.165,1.198,0.0,0.051
train,201309,reject,frame_crossing+arena+ref_contact,4.42,5.069,14.692,6.707,1.152,5.092,1.118,1.0,0.0
train,201310,reject,frame_crossing+arena+ref_contact,4.604,5.451,14.727,7.457,1.239,5.704,1.063,2.0,0.0
train,201311,reject,frame_crossing+arena+ref_contact,4.49,3.969,14.585,7.226,1.0,4.49,1.133,1.0,0.0
train,201312,reject,arena+ref_contact,4.618,5.22,14.74,8.756,1.186,5.479,1.906,0.0,0.0
train,201313,reject,frame_crossing+arena+ref_contact,4.742,5.376,14.706,8.988,1.222,5.794,1.348,1.0,0.0
train,201314,reject,frame_crossing+arena+ref_contact,4.217,4.493,14.674,5.009,1.021,4.306,1.073,1.0,0.0
train,201315,reject,frame_crossing+arena+ref_contact,4.82,4.551,14.663,6.342,1.034,4.986,1.396,3.0,0.0
train,201316,reject,arena,3.937,3.681,14.732,6.136,1.0,3.937,1.28,0.0,0.036
train,201317,reject,frame_crossing+arena+ref_contact,4.23,5.851,14.694,8.981,1.33,5.625,1.547,1.0,0.0
train,201318,reject,frame_crossing+arena+ref_contact,4.367,5.3,14.73,6.924,1.204,5.26,1.031,3.0,0.0
train,201319,reject,frame_crossing+ref_contact,4.402,4.61,14.746,10.679,1.048,4.612,1.453,1.0,0.0
train,201320,reject,frame_crossing+arena+ref_contact,4.662,4.992,14.677,8.016,1.135,5.289,1.597,1.0,0.0
train,201321,reject,frame_crossing+arena+ref_contact,4.921,5.931,14.696,9.236,1.348,6.633,1.723,2.0,0.0
train,201322,reject,frame_crossing+arena+ref_contact,4.648,4.463,14.659,8.439,1.014,4.715,1.987,2.0,0.0
train,201323,reject,frame_crossing+arena+ref_contact,5.02,5.577,14.727,8.772,1.267,6.362,1.235,3.0,0.0
train,201324,reject,frame_crossing+arena+ref_contact,4.468,5.002,14.667,9.952,1.137,5.08,1.219,1.0,0.0
train,201325,reject,arena+frame_margin,4.698,5.24,14.712,7.84,1.191,5.595,1.333,0.0,0.028
train,201326,reject,frame_crossing+arena+ref_contact,5.114,6.11,14.725,7.908,1.389,7.102,1.627,2.0,0.0
train,201327,reject,frame_crossing+arena+ref_contact,4.468,5.509,14.696,5.805,1.252,5.594,1.671,2.0,0.0
train,201328,reject,frame_crossing+arena+ref_contact,4.76,5.875,14.679,7.074,1.335,6.355,1.189,1.0,0.0
train,201329,reject,frame_crossing+arena+ref_contact,4.599,4.842,14.731,9.072,1.1,5.06,1.694,1.0,0.0
train,201330,reject,frame_crossing+arena+ref_contact,4.762,6.317,14.659,8.234,1.436,6.836,1.235,2.0,0.0
train,201331,reject,frame_crossing+arena+ref_contact,4.389,5.377,14.55,6.267,1.222,5.363,1.893,1.0,0.0
train,201332,reject,frame_crossing+ref_contact,4.396,5.111,14.663,6.912,1.162,5.107,1.475,2.0,0.0
train,201333,reject,frame_crossing+arena+ref_contact,4.71,6.226,14.785,8.143,1.415,6.665,1.911,3.0,0.0
train,201334,reject,arena+frame_margin,4.534,6.152,14.715,8.14,1.398,6.339,1.609,0.0,0.017
train,201335,reject,frame_crossing+arena+ref_contact,4.741,5.178,14.7,9.757,1.177,5.579,1.496,2.0,0.0
train,201336,reject,frame_crossing+arena+ref_contact,4.528,5.154,14.66,7.324,1.171,5.304,1.231,1.0,0.0
train,201337,reject,frame_crossing+arena+ref_contact,4.58,4.799,14.747,8.49,1.091,4.995,1.491,1.0,0.0
train,201338,reject,frame_crossing+arena+ref_contact,4.964,6.255,14.705,9.881,1.422,7.057,2.215,1.0,0.0
train,201339,reject,frame_crossing+arena+ref_contact,4.669,5.563,14.706,6.878,1.264,5.903,1.263,2.0,0.0
train,201340,reject,frame_crossing+arena+ref_contact,4.537,6.382,14.758,9.061,1.45,6.58,1.249,3.0,0.0
train,201341,reject,frame_crossing+arena+ref_contact,4.585,4.824,14.723,8.843,1.096,5.027,1.396,1.0,0.0
train,201342,reject,frame_crossing+ref_contact,5.1,5.195,14.609,10.124,1.181,6.022,1.158,3.0,0.0
train,201343,reject,frame_crossing+arena+ref_contact,4.626,5.492,14.675,6.606,1.248,5.774,1.35,1.0,0.0
train,201344,reject,frame_crossing+arena+ref_contact,5.17,5.605,14.757,11.085,1.274,6.586,1.473,2.0,0.0
train,201345,reject,frame_crossing+arena+ref_contact,4.602,5.622,14.766,8.869,1.278,5.881,1.171,1.0,0.0
train,201346,reject,frame_crossing+arena+ref_contact,4.609,6.284,14.689,8.321,1.428,6.583,1.553,1.0,0.0
train,201347,reject,frame_crossing+arena+frame_margin,4.672,5.378,14.715,6.488,1.222,5.711,1.133,1.0,0.011
train,201348,reject,arena+ref_contact,4.559,6.147,14.616,6.374,1.397,6.369,1.063,0.0,0.0
train,201349,reject,arena+ref_contact,3.681,3.989,14.693,8.343,1.0,3.681,1.266,0.0,0.0
train,201350,reject,frame_crossing+ref_contact,4.932,5.835,14.723,7.766,1.326,6.54,1.219,3.0,0.0
train,201351,reject,frame_crossing+arena+ref_contact,4.324,6.476,14.706,6.203,1.472,6.364,1.097,2.0,0.0
train,201352,reject,frame_crossing+arena+ref_contact,5.045,5.634,14.742,8.529,1.28,6.46,1.267,2.0,0.0
train,201353,reject,arena,4.647,6.011,14.723,7.088,1.366,6.347,1.204,0.0,0.039
train,201354,reject,frame_crossing+arena+ref_contact,4.827,5.851,14.686,10.648,1.33,6.419,1.271,2.0,0.0
train,201355,reject,frame_crossing+arena+ref_contact,4.455,5.423,14.603,9.805,1.233,5.491,1.488,2.0,0.0
train,201356,reject,frame_crossing+arena+ref_contact,4.92,5.917,14.748,9.998,1.345,6.617,1.744,4.0,0.0
train,201357,reject,arena,4.267,4.016,14.58,6.151,1.0,4.267,1.348,0.0,0.037
train,201358,reject,frame_crossing+frame_margin,4.859,5.873,14.648,7.166,1.335,6.486,2.146,2.0,0.008
train,201359,reject,arena,3.972,4.181,14.725,5.547,1.0,3.972,1.13,0.0,0.06
train,201360,reject,frame_crossing+arena+ref_contact,4.759,6.319,14.679,6.214,1.436,6.834,1.026,1.0,0.0
train,201361,reject,arena,4.35,5.031,14.724,6.238,1.143,4.974,1.031,0.0,0.041
train,201362,reject,frame_crossing+arena+ref_contact,5.187,4.842,14.498,7.492,1.101,5.709,1.097,2.0,0.0
train,201363,reject,arena,3.764,4.508,14.577,8.516,1.025,3.856,1.363,0.0,0.041
train,201364,reject,frame_crossing+arena+ref_contact,4.795,6.334,14.636,8.663,1.439,6.902,1.801,2.0,0.0
train,201365,reject,frame_crossing+arena+ref_contact,3.951,4.868,14.738,6.824,1.106,4.372,1.13,1.0,0.0
train,201366,reject,arena,3.556,3.73,14.659,4.835,1.0,3.556,1.553,0.0,0.037
train,201367,reject,frame_crossing+arena+ref_contact,4.185,4.814,14.623,11.376,1.094,4.579,1.384,1.0,0.0
train,201368,reject,arena,4.491,4.188,14.677,7.013,1.0,4.491,1.383,0.0,0.036
train,201369,reject,arena,3.922,4.34,14.694,7.956,1.0,3.922,1.043,0.0,0.039
train,201370,reject,frame_crossing+arena+ref_contact,4.346,4.738,14.751,6.431,1.077,4.681,1.103,1.0,0.0
train,201371,reject,frame_crossing+arena+ref_contact,4.852,5.767,14.722,8.303,1.311,6.36,1.893,1.0,0.0
train,201372,reject,frame_crossing+arena+ref_contact,4.73,4.629,14.728,9.133,1.052,4.976,1.301,2.0,0.0
train,201373,reject,frame_crossing+arena+ref_contact,3.782,4.066,14.508,7.296,1.0,3.782,1.148,1.0,0.0
train,201374,reject,frame_crossing+arena+ref_contact,4.322,6.003,14.81,6.396,1.364,5.896,1.043,1.0,0.0
train,201375,reject,frame_crossing+arena+ref_contact,4.433,4.749,14.652,9.59,1.079,4.785,1.453,2.0,0.0
train,201376,reject,frame_crossing+ref_contact,4.334,4.654,14.7,5.689,1.058,4.584,1.13,1.0,0.0
train,201377,reject,frame_crossing+arena+ref_contact,4.615,4.153,14.689,6.227,1.0,4.615,1.176,1.0,0.0
train,201378,reject,frame_crossing+arena+ref_contact,5.133,5.88,14.633,6.559,1.336,6.86,1.53,2.0,0.0
train,201379,reject,frame_crossing+arena+ref_contact,4.505,5.371,14.742,6.86,1.221,5.499,1.597,1.0,0.0
train,201380,reject,frame_crossing+arena+ref_contact,4.425,4.523,14.579,9.539,1.028,4.548,1.436,1.0,0.0
train,201381,reject,frame_crossing+arena+ref_contact,4.467,4.334,14.617,6.547,1.0,4.467,1.047,1.0,0.0
train,201382,reject,arena,4.918,5.319,14.639,8.194,1.209,5.945,1.405,0.0,0.033
train,201383,reject,frame_crossing+arena+ref_contact,4.779,5.549,14.696,9.204,1.261,6.027,1.92,1.0,0.0
train,201384,reject,arena,3.93,5.042,14.617,6.207,1.146,4.503,1.529,0.0,0.049
train,201385,reject,arena,4.266,4.496,14.679,5.517,1.022,4.359,1.245,0.0,0.041
train,201386,reject,frame_crossing+arena+ref_contact,4.333,4.911,14.604,6.534,1.116,4.835,1.368,2.0,0.0
train,201387,reject,frame_crossing+arena+ref_contact,4.727,5.499,14.629,7.36,1.25,5.907,1.761,3.0,0.0
train,201388,reject,arena,4.525,5.772,14.633,8.011,1.312,5.935,1.176,0.0,0.052
train,201389,reject,frame_crossing+arena+ref_contact,4.776,6.503,14.565,10.394,1.478,7.059,1.597,2.0,0.0
train,201390,reject,frame_crossing+arena+ref_contact,4.593,5.784,14.691,8.634,1.314,6.037,1.058,1.0,0.0
train,201391,reject,arena,5.055,4.698,14.581,8.315,1.068,5.398,1.031,0.0,0.032
train,201392,reject,frame_crossing+arena+frame_margin,4.463,3.97,14.724,6.957,1.0,4.463,1.327,1.0,0.004
train,201393,reject,arena,4.228,4.576,14.608,6.285,1.04,4.397,1.235,0.0,0.041
train,201394,reject,frame_crossing+arena+ref_contact,4.321,5.465,14.683,7.11,1.242,5.367,1.274,1.0,0.0
train,201395,reject,frame_crossing+arena+ref_contact,4.396,5.892,14.645,7.393,1.339,5.887,2.361,1.0,0.0
train,201396,reject,frame_crossing+arena+ref_contact,4.482,4.749,14.538,6.801,1.079,4.838,1.047,1.0,0.0
train,201397,reject,frame_crossing+arena+ref_contact,4.648,4.696,14.532,7.512,1.067,4.961,1.109,2.0,0.0
train,201398,reject,arena,4.52,4.659,14.661,6.654,1.059,4.786,1.893,0.0,0.037
train,201399,reject,arena,4.448,5.351,14.755,7.878,1.216,5.409,1.523,0.0,0.036
train,201400,reject,frame_crossing+arena+ref_contact,4.787,6.392,14.68,8.891,1.453,6.955,1.4,3.0,0.0
train,201401,reject,arena+frame_margin,4.4,6.218,14.752,8.226,1.413,6.218,1.323,0.0,0.016
train,201402,reject,frame_crossing+arena+ref_contact,5.332,5.371,14.678,7.486,1.221,6.509,1.405,2.0,0.0
train,201403,reject,frame_crossing+arena+ref_contact,5.051,5.776,14.691,6.833,1.313,6.63,2.153,2.0,0.0
train,201404,reject,frame_crossing+arena+ref_contact,4.8,5.314,14.595,7.269,1.208,5.797,1.176,1.0,0.0
train,201405,reject,frame_crossing+arena+ref_contact,4.464,5.762,14.735,8.165,1.31,5.846,1.133,1.0,0.0
train,201406,reject,frame_crossing+arena+ref_contact,4.388,4.719,14.779,9.431,1.072,4.707,1.348,1.0,0.0
train,201407,reject,frame_crossing+arena+ref_contact,4.568,5.218,14.719,8.299,1.186,5.418,1.898,1.0,0.0
train,201408,reject,frame_crossing+arena+ref_contact,4.511,5.69,14.714,6.232,1.293,5.833,1.323,1.0,0.0
train,201409,reject,frame_crossing+arena+ref_contact,4.102,4.847,14.739,8.65,1.102,4.518,1.451,1.0,0.0
train,201410,reject,frame_crossing+arena+ref_contact,4.519,5.995,14.723,8.711,1.363,6.158,1.644,2.0,0.0
train,201411,reject,arena+frame_margin,4.5,3.983,14.441,7.181,1.0,4.5,1.026,0.0,0.011
train,201412,reject,frame_crossing+arena+ref_contact,4.82,5.333,14.699,6.708,1.212,5.842,1.026,3.0,0.0
train,201413,reject,frame_crossing+arena+ref_contact,4.817,5.219,14.644,10.483,1.186,5.713,1.047,2.0,0.0
train,201414,reject,frame_crossing+arena+ref_contact,4.621,5.516,14.623,7.723,1.254,5.793,1.596,2.0,0.0
train,201415,reject,frame_crossing+arena+ref_contact,4.705,5.4,14.74,8.621,1.227,5.774,1.433,3.0,0.0
train,201416,reject,arena,4.093,4.981,14.729,5.771,1.132,4.634,1.189,0.0,0.043
train,201417,reject,frame_crossing+arena+ref_contact,4.985,5.967,14.723,9.433,1.356,6.761,1.936,3.0,0.0
train,201418,reject,frame_crossing+arena+ref_contact,4.566,6.318,14.698,7.509,1.436,6.557,1.026,2.0,0.0
train,201419,reject,frame_crossing+arena+ref_contact,4.033,4.611,14.739,7.237,1.048,4.227,1.547,2.0,0.0
train,201420,reject,arena+ref_contact,4.914,6.372,14.733,8.517,1.448,7.116,1.245,0.0,0.0
train,201421,reject,frame_crossing+arena+ref_contact,5.376,4.798,14.631,7.841,1.091,5.862,2.441,3.0,0.0
train,201422,reject,frame_crossing+arena+ref_contact,4.935,5.029,14.713,6.571,1.143,5.641,1.031,2.0,0.0
train,201423,reject,frame_crossing+ref_contact,4.393,4.603,14.456,8.061,1.046,4.596,1.029,1.0,0.0
train,201424,reject,frame_crossing+arena+ref_contact,4.734,5.288,14.711,9.452,1.202,5.69,1.28,2.0,0.0
train,201425,reject,frame_crossing+arena+ref_contact,4.371,4.937,14.61,7.987,1.122,4.905,1.337,1.0,0.0
train,201426,reject,frame_crossing+arena+ref_contact,4.815,6.225,14.6,7.992,1.415,6.812,2.014,2.0,0.0
train,201427,reject,frame_crossing+arena+ref_contact,4.338,4.77,14.687,7.774,1.084,4.702,1.249,1.0,0.0
train,201428,reject,frame_crossing+arena+ref_contact,4.991,5.397,14.727,9.459,1.227,6.123,1.405,1.0,0.0
train,201429,reject,frame_crossing+arena+ref_contact,4.243,5.124,14.673,6.107,1.165,4.942,1.772,1.0,0.0
train,201430,reject,frame_crossing+arena+ref_contact,4.178,4.996,14.736,9.925,1.136,4.744,2.051,1.0,0.0
train,201431,reject,arena,3.83,4.879,14.582,6.026,1.109,4.247,1.542,0.0,0.061
train,201432,reject,arena+frame_margin,4.366,3.768,14.614,4.759,1.0,4.366,1.327,0.0,0.009
train,201433,reject,frame_crossing+arena+ref_contact,4.977,5.457,14.692,9.341,1.24,6.172,1.592,2.0,0.0
train,201434,reject,frame_crossing+arena+ref_contact,4.199,4.891,14.707,8.613,1.112,4.668,1.301,2.0,0.0
train,201435,reject,frame_crossing+arena+ref_contact,4.004,5.135,14.744,5.952,1.167,4.673,1.845,1.0,0.0
train,201436,reject,frame_crossing+arena+frame_margin,4.292,5.234,14.753,5.824,1.19,5.106,1.077,1.0,0.008
train,201437,reject,arena+ref_contact,4.646,6.128,14.715,6.728,1.393,6.471,1.198,0.0,0.0
train,201438,reject,frame_crossing+arena+ref_contact,4.294,4.332,14.786,10.004,1.0,4.294,1.582,1.0,0.0
train,201439,reject,arena,4.789,5.624,14.682,7.732,1.278,6.121,1.249,0.0,0.038
train,201440,pass,,4.512,5.125,14.598,8.501,1.165,5.255,1.496,0.0,0.033
train,201441,reject,frame_crossing+arena+ref_contact,5.176,5.613,14.686,9.545,1.276,6.603,1.992,2.0,0.0
train,201442,reject,frame_crossing+arena+ref_contact,4.212,4.558,14.741,7.023,1.036,4.363,1.429,1.0,0.0
train,201443,reject,ref_contact,4.177,3.828,14.55,4.908,1.0,4.177,1.109,0.0,0.0
train,201444,reject,frame_crossing+ref_contact,4.632,5.105,14.65,7.323,1.16,5.374,1.4,2.0,0.0
train,201445,reject,arena,4.865,5.91,14.554,7.081,1.343,6.535,1.697,0.0,0.04
train,201446,reject,frame_crossing+arena+ref_contact,5.22,6.66,14.753,8.749,1.514,7.901,1.733,2.0,0.0
train,201447,reject,frame_crossing+arena+ref_contact,4.752,6.02,14.676,8.43,1.368,6.501,1.384,3.0,0.0
train,201448,reject,arena+frame_margin,4.4,4.844,14.645,8.513,1.101,4.844,1.153,0.0,0.001
train,201449,reject,arena,3.795,3.777,14.682,6.328,1.0,3.795,1.475,0.0,0.036
train,201450,reject,frame_margin,4.437,5.012,14.714,6.288,1.139,5.055,1.253,0.0,0.006
train,201451,reject,frame_crossing+arena+ref_contact,4.535,3.565,14.539,5.554,1.0,4.535,1.032,2.0,0.0
train,201452,reject,frame_crossing+arena+ref_contact,4.145,4.829,14.747,8.612,1.098,4.55,1.609,1.0,0.0
train,201453,reject,frame_crossing+arena+ref_contact,5.343,5.281,14.577,8.445,1.2,6.413,2.083,2.0,0.0
train,201454,reject,frame_crossing+arena+ref_contact,4.537,4.494,14.564,8.1,1.021,4.634,1.171,1.0,0.0
train,201455,reject,frame_crossing+arena+ref_contact,4.749,6.053,14.665,7.115,1.376,6.533,1.029,3.0,0.0
train,201456,reject,frame_crossing+arena+ref_contact,5.04,5.058,14.702,8.976,1.15,5.794,2.7,1.0,0.0
train,201457,reject,arena,4.707,5.275,14.67,7.497,1.199,5.643,1.96,0.0,0.04
train,201458,reject,arena+frame_margin,5.227,6.42,14.574,8.133,1.459,7.627,1.073,0.0,0.024
train,201459,reject,frame_crossing+arena+ref_contact,4.743,6.429,14.703,8.674,1.461,6.93,2.172,2.0,0.0
train,201460,reject,frame_crossing+arena+ref_contact,4.807,5.365,14.739,9.083,1.219,5.862,1.756,2.0,0.0
train,201461,reject,frame_crossing+arena+ref_contact,4.606,6.109,14.76,9.88,1.388,6.396,1.015,2.0,0.0
train,201462,reject,frame_crossing+arena+ref_contact,4.179,5.2,14.72,8.461,1.182,4.939,1.035,1.0,0.0
train,201463,reject,frame_crossing+arena+ref_contact,3.823,5.391,14.712,7.495,1.225,4.683,1.029,1.0,0.0
train,201464,reject,frame_crossing+arena+ref_contact,4.343,4.403,14.704,8.573,1.001,4.347,1.118,1.0,0.0
train,201465,reject,arena,3.596,4.687,14.719,7.115,1.065,3.831,1.3,0.0,0.036
train,201466,reject,frame_crossing+arena+ref_contact,3.813,4.026,14.768,7.116,1.0,3.813,1.128,1.0,0.0
train,201467,reject,frame_crossing+arena+ref_contact,4.754,5.051,14.624,8.193,1.148,5.457,1.047,2.0,0.0
train,201468,reject,frame_crossing+ref_contact,4.35,4.326,14.71,8.101,1.0,4.35,1.029,1.0,0.0
train,201469,reject,frame_crossing+arena+ref_contact,4.449,5.108,14.684,9.724,1.161,5.164,1.405,2.0,0.0
train,201470,reject,frame_crossing+arena+ref_contact,4.821,5.704,14.708,10.573,1.296,6.25,1.496,2.0,0.0
train,201471,reject,arena,4.371,5.076,14.719,8.388,1.154,5.043,1.453,0.0,0.037
train,201472,reject,arena,4.252,4.027,14.615,6.555,1.0,4.252,1.109,0.0,0.037
train,201473,reject,frame_crossing+arena+frame_margin,4.876,5.934,14.709,7.245,1.349,6.576,1.172,1.0,0.011
train,201474,reject,frame_crossing+arena+ref_contact,4.533,4.658,14.726,10.197,1.059,4.798,1.249,3.0,0.0
train,201475,reject,frame_crossing+arena+ref_contact,4.941,5.697,14.72,10.691,1.295,6.398,1.107,3.0,0.0
train,201476,reject,frame_crossing+ref_contact,4.307,4.838,14.69,9.431,1.1,4.736,1.3,1.0,0.0
train,201477,reject,frame_crossing+arena+ref_contact,5.008,5.353,14.617,9.889,1.217,6.092,1.28,1.0,0.0
train,201478,reject,frame_crossing+arena+ref_contact,4.514,5.916,14.623,6.49,1.345,6.069,1.058,2.0,0.0
train,201479,reject,frame_crossing+arena+ref_contact,4.784,6.386,14.72,9.567,1.451,6.944,2.259,3.0,0.0
train,201480,reject,frame_crossing+arena+ref_contact,4.188,4.137,14.743,4.903,1.0,4.188,1.043,2.0,0.0
train,201481,reject,frame_crossing+arena+frame_margin,4.387,5.41,14.639,5.941,1.23,5.394,1.029,1.0,0.017
train,201482,reject,frame_crossing+arena+ref_contact,4.68,4.796,14.7,9.012,1.09,5.101,1.627,2.0,0.0
train,201483,reject,frame_crossing+arena+ref_contact,4.857,5.562,14.74,9.093,1.264,6.139,1.158,1.0,0.0
train,201484,reject,arena,4.851,6.427,14.716,7.698,1.461,7.086,2.36,0.0,0.036
train,201485,reject,frame_crossing+arena+ref_contact,4.856,6.2,14.571,6.671,1.409,6.843,1.271,1.0,0.0
train,201486,reject,frame_crossing+arena+ref_contact,5.153,5.717,14.657,8.88,1.299,6.695,2.177,2.0,0.0
train,201487,reject,frame_crossing+arena+ref_contact,5.01,5.671,14.667,7.337,1.289,6.457,1.419,1.0,0.0
train,201488,reject,frame_crossing+arena+ref_contact,4.511,4.275,14.727,6.229,1.0,4.511,1.461,1.0,0.0
train,201489,reject,frame_crossing+arena+ref_contact,4.51,6.351,14.672,5.625,1.443,6.509,1.158,1.0,0.0
train,201490,reject,arena,4.243,5.443,14.567,5.999,1.237,5.249,1.077,0.0,0.052
train,201491,reject,frame_crossing+arena+ref_contact,4.485,5.209,14.714,10.328,1.184,5.31,1.436,1.0,0.0
train,201492,reject,frame_crossing+arena+ref_contact,4.073,5.31,14.623,6.11,1.207,4.915,1.894,1.0,0.0
train,201493,reject,frame_crossing+arena+ref_contact,4.686,4.759,14.721,7.313,1.082,5.069,1.031,1.0,0.0
train,201494,reject,arena,4.05,6.137,14.776,6.729,1.395,5.648,1.644,0.0,0.044
train,201495,reject,frame_crossing+arena+ref_contact,4.858,5.708,14.599,8.253,1.297,6.302,1.323,3.0,0.0
train,201496,reject,frame_crossing+arena+ref_contact,4.092,5.256,14.61,7.399,1.195,4.888,1.744,1.0,0.0
train,201497,reject,frame_crossing+arena+ref_contact,4.219,4.333,14.689,7.103,1.0,4.219,1.158,1.0,0.0
train,201498,reject,frame_crossing+arena+ref_contact,4.145,5.142,14.72,7.654,1.169,4.844,1.13,1.0,0.0
train,201499,reject,frame_crossing+arena+ref_contact,4.908,5.346,14.599,8.254,1.215,5.964,1.739,2.0,0.0
train,201500,reject,frame_crossing+arena+ref_contact,4.725,6.276,14.699,7.317,1.426,6.74,1.267,4.0,0.0
train,201501,reject,frame_crossing+arena+ref_contact,3.96,4.561,14.495,6.45,1.037,4.105,1.311,2.0,0.0
train,201502,reject,arena,4.521,4.025,14.609,6.884,1.0,4.521,1.189,0.0,0.046
train,201503,reject,frame_crossing+arena+ref_contact,4.563,5.497,14.679,8.531,1.249,5.701,1.553,1.0,0.0
train,201504,reject,arena+ref_contact,5.097,6.233,14.676,7.023,1.417,7.22,1.103,0.0,0.0
train,201505,reject,frame_crossing+arena+ref_contact,5.32,5.782,14.749,8.171,1.314,6.99,2.872,1.0,0.0
train,201506,reject,frame_crossing+arena+ref_contact,4.748,6.384,14.678,6.621,1.451,6.889,1.592,1.0,0.0
train,201507,reject,frame_crossing+arena+ref_contact,4.236,3.524,14.493,6.325,1.0,4.236,1.293,1.0,0.0
train,201508,reject,frame_crossing+arena+ref_contact,4.338,4.599,14.649,7.272,1.045,4.535,1.44,1.0,0.0
train,201509,reject,frame_crossing+arena+frame_margin,4.158,4.99,14.78,8.284,1.134,4.715,1.816,1.0,0.004
train,201510,reject,frame_crossing+arena+ref_contact,4.64,5.918,14.733,8.288,1.345,6.241,2.38,3.0,0.0
train,201511,reject,frame_crossing+arena+ref_contact,4.862,6.687,14.69,5.849,1.52,7.389,1.031,3.0,0.0
train,201512,reject,frame_crossing+arena+ref_contact,4.619,5.288,14.643,7.788,1.202,5.552,1.271,2.0,0.0
train,201513,pass,,4.726,6.037,14.715,9.027,1.372,6.484,2.361,0.0,0.045
train,201514,reject,frame_crossing+arena+ref_contact,5.142,6.248,14.691,9.114,1.42,7.301,1.614,2.0,0.0
train,201515,reject,frame_crossing+arena+ref_contact,4.376,4.627,14.748,6.734,1.051,4.602,1.267,2.0,0.0
train,201516,reject,frame_crossing+arena+ref_contact,4.748,5.473,14.542,9.36,1.244,5.906,1.44,1.0,0.0
train,201517,reject,frame_crossing+arena+ref_contact,4.878,6.348,14.636,6.123,1.443,7.038,1.723,1.0,0.0
train,201518,reject,frame_crossing+arena+ref_contact,4.669,5.417,14.66,6.773,1.231,5.749,1.077,1.0,0.0
train,201519,reject,frame_crossing+arena+ref_contact,4.262,4.483,14.603,6.87,1.019,4.342,1.249,2.0,0.0
train,201520,reject,frame_crossing+arena+ref_contact,4.923,5.789,14.679,6.678,1.316,6.477,1.47,1.0,0.0
train,201521,reject,frame_crossing+arena+ref_contact,4.523,5.133,14.734,7.839,1.167,5.276,1.44,1.0,0.0
train,201522,reject,frame_crossing+arena+ref_contact,4.3,5.186,14.696,5.763,1.179,5.068,1.189,2.0,0.0
train,201523,reject,frame_crossing+arena+ref_contact,3.936,4.888,14.675,10.43,1.111,4.373,1.639,1.0,0.0
train,201524,reject,frame_crossing+arena+ref_contact,3.976,3.69,14.526,7.586,1.0,3.976,1.029,1.0,0.0
train,201525,reject,arena,4.496,6.145,14.611,6.635,1.397,6.279,1.564,0.0,0.04
train,201526,reject,frame_crossing+arena+ref_contact,4.555,5.911,14.677,9.426,1.343,6.12,1.529,3.0,0.0
train,201527,reject,frame_crossing+arena+ref_contact,4.652,5.609,14.765,7.128,1.275,5.93,1.792,1.0,0.0
train,201528,reject,frame_crossing+arena+ref_contact,4.114,3.858,14.661,5.652,1.0,4.114,1.405,1.0,0.0
train,201529,reject,frame_crossing+arena+ref_contact,4.938,6.241,14.712,7.3,1.418,7.004,2.277,1.0,0.0
train,201530,reject,arena+ref_contact,4.194,5.241,14.699,6.921,1.191,4.996,1.097,0.0,0.0
train,201531,reject,frame_crossing+arena+ref_contact,4.081,4.968,14.594,5.648,1.129,4.607,1.253,1.0,0.0
train,201532,reject,arena+frame_margin,4.443,6.482,14.645,7.314,1.473,6.546,1.892,0.0,0.01
train,201533,reject,frame_crossing+arena+ref_contact,4.09,4.575,14.62,7.595,1.04,4.252,1.181,1.0,0.0
train,201534,reject,frame_crossing+arena+ref_contact,4.88,6.103,14.547,7.034,1.387,6.769,1.015,2.0,0.0
train,201535,reject,frame_crossing+arena+ref_contact,4.621,4.644,14.701,8.197,1.055,4.877,1.015,2.0,0.0
train,201536,reject,frame_crossing+arena+ref_contact,4.38,4.999,14.674,6.867,1.136,4.976,1.026,2.0,0.0
train,201537,reject,frame_crossing+arena+ref_contact,4.643,4.302,14.694,7.633,1.0,4.643,1.372,1.0,0.0
train,201538,reject,frame_crossing+arena+ref_contact,4.61,5.161,14.727,6.779,1.173,5.408,1.293,1.0,0.0
train,201539,reject,frame_crossing+arena+ref_contact,4.345,4.484,14.675,7.868,1.019,4.428,1.176,2.0,0.0
train,201540,reject,frame_crossing+ref_contact,4.829,5.494,14.665,10.64,1.249,6.03,1.204,3.0,0.0
train,201541,reject,frame_crossing+arena+ref_contact,4.259,4.936,14.749,9.4,1.122,4.778,1.419,1.0,0.0
train,201542,reject,frame_crossing+arena+ref_contact,4.548,3.592,14.612,6.272,1.0,4.548,1.28,2.0,0.0
train,201543,reject,frame_crossing+arena+ref_contact,4.614,4.98,14.718,7.297,1.132,5.222,1.13,2.0,0.0
train,201544,reject,frame_crossing+arena+ref_contact,5.19,6.137,14.696,7.32,1.395,7.238,2.259,3.0,0.0
train,201545,reject,arena+frame_margin,4.694,5.17,14.752,8.137,1.175,5.516,1.3,0.0,0.015
train,201546,reject,frame_crossing+arena+ref_contact,5.05,6.446,14.67,8.69,1.465,7.398,1.328,3.0,0.0
train,201547,reject,arena+ref_contact,4.652,4.383,14.694,7.329,1.0,4.652,1.245,0.0,0.0
train,201548,reject,frame_crossing+arena+ref_contact,4.944,5.264,14.726,9.126,1.196,5.915,1.103,3.0,0.0
train,201549,reject,frame_crossing+arena+ref_contact,5.029,6.24,14.712,6.472,1.418,7.132,1.571,2.0,0.0
train,201550,reject,frame_crossing+arena+ref_contact,4.766,4.96,14.708,6.528,1.127,5.372,1.026,1.0,0.0
train,201551,reject,frame_crossing+arena+ref_contact,4.138,4.827,14.714,8.304,1.097,4.539,1.836,1.0,0.0
train,201552,reject,frame_crossing+arena+ref_contact,4.617,5.147,14.753,7.8,1.17,5.401,1.231,2.0,0.0
train,201553,reject,frame_crossing+arena+ref_contact,4.586,4.771,14.748,6.502,1.084,4.972,1.3,2.0,0.0
train,201554,reject,frame_crossing+arena+ref_contact,4.991,6.729,14.716,8.491,1.529,7.634,1.032,1.0,0.0
train,201555,reject,frame_crossing+arena+ref_contact,4.993,5.022,14.658,6.831,1.141,5.699,1.031,2.0,0.0
train,201556,reject,frame_crossing+arena+ref_contact,4.182,5.113,14.616,8.834,1.162,4.86,1.015,3.0,0.0
train,201557,reject,frame_crossing+arena+ref_contact,4.467,4.682,14.656,7.978,1.064,4.753,1.181,2.0,0.0
train,201558,reject,frame_crossing+arena+ref_contact,4.471,6.072,14.766,5.675,1.38,6.17,1.301,1.0,0.0
train,201559,reject,frame_crossing+ref_contact,4.789,5.984,14.712,7.305,1.36,6.513,1.644,4.0,0.0
train,201560,reject,arena,4.145,4.95,14.661,6.127,1.125,4.663,1.35,0.0,0.047
train,201561,reject,frame_crossing+arena+ref_contact,4.851,4.826,14.722,8.855,1.097,5.321,1.408,2.0,0.0
train,201562,reject,frame_crossing+arena+ref_contact,4.452,4.0,14.499,7.2,1.0,4.452,1.204,2.0,0.0
train,201563,reject,frame_crossing+arena+ref_contact,4.74,6.352,14.712,6.428,1.444,6.844,1.133,1.0,0.0
train,201564,reject,frame_crossing+arena+ref_contact,4.772,4.189,14.651,9.16,1.0,4.772,1.267,4.0,0.0
train,201565,reject,frame_crossing+arena+ref_contact,5.189,5.508,14.678,10.088,1.252,6.495,1.128,3.0,0.0
train,201566,reject,frame_crossing+arena+ref_contact,4.84,5.735,14.723,10.01,1.303,6.309,1.595,2.0,0.0
train,201567,pass,,3.858,4.211,14.708,5.37,1.0,3.858,1.109,0.0,0.041
train,201568,reject,frame_crossing+arena+ref_contact,5.014,4.285,14.536,6.788,1.0,5.014,1.072,2.0,0.0
train,201569,reject,frame_crossing+arena+ref_contact,5.013,5.796,14.675,9.082,1.317,6.603,1.799,3.0,0.0
train,201570,reject,arena+ref_contact,4.438,4.922,14.66,8.344,1.119,4.965,1.687,0.0,0.0
train,201571,reject,frame_crossing+arena+ref_contact,4.466,5.951,14.722,8.292,1.352,6.04,2.668,2.0,0.0
train,201572,reject,frame_crossing+arena+ref_contact,4.996,5.496,14.666,8.548,1.249,6.241,1.031,1.0,0.0
train,201573,reject,arena+ref_contact,4.085,5.092,14.81,5.759,1.157,4.727,1.348,0.0,0.0
train,201574,reject,frame_crossing+arena+ref_contact,3.969,5.989,14.714,7.253,1.361,5.403,1.031,1.0,0.0
train,201575,reject,frame_crossing+arena+ref_contact,4.855,5.735,14.66,7.885,1.303,6.328,1.348,2.0,0.0
train,201576,reject,frame_crossing+arena+ref_contact,4.525,5.924,14.675,8.92,1.346,6.091,1.333,3.0,0.0
train,201577,reject,frame_crossing+arena+ref_contact,4.412,5.024,14.753,8.652,1.142,5.038,1.384,3.0,0.0
train,201578,reject,frame_crossing+arena+ref_contact,4.603,5.408,14.707,10.151,1.229,5.657,1.245,5.0,0.0
train,201579,reject,frame_crossing+arena+ref_contact,4.506,5.84,14.601,9.522,1.327,5.981,1.434,1.0,0.0
train,201580,reject,frame_crossing+arena+ref_contact,4.841,4.41,14.58,7.677,1.002,4.852,1.35,2.0,0.0
train,201581,reject,frame_crossing+arena+ref_contact,5.086,4.962,14.693,6.612,1.128,5.735,1.328,2.0,0.0
train,201582,reject,frame_crossing+arena+ref_contact,4.337,4.997,14.661,7.669,1.136,4.926,1.077,1.0,0.0
train,201583,reject,frame_crossing+arena+ref_contact,5.26,5.902,14.707,8.032,1.341,7.056,2.951,2.0,0.0
train,201584,reject,frame_crossing+arena+ref_contact,4.914,5.25,14.678,7.931,1.193,5.864,1.13,2.0,0.0
train,201585,reject,frame_crossing+arena+ref_contact,4.371,4.445,14.606,7.213,1.01,4.416,1.323,1.0,0.0
train,201586,reject,frame_crossing+arena+ref_contact,5.005,5.295,14.529,9.007,1.203,6.023,1.015,3.0,0.0
train,201587,reject,frame_crossing+arena+ref_contact,4.712,6.128,14.708,9.177,1.393,6.562,1.274,4.0,0.0
train,201588,reject,frame_crossing+arena+ref_contact,4.599,6.022,14.532,7.099,1.369,6.295,1.072,1.0,0.0
train,201589,reject,frame_crossing+arena+ref_contact,4.888,4.905,14.678,8.443,1.115,5.45,1.434,1.0,0.0
train,201590,reject,frame_crossing+arena+ref_contact,5.033,5.673,14.715,9.11,1.289,6.489,2.294,3.0,0.0
train,201591,reject,frame_crossing+arena+ref_contact,4.131,5.646,14.673,6.613,1.283,5.301,1.792,2.0,0.0
train,201592,reject,frame_crossing+arena+ref_contact,4.663,5.925,14.718,8.451,1.347,6.279,1.398,4.0,0.0
train,201593,reject,frame_crossing+arena+ref_contact,4.762,6.041,14.684,9.785,1.373,6.538,1.617,1.0,0.0
train,201594,reject,arena,4.546,4.644,14.723,5.925,1.055,4.798,1.249,0.0,0.032
train,201595,reject,frame_crossing+arena+ref_contact,4.696,6.458,14.614,10.042,1.468,6.893,1.453,2.0,0.0
train,201596,reject,frame_crossing+arena+ref_contact,4.512,5.781,14.761,6.129,1.314,5.929,1.491,2.0,0.0
train,201597,reject,frame_crossing+arena+ref_contact,4.271,4.081,14.634,9.184,1.0,4.271,1.058,2.0,0.0
train,201598,reject,frame_crossing+frame_margin,4.16,4.699,14.68,6.943,1.068,4.443,1.665,1.0,0.024
train,201599,reject,frame_crossing+arena+ref_contact,4.383,4.742,14.712,6.85,1.078,4.724,1.263,1.0,0.0
train,201600,reject,frame_crossing+ref_contact,4.458,3.79,14.521,6.795,1.0,4.458,1.95,1.0,0.0
train,201601,reject,arena+ref_contact,4.14,4.529,14.705,7.833,1.029,4.261,1.564,0.0,0.0
train,201602,reject,frame_crossing+arena+ref_contact,4.497,4.331,14.646,7.398,1.0,4.497,1.13,2.0,0.0
train,201603,reject,frame_crossing+arena+ref_contact,4.815,5.42,14.719,8.704,1.232,5.932,1.026,3.0,0.0
train,201604,reject,frame_crossing+arena+ref_contact,4.896,5.44,14.573,8.589,1.236,6.053,1.5,3.0,0.0
train,201605,reject,frame_crossing+arena+ref_contact,4.489,4.657,14.624,9.551,1.058,4.751,1.231,1.0,0.0
train,201606,reject,arena+ref_contact,4.897,5.485,14.693,9.214,1.247,6.105,1.072,0.0,0.0
train,201607,reject,frame_crossing+arena+ref_contact,4.857,6.042,14.609,8.433,1.373,6.67,1.245,2.0,0.0
train,201608,reject,frame_crossing+arena+ref_contact,4.863,4.968,14.672,5.221,1.129,5.49,1.133,2.0,0.0
train,201609,reject,frame_crossing+arena+ref_contact,4.689,6.34,14.704,8.98,1.441,6.757,1.327,2.0,0.0
train,201610,reject,frame_crossing+arena+ref_contact,4.73,4.947,14.64,6.038,1.124,5.318,1.035,2.0,0.0
train,201611,reject,frame_crossing+arena+ref_contact,4.399,5.26,14.661,7.078,1.195,5.258,1.582,1.0,0.0
train,201612,reject,frame_crossing+arena+ref_contact,4.72,5.865,14.636,7.732,1.333,6.29,1.323,1.0,0.0
train,201613,reject,frame_crossing+arena+ref_contact,5.195,5.618,14.757,7.658,1.277,6.632,1.148,2.0,0.0
train,201614,reject,frame_crossing+arena+ref_contact,4.509,4.887,14.678,10.206,1.111,5.007,1.626,3.0,0.0
train,201615,reject,frame_crossing+arena+ref_contact,4.173,5.473,14.713,6.958,1.244,5.191,1.405,1.0,0.0
train,201616,reject,frame_crossing+arena+ref_contact,5.196,6.553,14.685,6.993,1.489,7.738,1.026,3.0,0.0
train,201617,reject,frame_crossing+arena+ref_contact,4.445,5.613,14.726,8.314,1.276,5.67,1.747,2.0,0.0
train,201618,reject,frame_crossing+arena+ref_contact,4.343,5.046,14.649,7.522,1.147,4.981,1.984,1.0,0.0
train,201619,reject,frame_crossing+arena+ref_contact,4.161,5.813,14.712,6.637,1.321,5.497,1.205,1.0,0.0
train,201620,reject,frame_crossing+arena+ref_contact,4.929,5.972,14.66,7.33,1.357,6.689,1.072,3.0,0.0
train,201621,reject,frame_crossing+arena+ref_contact,4.708,6.426,14.724,7.537,1.461,6.876,1.176,1.0,0.0
train,201622,reject,frame_crossing+arena+frame_margin,4.198,4.058,14.702,6.444,1.0,4.198,1.235,1.0,0.007
train,201623,reject,arena,4.253,4.354,14.706,5.975,1.0,4.253,1.153,0.0,0.057
train,201624,reject,frame_crossing+arena+ref_contact,4.162,4.539,14.773,8.781,1.032,4.293,1.47,2.0,0.0
train,201625,reject,frame_crossing+ref_contact,4.269,6.049,14.67,5.969,1.375,5.869,2.037,1.0,0.0
train,201626,reject,arena,4.62,3.985,14.618,6.079,1.0,4.62,1.015,0.0,0.048
train,201627,reject,frame_crossing+arena+ref_contact,4.492,5.371,14.666,7.39,1.221,5.484,1.816,2.0,0.0
train,201628,reject,frame_crossing+arena+ref_contact,4.671,5.077,14.707,8.576,1.154,5.389,1.271,3.0,0.0
train,201629,reject,frame_crossing+arena+frame_margin,4.022,3.934,14.445,6.465,1.0,4.022,1.073,1.0,0.004
train,201630,reject,frame_crossing+arena+ref_contact,4.519,5.054,14.687,8.018,1.149,5.19,1.952,1.0,0.0
train,201631,reject,frame_crossing+ref_contact,4.314,5.736,14.739,8.174,1.304,5.624,1.481,2.0,0.0
train,201632,reject,frame_crossing+arena+ref_contact,4.325,4.117,14.605,5.472,1.0,4.325,1.153,1.0,0.0
train,201633,reject,frame_crossing+arena,4.346,6.204,14.702,5.931,1.41,6.128,1.043,1.0,0.037
train,201634,reject,frame_crossing+arena+ref_contact,4.417,5.015,14.734,7.564,1.14,5.034,1.577,1.0,0.0
train,201635,reject,frame_crossing+arena+ref_contact,4.889,3.499,14.561,6.151,1.0,4.889,1.761,2.0,0.0
train,201636,reject,frame_crossing+arena+ref_contact,4.319,5.515,14.611,6.22,1.253,5.414,1.37,1.0,0.0
train,201637,reject,frame_crossing+arena+frame_margin,4.425,5.213,14.657,8.017,1.185,5.242,1.461,1.0,0.005
train,201638,reject,frame_crossing+arena+ref_contact,3.969,5.515,14.714,6.435,1.253,4.975,1.035,1.0,0.0
train,201639,reject,frame_crossing+arena+ref_contact,4.782,5.826,14.702,8.649,1.324,6.331,1.582,2.0,0.0
train,201640,reject,frame_crossing+arena+ref_contact,4.52,4.408,14.723,7.135,1.002,4.529,1.109,1.0,0.0
train,201641,reject,frame_crossing+arena+ref_contact,4.389,3.977,14.647,5.073,1.0,4.389,1.058,2.0,0.0
train,201642,reject,frame_crossing+ref_contact,4.3,4.83,14.673,9.009,1.098,4.721,1.249,1.0,0.0
train,201643,reject,frame_crossing+arena+ref_contact,4.513,5.301,14.686,6.506,1.205,5.437,1.235,1.0,0.0
train,201644,reject,frame_crossing+ref_contact,3.869,4.336,14.645,7.377,1.0,3.869,1.073,1.0,0.0
train,201645,reject,frame_crossing+arena+frame_margin,4.838,4.135,14.655,5.412,1.0,4.838,1.474,1.0,0.011
train,201646,reject,frame_crossing+arena+ref_contact,4.353,5.84,14.551,6.829,1.327,5.777,1.219,2.0,0.0
train,201647,reject,frame_crossing+arena+ref_contact,4.597,5.746,14.716,9.426,1.306,6.003,1.794,3.0,0.0
train,201648,reject,frame_crossing+arena+ref_contact,4.388,4.822,14.706,6.419,1.096,4.809,1.107,1.0,0.0
train,201649,reject,frame_crossing+arena+ref_contact,5.022,5.726,14.708,9.017,1.301,6.536,1.694,3.0,0.0
train,201650,reject,frame_crossing+arena+ref_contact,5.077,5.999,14.628,8.49,1.363,6.922,1.641,2.0,0.0
train,201651,reject,frame_crossing+arena+frame_margin,4.837,5.65,14.733,8.459,1.284,6.211,1.015,1.0,0.008
train,201652,reject,frame_crossing+arena+ref_contact,4.739,5.129,14.711,9.167,1.166,5.524,2.505,2.0,0.0
train,201653,reject,frame_crossing+arena+ref_contact,4.855,4.612,14.72,9.221,1.048,5.088,1.204,1.0,0.0
train,201654,reject,arena,3.984,5.098,14.768,7.319,1.159,4.616,1.026,0.0,0.054
train,201655,reject,frame_crossing+arena+ref_contact,4.651,6.7,14.66,7.931,1.523,7.083,1.37,3.0,0.0
train,201656,reject,frame_crossing+arena+ref_contact,4.552,5.395,14.716,8.003,1.226,5.581,1.047,3.0,0.0
train,201657,reject,frame_crossing+arena+ref_contact,4.771,5.641,14.756,7.961,1.282,6.116,1.794,1.0,0.0
train,201658,pass,,4.337,4.845,14.758,7.115,1.101,4.775,1.198,0.0,0.042
train,201659,reject,arena+ref_contact,4.119,4.114,14.582,7.033,1.0,4.119,1.475,0.0,0.0
train,201660,reject,frame_crossing+arena+ref_contact,4.849,5.341,14.706,10.308,1.214,5.886,1.047,1.0,0.0
train,201661,reject,frame_crossing+arena+ref_contact,4.465,5.509,14.629,7.982,1.252,5.591,1.267,1.0,0.0
train,201662,reject,frame_crossing+arena+ref_contact,4.442,5.616,14.66,9.645,1.276,5.669,1.158,1.0,0.0
train,201663,reject,frame_crossing+arena+ref_contact,4.994,5.038,14.724,7.914,1.145,5.718,1.204,1.0,0.0
train,201664,reject,frame_crossing+frame_margin,4.23,4.188,14.726,6.345,1.0,4.23,1.44,1.0,0.001
train,201665,reject,arena+frame_margin,4.128,4.196,14.783,9.305,1.0,4.128,1.228,0.0,0.004
train,201666,reject,frame_crossing+arena+ref_contact,4.524,5.082,14.666,8.272,1.155,5.225,1.172,1.0,0.0
train,201667,reject,frame_crossing+arena+ref_contact,4.796,4.812,14.64,8.819,1.094,5.246,1.56,2.0,0.0
train,201668,reject,frame_crossing+arena+ref_contact,3.942,4.149,14.58,8.185,1.0,3.942,1.219,1.0,0.0
train,201669,reject,frame_crossing+arena+ref_contact,4.406,3.93,14.766,5.457,1.0,4.406,1.077,1.0,0.0
train,201670,reject,frame_crossing+arena+ref_contact,4.513,5.165,14.705,8.34,1.174,5.298,1.571,1.0,0.0
train,201671,reject,frame_crossing+arena+ref_contact,4.733,4.792,14.747,6.505,1.089,5.155,1.072,1.0,0.0
train,201672,reject,frame_crossing+arena+ref_contact,5.223,5.918,14.656,10.078,1.345,7.024,2.125,1.0,0.0
train,201673,reject,arena,4.185,5.257,14.637,5.857,1.195,5.001,1.641,0.0,0.037
train,201674,reject,frame_crossing+arena+ref_contact,5.15,5.948,14.642,9.176,1.352,6.961,1.231,2.0,0.0
train,201675,reject,frame_crossing+arena+ref_contact,4.916,5.808,14.745,8.269,1.32,6.489,2.019,1.0,0.0
train,201676,reject,frame_crossing+arena+ref_contact,4.086,5.777,14.74,7.937,1.313,5.364,1.3,1.0,0.0
train,201677,reject,arena+frame_margin,4.699,6.306,14.729,5.874,1.433,6.735,1.015,0.0,0.025
train,201678,reject,frame_crossing+arena+ref_contact,4.844,4.602,14.616,7.36,1.046,5.067,1.363,3.0,0.0
train,201679,reject,frame_crossing+ref_contact,4.909,5.727,14.684,8.082,1.302,6.39,2.442,1.0,0.0
train,201680,reject,frame_crossing+arena+ref_contact,4.613,5.554,14.63,8.223,1.262,5.823,1.821,2.0,0.0
train,201681,reject,frame_crossing+arena+ref_contact,4.631,5.498,14.644,9.531,1.25,5.786,1.92,2.0,0.0
train,201682,reject,frame_crossing+arena+ref_contact,5.063,5.992,14.753,10.734,1.362,6.895,2.216,3.0,0.0
train,201683,pass,,4.034,3.752,14.697,4.953,1.0,4.034,1.058,0.0,0.04
train,201684,reject,frame_crossing+arena+ref_contact,4.75,4.827,14.737,7.668,1.097,5.211,1.031,1.0,0.0
train,201685,reject,frame_crossing+arena+ref_contact,4.447,5.867,14.642,7.746,1.333,5.93,1.774,1.0,0.0
train,201686,reject,arena,4.749,5.377,14.724,7.945,1.222,5.803,1.063,0.0,0.037
train,201687,reject,arena,4.221,4.641,14.712,8.124,1.055,4.452,1.249,0.0,0.064
train,201688,reject,frame_crossing+arena+ref_contact,4.797,5.691,14.68,9.182,1.293,6.205,1.031,3.0,0.0
train,201689,reject,frame_crossing+arena+ref_contact,4.748,6.404,14.754,6.51,1.455,6.91,1.92,1.0,0.0
train,201690,reject,frame_crossing+arena+ref_contact,4.179,5.311,14.717,7.331,1.207,5.045,1.403,1.0,0.0
train,201691,reject,frame_crossing+arena+ref_contact,4.26,5.526,14.649,8.608,1.256,5.351,1.198,1.0,0.0
train,201692,reject,frame_crossing+arena+ref_contact,4.625,6.342,14.725,6.604,1.441,6.665,1.053,1.0,0.0
train,201693,reject,frame_crossing+arena+ref_contact,4.551,5.059,14.622,9.492,1.15,5.232,2.177,1.0,0.0
train,201694,reject,frame_crossing+arena+ref_contact,4.529,6.716,14.752,6.546,1.526,6.913,1.475,1.0,0.0
train,201695,reject,frame_crossing+arena+ref_contact,4.996,5.537,14.717,9.094,1.258,6.288,2.118,2.0,0.0
train,201696,reject,frame_crossing+arena+ref_contact,4.762,5.494,14.519,7.198,1.249,5.946,1.253,3.0,0.0
train,201697,reject,frame_crossing+arena+ref_contact,4.934,5.643,14.754,7.432,1.282,6.327,1.654,4.0,0.0
train,201698,reject,arena,4.413,4.659,14.723,6.56,1.059,4.672,1.35,0.0,0.036
train,201699,reject,frame_crossing+arena+ref_contact,4.973,6.032,14.722,7.671,1.371,6.817,1.029,1.0,0.0
train,201700,reject,arena,3.737,4.299,14.696,8.389,1.0,3.737,1.026,0.0,0.035
train,201701,reject,frame_crossing+arena+ref_contact,4.541,4.984,14.795,7.484,1.133,5.144,1.162,1.0,0.0
train,201702,reject,arena+ref_contact,5.243,4.503,14.586,6.551,1.023,5.366,1.263,0.0,0.0
train,201703,reject,frame_crossing+arena+ref_contact,4.408,5.079,14.699,7.506,1.154,5.089,1.162,1.0,0.0
train,201704,reject,arena,4.256,5.197,14.601,6.061,1.181,5.027,1.176,0.0,0.036
train,201705,reject,frame_crossing+arena+ref_contact,4.669,4.795,14.697,8.865,1.09,5.088,2.215,2.0,0.0
train,201706,reject,frame_crossing+arena+ref_contact,4.203,3.876,14.749,5.039,1.0,4.203,1.293,2.0,0.0
train,201707,reject,frame_crossing+arena+ref_contact,4.609,5.989,14.61,6.627,1.361,6.274,1.631,2.0,0.0
train,201708,reject,frame_crossing+arena+ref_contact,4.707,4.444,14.71,7.996,1.01,4.753,1.266,3.0,0.0
train,201709,reject,frame_crossing+arena+ref_contact,4.444,6.773,14.662,6.817,1.539,6.84,1.029,2.0,0.0
train,201710,reject,arena,4.432,6.092,14.669,7.08,1.385,6.136,1.148,0.0,0.036
train,201711,reject,frame_crossing+arena+ref_contact,4.574,5.526,14.681,5.582,1.256,5.745,1.053,2.0,0.0
train,201712,reject,frame_crossing+ref_contact,4.504,4.67,14.458,8.212,1.061,4.78,1.026,2.0,0.0
train,201713,reject,frame_crossing+arena+ref_contact,4.165,6.209,14.778,5.744,1.411,5.877,1.37,1.0,0.0
train,201714,reject,frame_crossing+arena+ref_contact,5.032,5.206,14.725,7.947,1.183,5.954,1.95,3.0,0.0
train,201715,reject,frame_crossing+ref_contact,4.441,5.103,14.773,7.565,1.16,5.15,1.327,1.0,0.0
train,201716,reject,frame_crossing+arena+ref_contact,4.439,5.108,14.638,7.936,1.161,5.153,1.271,2.0,0.0
train,201717,reject,frame_crossing+arena+ref_contact,4.764,6.422,14.722,6.388,1.46,6.953,1.026,2.0,0.0
train,201718,reject,arena+frame_margin,4.126,5.248,14.794,6.535,1.193,4.921,1.189,0.0,0.018
train,201719,reject,frame_crossing+arena+ref_contact,4.922,4.577,14.644,6.642,1.04,5.119,1.545,1.0,0.0
train,201720,reject,frame_crossing+arena+ref_contact,5.025,5.988,14.613,9.362,1.361,6.838,1.582,2.0,0.0
train,201721,reject,frame_crossing+arena+ref_contact,4.154,6.028,14.658,7.828,1.37,5.691,1.053,1.0,0.0
train,201722,reject,frame_crossing+arena+ref_contact,4.692,4.156,14.618,7.005,1.0,4.692,1.176,1.0,0.0
train,201723,reject,frame_crossing+arena+ref_contact,4.486,4.821,14.67,8.307,1.096,4.915,1.162,1.0,0.0
train,201724,reject,frame_crossing+arena+ref_contact,4.77,5.103,14.677,8.613,1.16,5.532,1.569,2.0,0.0
train,201725,reject,frame_crossing+arena+ref_contact,4.344,4.817,14.686,8.532,1.095,4.756,1.433,1.0,0.0
train,201726,reject,frame_crossing+arena+ref_contact,4.302,5.904,14.775,7.413,1.342,5.773,1.267,2.0,0.0
train,201727,reject,arena,3.888,5.296,14.779,6.034,1.204,4.68,1.758,0.0,0.036
train,201728,reject,frame_crossing+arena+ref_contact,4.532,5.848,14.756,8.054,1.329,6.024,1.744,1.0,0.0
train,201729,reject,frame_crossing+arena+ref_contact,4.627,5.992,14.633,8.397,1.362,6.302,1.774,2.0,0.0
train,201730,reject,frame_crossing+arena+ref_contact,4.902,5.22,14.728,8.714,1.186,5.816,1.176,3.0,0.0
train,201731,reject,frame_crossing+arena+ref_contact,3.986,4.71,14.706,6.37,1.07,4.267,1.654,1.0,0.0
train,201732,reject,frame_crossing+arena+ref_contact,4.388,4.752,14.478,7.566,1.08,4.739,1.032,1.0,0.0
train,201733,reject,frame_crossing+arena+ref_contact,4.179,5.281,14.612,9.291,1.2,5.016,1.461,1.0,0.0
train,201734,reject,frame_crossing+arena+ref_contact,4.319,4.952,14.713,9.469,1.125,4.861,1.128,1.0,0.0
train,201735,reject,arena,3.527,4.296,14.688,5.269,1.0,3.527,1.3,0.0,0.041
train,201736,reject,frame_crossing+arena+ref_contact,4.81,5.496,14.727,9.939,1.249,6.007,1.845,2.0,0.0
train,201737,reject,frame_crossing+arena+frame_margin,4.923,5.095,14.694,6.861,1.158,5.701,1.162,1.0,0.004
train,201738,reject,frame_crossing+arena+ref_contact,4.649,5.95,14.714,7.491,1.352,6.286,2.359,1.0,0.0
train,201739,reject,frame_crossing+arena+ref_contact,4.382,4.672,14.803,9.87,1.062,4.653,1.073,1.0,0.0
train,201740,reject,arena+ref_contact,4.628,3.685,14.592,5.427,1.0,4.628,1.328,0.0,0.0
train,201741,reject,frame_crossing+arena+ref_contact,4.698,4.475,14.75,8.918,1.017,4.778,1.337,1.0,0.0
train,201742,reject,frame_crossing+arena+ref_contact,4.429,4.723,14.661,5.784,1.073,4.754,1.205,2.0,0.0
train,201743,reject,frame_crossing+ref_contact,4.498,4.319,14.707,7.641,1.0,4.498,1.029,1.0,0.0
train,201744,reject,frame_crossing+ref_contact,3.915,4.758,14.712,5.524,1.081,4.233,1.398,1.0,0.0
train,201745,reject,frame_crossing+ref_contact,4.271,4.423,14.709,7.238,1.005,4.294,1.35,2.0,0.0
train,201746,reject,frame_crossing+arena+ref_contact,4.819,5.954,14.732,7.549,1.353,6.521,1.429,2.0,0.0
train,201747,reject,arena,4.762,5.525,14.463,6.138,1.256,5.981,1.133,0.0,0.039
train,201748,reject,arena+ref_contact,4.572,5.076,14.74,7.191,1.154,5.275,1.372,0.0,0.0
train,201749,reject,arena+ref_contact,4.971,5.353,14.712,8.114,1.217,6.047,1.118,0.0,0.0
train,201750,reject,frame_crossing+arena+ref_contact,4.421,4.946,14.584,9.411,1.124,4.969,1.235,1.0,0.0
train,201751,reject,frame_crossing+arena+ref_contact,4.775,6.229,14.655,6.918,1.416,6.759,1.523,2.0,0.0
train,201752,reject,frame_crossing+ref_contact,4.691,5.843,14.632,6.498,1.328,6.229,1.181,2.0,0.0
train,201753,reject,frame_crossing+arena+ref_contact,5.171,5.682,14.757,8.73,1.291,6.678,1.368,1.0,0.0
train,201754,reject,frame_crossing+ref_contact,4.548,4.013,14.72,6.198,1.0,4.548,1.077,1.0,0.0
train,201755,reject,frame_crossing+arena+ref_contact,4.476,5.977,14.702,5.524,1.358,6.08,1.774,1.0,0.0
train,201756,reject,frame_crossing+arena+ref_contact,4.361,5.814,14.657,9.132,1.321,5.762,1.266,2.0,0.0
train,201757,reject,frame_crossing+arena+ref_contact,4.257,4.987,14.667,8.994,1.133,4.825,1.577,1.0,0.0
train,201758,reject,arena+ref_contact,4.24,3.978,14.449,7.329,1.0,4.24,1.198,0.0,0.0
train,201759,reject,frame_crossing+ref_contact,4.72,5.164,14.659,8.182,1.174,5.54,1.181,2.0,0.0
train,201760,reject,frame_crossing+arena+ref_contact,3.864,4.528,14.487,9.519,1.029,3.977,1.031,2.0,0.0
train,201761,reject,frame_crossing+ref_contact,4.782,6.076,14.728,8.287,1.381,6.603,1.744,1.0,0.0
train,201762,reject,frame_crossing+arena+ref_contact,4.94,5.666,14.611,7.04,1.288,6.361,1.274,2.0,0.0
train,201763,reject,arena+frame_margin,4.752,5.463,14.622,7.026,1.242,5.9,1.44,0.0,0.029
train,201764,pass,,3.57,3.755,14.691,4.273,1.0,3.57,1.491,0.0,0.037
train,201765,reject,frame_crossing+arena+ref_contact,4.445,4.756,14.603,8.731,1.081,4.805,1.274,3.0,0.0
train,201766,reject,frame_crossing+ref_contact,4.87,5.962,14.668,6.476,1.355,6.599,1.436,2.0,0.0
train,201767,reject,frame_margin,4.868,5.664,14.644,7.676,1.287,6.266,1.644,0.0,0.007
train,201768,reject,frame_crossing+arena+ref_contact,4.626,5.621,14.685,9.993,1.278,5.91,2.148,2.0,0.0
train,201769,reject,frame_crossing+arena+ref_contact,4.392,4.753,14.65,8.428,1.08,4.745,1.266,1.0,0.0
train,201770,reject,arena,4.15,4.537,14.654,7.379,1.031,4.279,1.475,0.0,0.05
train,201771,reject,frame_crossing+arena+ref_contact,4.485,6.443,14.744,9.72,1.464,6.568,1.911,2.0,0.0
train,201772,reject,frame_crossing+arena+ref_contact,4.657,5.246,14.746,7.607,1.192,5.553,1.939,1.0,0.0
train,201773,reject,frame_crossing+arena+ref_contact,4.269,5.114,14.638,10.026,1.162,4.962,1.337,1.0,0.0
train,201774,reject,arena,4.371,6.529,14.614,5.917,1.484,6.487,1.293,0.0,0.052
train,201775,reject,frame_crossing+arena+ref_contact,5.023,6.569,14.757,8.108,1.493,7.499,1.148,1.0,0.0
train,201776,reject,frame_crossing+arena+ref_contact,5.081,5.526,14.694,9.488,1.256,6.38,1.895,2.0,0.0
train,201777,reject,frame_crossing+arena+ref_contact,4.646,6.009,14.644,9.256,1.366,6.346,1.474,3.0,0.0
train,201778,reject,frame_crossing+arena+ref_contact,4.566,5.382,14.69,7.397,1.223,5.584,1.547,2.0,0.0
train,201779,reject,frame_crossing+arena+ref_contact,4.526,5.182,14.706,7.154,1.178,5.33,2.049,1.0,0.0
train,201780,reject,arena,4.097,4.262,14.684,7.295,1.0,4.097,1.172,0.0,0.036
train,201781,reject,frame_crossing+arena+ref_contact,4.285,4.049,14.648,6.276,1.0,4.285,1.384,1.0,0.0
train,201782,reject,frame_crossing+arena+frame_margin,4.454,4.982,14.669,6.787,1.132,5.044,1.408,1.0,0.002
train,201783,reject,frame_crossing+arena+ref_contact,4.668,5.594,14.666,8.167,1.271,5.935,1.35,1.0,0.0
train,201784,reject,frame_crossing+arena+ref_contact,4.767,6.224,14.756,9.909,1.415,6.744,1.772,2.0,0.0
train,201785,reject,frame_crossing+arena+ref_contact,4.73,6.26,14.693,9.211,1.423,6.729,1.481,2.0,0.0
train,201786,reject,frame_crossing+arena+ref_contact,4.599,4.723,14.598,7.342,1.073,4.936,1.073,1.0,0.0
train,201787,reject,arena+ref_contact,4.364,5.264,14.62,5.762,1.196,5.221,1.461,0.0,0.0
train,201788,reject,frame_crossing+arena+ref_contact,4.795,4.942,14.747,10.274,1.123,5.386,1.158,2.0,0.0
train,201789,reject,frame_crossing+arena+ref_contact,4.023,5.107,14.726,7.943,1.161,4.669,1.35,1.0,0.0
train,201790,reject,frame_crossing+arena+ref_contact,4.524,4.776,14.71,6.858,1.086,4.911,1.077,1.0,0.0
train,201791,reject,frame_crossing+arena+ref_contact,4.066,4.309,14.713,8.226,1.0,4.066,1.189,1.0,0.0
train,201792,reject,arena,4.033,3.894,14.699,7.277,1.0,4.033,1.477,0.0,0.036
train,201793,reject,arena,4.154,4.09,14.738,5.965,1.0,4.154,1.44,0.0,0.037
train,201794,reject,frame_crossing+arena+ref_contact,4.919,4.945,14.623,8.126,1.124,5.528,1.053,1.0,0.0
train,201795,reject,frame_crossing+arena+ref_contact,4.439,5.883,14.768,6.583,1.337,5.936,1.488,1.0,0.0
train,201796,reject,arena+ref_contact,4.303,4.366,14.67,7.84,1.0,4.303,1.873,0.0,0.0
train,201797,reject,frame_crossing+arena+ref_contact,4.606,5.556,14.751,9.498,1.263,5.817,1.058,2.0,0.0
train,201798,reject,frame_crossing+arena+ref_contact,5.13,5.702,14.736,8.602,1.296,6.649,2.508,2.0,0.0
train,201799,reject,frame_crossing+arena+ref_contact,5.218,4.594,14.693,6.145,1.044,5.448,1.029,1.0,0.0
train,201800,reject,frame_crossing+arena+ref_contact,4.678,6.446,14.689,7.86,1.465,6.853,1.043,3.0,0.0
train,201801,reject,frame_crossing+arena+ref_contact,4.321,4.595,14.496,7.196,1.044,4.512,1.162,1.0,0.0
train,201802,reject,frame_crossing+arena+ref_contact,4.679,5.605,14.761,9.043,1.274,5.96,1.72,2.0,0.0
train,201803,reject,frame_crossing+arena+ref_contact,4.182,5.52,14.713,6.684,1.255,5.246,1.176,1.0,0.0
train,201804,reject,frame_crossing+arena+ref_contact,4.565,4.565,14.712,6.788,1.038,4.736,1.553,1.0,0.0
train,201805,reject,arena,4.219,5.95,14.743,5.94,1.352,5.705,1.235,0.0,0.036
train,201806,reject,frame_crossing+arena+ref_contact,3.943,5.455,14.745,5.484,1.24,4.888,1.035,1.0,0.0
train,201807,reject,frame_crossing+arena+ref_contact,4.55,4.951,14.725,8.29,1.125,5.119,1.198,2.0,0.0
train,201808,reject,frame_crossing+arena+ref_contact,4.933,5.861,14.717,8.216,1.332,6.571,1.592,2.0,0.0
train,201809,reject,frame_crossing+arena+ref_contact,4.145,5.036,14.573,7.681,1.144,4.744,1.032,1.0,0.0
train,201810,reject,frame_crossing+arena+ref_contact,4.815,5.113,14.732,7.939,1.162,5.595,1.267,2.0,0.0
train,201811,reject,arena,3.718,4.253,14.688,5.246,1.0,3.718,1.026,0.0,0.043
train,201812,reject,frame_crossing+arena+ref_contact,4.973,5.695,14.677,8.479,1.294,6.436,1.362,1.0,0.0
train,201813,reject,frame_crossing+arena+ref_contact,4.853,3.756,14.678,5.855,1.0,4.853,1.205,2.0,0.0
train,201814,reject,frame_crossing+arena+ref_contact,4.576,5.992,14.695,6.558,1.362,6.231,1.103,2.0,0.0
train,201815,reject,arena,3.789,5.173,14.634,6.677,1.176,4.455,1.072,0.0,0.04
train,201816,reject,arena,4.537,5.925,14.686,7.302,1.347,6.11,1.766,0.0,0.037
train,201817,reject,frame_crossing+arena+ref_contact,4.026,4.662,14.779,9.215,1.06,4.266,1.189,1.0,0.0
train,201818,reject,arena,3.74,5.027,14.643,6.626,1.143,4.273,1.176,0.0,0.035
train,201819,reject,frame_crossing+arena+ref_contact,4.58,5.982,14.716,7.172,1.36,6.227,1.592,1.0,0.0
train,201820,reject,frame_crossing+arena+ref_contact,4.662,6.431,14.718,9.744,1.461,6.813,2.195,1.0,0.0
train,201821,pass,,4.18,3.993,14.656,4.867,1.0,4.18,1.205,0.0,0.067
train,201822,reject,arena,4.233,5.214,14.715,7.167,1.185,5.016,1.198,0.0,0.047
train,201823,reject,frame_crossing+arena+ref_contact,4.175,4.903,14.713,8.605,1.114,4.652,1.372,2.0,0.0
train,201824,reject,frame_crossing+arena+ref_contact,4.792,6.13,14.745,9.621,1.393,6.675,2.094,2.0,0.0
train,201825,reject,frame_crossing+arena+ref_contact,4.204,3.735,14.408,8.723,1.0,4.204,1.231,1.0,0.0
train,201826,reject,frame_crossing+arena+ref_contact,4.405,5.314,14.767,8.272,1.208,5.321,1.62,1.0,0.0
train,201827,reject,frame_crossing+arena+ref_contact,4.926,5.48,14.643,8.261,1.245,6.135,2.259,2.0,0.0
train,201828,reject,frame_crossing+arena+ref_contact,4.546,6.289,14.688,6.723,1.429,6.497,1.249,2.0,0.0
train,201829,reject,frame_crossing+arena+ref_contact,4.863,4.822,14.652,8.151,1.096,5.329,1.162,3.0,0.0
train,201830,reject,frame_crossing+arena+ref_contact,4.006,5.863,14.649,7.115,1.332,5.338,1.073,1.0,0.0
train,201831,reject,frame_crossing+arena+ref_contact,5.193,5.737,14.716,7.783,1.304,6.77,1.744,3.0,0.0
train,201832,reject,frame_crossing+ref_contact,5.022,5.153,14.708,10.117,1.171,5.881,1.28,2.0,0.0
train,201833,reject,frame_crossing+arena+ref_contact,4.496,5.205,14.597,9.647,1.183,5.318,1.348,2.0,0.0
train,201834,reject,frame_crossing+arena+ref_contact,4.566,6.145,14.773,8.482,1.397,6.376,1.339,2.0,0.0
train,201835,reject,frame_crossing+arena+ref_contact,5.01,6.313,14.719,9.811,1.435,7.188,2.396,1.0,0.0
train,201836,reject,frame_crossing+arena+ref_contact,3.954,4.846,14.6,6.411,1.101,4.355,1.348,2.0,0.0
train,201837,reject,frame_crossing+arena+ref_contact,4.693,6.234,14.723,9.719,1.417,6.65,1.505,3.0,0.0
train,201838,reject,frame_crossing+arena+frame_margin,5.026,4.879,14.704,7.258,1.109,5.573,1.333,1.0,0.007
train,201839,reject,frame_crossing+arena+ref_contact,5.196,5.635,14.753,9.003,1.281,6.655,2.464,2.0,0.0
train,201840,reject,arena+ref_contact,4.153,3.484,14.79,6.181,1.0,4.153,1.029,0.0,0.0
train,201841,reject,frame_crossing+ref_contact,4.747,5.196,14.662,9.078,1.181,5.605,1.403,2.0,0.0
train,201842,reject,arena+frame_margin,3.92,4.272,14.744,8.928,1.0,3.92,1.744,0.0,0.002
train,201843,reject,frame_crossing+ref_contact,4.379,4.806,14.71,8.283,1.092,4.784,1.103,2.0,0.0
train,201844,reject,frame_crossing+arena+ref_contact,4.869,6.163,14.74,5.956,1.401,6.82,1.271,1.0,0.0
train,201845,reject,frame_crossing+ref_contact,4.495,5.074,14.704,7.006,1.153,5.183,1.368,1.0,0.0
train,201846,reject,frame_crossing+ref_contact,4.272,5.436,14.695,5.952,1.236,5.278,1.235,2.0,0.0
train,201847,reject,frame_crossing+arena+frame_margin,3.49,3.846,14.704,4.774,1.0,3.49,1.198,1.0,0.003
train,201848,reject,arena,4.48,3.505,14.574,7.564,1.0,4.48,1.077,0.0,0.035
train,201849,reject,arena,4.434,5.414,14.622,8.65,1.23,5.456,2.051,0.0,0.033
train,201850,reject,arena,4.132,5.232,14.748,5.584,1.189,4.913,1.862,0.0,0.038
train,201851,reject,frame_crossing+arena+ref_contact,4.542,5.078,14.564,8.417,1.154,5.241,1.047,3.0,0.0
train,201852,reject,frame_crossing+arena+ref_contact,4.552,5.563,14.751,7.941,1.264,5.755,1.665,2.0,0.0
train,201853,reject,arena,4.596,5.27,14.721,8.659,1.198,5.505,2.058,0.0,0.036
train,201854,reject,arena,4.687,4.673,14.692,7.994,1.062,4.977,1.372,0.0,0.036
train,201855,reject,frame_crossing+arena+ref_contact,4.49,4.892,14.601,9.526,1.112,4.992,1.733,1.0,0.0
train,201856,reject,frame_crossing+arena+ref_contact,4.77,5.249,14.573,6.657,1.193,5.69,1.109,2.0,0.0
train,201857,reject,frame_crossing+arena+ref_contact,4.698,5.554,14.612,8.509,1.262,5.931,1.496,1.0,0.0
train,201858,reject,arena,4.313,3.886,14.709,7.832,1.0,4.313,1.133,0.0,0.036
train,201859,reject,ref_contact,4.713,5.122,14.688,6.383,1.164,5.486,1.072,0.0,0.0
train,201860,reject,frame_crossing+arena+ref_contact,4.933,5.666,14.776,6.601,1.288,6.352,1.031,2.0,0.0
train,201861,reject,frame_crossing+arena+ref_contact,4.652,5.988,14.72,7.505,1.361,6.332,1.128,3.0,0.0
train,201862,reject,frame_margin,4.352,3.749,14.657,6.779,1.0,4.352,1.047,0.0,0.019
train,201863,reject,frame_crossing+arena+ref_contact,4.895,5.733,14.664,5.813,1.303,6.378,1.739,1.0,0.0
train,201864,reject,frame_crossing+arena+ref_contact,4.559,6.18,14.639,6.602,1.405,6.403,2.008,3.0,0.0
train,201865,reject,frame_crossing+arena+ref_contact,4.327,6.012,14.742,7.679,1.366,5.911,2.278,2.0,0.0
train,201866,reject,frame_crossing+arena+ref_contact,4.395,5.361,14.721,6.926,1.218,5.355,1.363,1.0,0.0
train,201867,reject,frame_crossing+arena+ref_contact,4.877,6.346,14.738,10.817,1.442,7.033,2.281,1.0,0.0
train,201868,reject,frame_crossing+arena+ref_contact,4.565,5.779,14.702,7.205,1.313,5.996,1.189,1.0,0.0
train,201869,reject,arena+frame_margin,5.119,5.394,14.637,8.697,1.226,6.275,1.712,0.0,0.008
train,201870,pass,,3.726,4.934,14.721,7.825,1.121,4.178,1.274,0.0,0.037
train,201871,reject,arena+frame_margin,4.391,5.45,14.674,7.471,1.239,5.439,1.073,0.0,0.025
train,201872,reject,arena+frame_margin,4.47,6.144,14.731,5.587,1.396,6.241,1.337,0.0,0.01
train,201873,reject,frame_crossing+arena+ref_contact,4.176,3.586,14.634,6.637,1.0,4.176,1.043,1.0,0.0
train,201874,reject,frame_crossing+arena+ref_contact,4.658,6.596,14.732,10.458,1.499,6.982,1.293,3.0,0.0
train,201875,reject,frame_crossing+arena+ref_contact,4.884,5.017,14.697,6.209,1.14,5.569,1.582,1.0,0.0
train,201876,reject,frame_crossing+ref_contact,4.51,5.258,14.693,5.709,1.195,5.388,1.569,1.0,0.0
train,201877,reject,frame_crossing+arena+ref_contact,4.508,5.453,14.713,9.617,1.239,5.587,1.542,1.0,0.0
train,201878,reject,frame_crossing+arena+ref_contact,4.621,4.795,14.606,10.17,1.09,5.035,1.073,1.0,0.0
train,201879,reject,frame_crossing+arena+ref_contact,4.443,5.105,14.779,7.709,1.16,5.154,1.723,1.0,0.0
train,201880,reject,frame_crossing+arena+ref_contact,4.237,4.363,14.723,6.532,1.0,4.237,1.176,1.0,0.0
train,201881,reject,frame_crossing+arena+ref_contact,4.67,6.368,14.71,7.722,1.447,6.758,1.429,2.0,0.0
train,201882,reject,frame_crossing+ref_contact,4.281,4.804,14.694,8.884,1.092,4.675,1.204,1.0,0.0
train,201883,reject,frame_crossing+arena+ref_contact,4.64,4.774,14.735,9.194,1.085,5.035,1.687,1.0,0.0
train,201884,reject,frame_crossing+arena+ref_contact,4.304,3.986,14.706,6.451,1.0,4.304,1.362,1.0,0.0
train,201885,reject,frame_crossing+arena+ref_contact,4.281,4.076,14.551,7.268,1.0,4.281,1.461,2.0,0.0
train,201886,reject,frame_crossing+arena+ref_contact,4.239,5.189,14.678,5.759,1.179,4.999,1.271,1.0,0.0
train,201887,reject,arena,4.197,3.8,14.715,7.034,1.0,4.197,1.015,0.0,0.034
train,201888,reject,arena,4.4,6.138,14.627,6.179,1.395,6.137,1.205,0.0,0.033
train,201889,reject,frame_crossing+arena+ref_contact,4.492,5.889,14.642,7.863,1.338,6.012,1.529,2.0,0.0
train,201890,reject,frame_crossing+arena+ref_contact,3.953,4.318,14.718,7.938,1.0,3.953,1.189,1.0,0.0
train,201891,reject,frame_crossing+arena+ref_contact,4.512,5.76,14.608,7.369,1.309,5.908,1.058,1.0,0.0
train,201892,reject,frame_crossing+arena+ref_contact,4.97,5.642,14.732,9.148,1.282,6.373,1.333,2.0,0.0
train,201893,reject,frame_crossing+arena+ref_contact,4.365,4.767,14.654,9.162,1.083,4.729,1.408,2.0,0.0
train,201894,reject,frame_crossing+arena+ref_contact,5.319,6.591,14.719,9.648,1.498,7.968,2.583,2.0,0.0
train,201895,reject,arena,4.024,4.121,14.595,5.635,1.0,4.024,1.267,0.0,0.04
train,201896,reject,frame_crossing+arena+ref_contact,4.798,3.988,14.449,6.416,1.0,4.798,1.204,1.0,0.0
train,201897,reject,frame_crossing+arena+ref_contact,5.322,6.027,14.591,6.97,1.37,7.29,1.162,2.0,0.0
train,201898,reject,frame_crossing+arena+ref_contact,4.238,5.564,14.749,5.984,1.265,5.359,1.47,1.0,0.0
train,201899,reject,frame_crossing+arena+ref_contact,4.857,5.073,14.706,7.793,1.153,5.6,1.204,1.0,0.0
train,201900,reject,frame_crossing+arena+ref_contact,4.92,5.3,14.609,8.157,1.205,5.926,1.862,2.0,0.0
train,201901,reject,frame_crossing+arena+ref_contact,4.82,5.513,14.739,8.493,1.253,6.039,1.228,1.0,0.0
train,201902,reject,frame_crossing+ref_contact,4.982,5.344,14.727,8.564,1.215,6.05,1.988,1.0,0.0
train,201903,reject,frame_crossing+arena+ref_contact,4.638,4.924,14.676,5.953,1.119,5.191,1.263,2.0,0.0
train,201904,reject,frame_crossing+arena+ref_contact,4.118,6.256,14.775,7.996,1.422,5.855,1.176,1.0,0.0
train,201905,reject,frame_crossing+arena+ref_contact,4.169,4.435,14.719,6.69,1.008,4.202,1.333,1.0,0.0
train,201906,reject,frame_crossing+arena+ref_contact,4.406,4.915,14.471,7.907,1.117,4.922,1.148,1.0,0.0
train,201907,reject,frame_crossing+arena+ref_contact,4.686,6.164,14.671,9.592,1.401,6.564,1.228,2.0,0.0
train,201908,reject,frame_crossing+arena+ref_contact,5.19,6.226,14.661,6.758,1.415,7.343,1.063,1.0,0.0
train,201909,reject,frame_crossing+arena+ref_contact,4.885,6.16,14.74,9.075,1.4,6.838,1.829,4.0,0.0
train,201910,reject,frame_crossing+arena+ref_contact,4.101,4.686,14.615,6.692,1.065,4.367,1.228,2.0,0.0
train,201911,reject,frame_crossing+arena+ref_contact,4.293,5.382,14.736,8.947,1.223,5.251,1.836,1.0,0.0
train,201912,reject,frame_crossing+arena+ref_contact,4.319,5.163,14.553,7.615,1.173,5.068,1.311,1.0,0.0
train,201913,reject,frame_crossing+ref_contact,3.981,3.494,14.519,5.582,1.0,3.981,1.235,1.0,0.0
train,201914,pass,,3.753,4.268,14.711,6.936,1.0,3.753,1.62,0.0,0.037
train,201915,reject,frame_crossing+ref_contact,3.948,4.055,14.669,7.698,1.0,3.948,1.219,1.0,0.0
train,201916,reject,frame_crossing+ref_contact,4.688,5.462,14.736,8.031,1.241,5.819,1.47,4.0,0.0
train,201917,reject,arena+frame_margin,5.025,6.353,14.722,9.545,1.444,7.256,1.894,0.0,0.014
train,201918,reject,frame_crossing+arena+ref_contact,4.707,4.745,14.763,6.44,1.078,5.075,1.035,1.0,0.0
train,201919,reject,arena,3.806,3.734,14.756,3.675,1.0,3.806,1.245,0.0,0.053
train,201920,reject,frame_crossing+arena+ref_contact,4.396,5.697,14.715,8.253,1.295,5.691,2.417,1.0,0.0
train,201921,reject,frame_crossing+arena+ref_contact,4.7,5.701,14.745,10.828,1.296,6.09,1.271,2.0,0.0
train,201922,reject,frame_crossing+arena+ref_contact,4.508,5.193,14.701,9.969,1.18,5.32,1.158,3.0,0.0
train,201923,reject,arena,4.245,5.427,14.696,6.813,1.233,5.235,1.523,0.0,0.036
train,201924,reject,frame_crossing+arena+ref_contact,4.614,6.031,14.662,7.652,1.371,6.325,1.595,1.0,0.0
train,201925,reject,frame_crossing+arena+ref_contact,4.059,5.635,14.682,6.693,1.281,5.198,1.4,3.0,0.0
train,201926,reject,frame_crossing+arena+ref_contact,4.146,5.449,14.74,8.337,1.238,5.134,1.043,2.0,0.0
train,201927,reject,arena,4.655,5.474,14.66,8.083,1.244,5.792,1.029,0.0,0.036
train,201928,reject,frame_crossing+arena+ref_contact,5.007,5.446,14.657,6.382,1.238,6.197,1.198,2.0,0.0
train,201929,reject,frame_crossing+ref_contact,4.589,6.084,14.674,7.337,1.383,6.344,1.699,1.0,0.0
train,201930,reject,frame_crossing+arena+ref_contact,4.78,5.93,14.759,9.06,1.348,6.442,2.094,2.0,0.0
train,201931,reject,frame_crossing+arena+ref_contact,4.667,3.508,14.608,5.687,1.0,4.667,1.172,1.0,0.0
train,201932,reject,frame_crossing+arena+ref_contact,4.739,6.184,14.689,8.312,1.406,6.661,2.259,1.0,0.0
train,201933,reject,arena,4.047,4.32,14.671,4.895,1.0,4.047,1.323,0.0,0.052
train,201934,reject,frame_crossing+arena+ref_contact,4.883,6.122,14.575,6.804,1.391,6.794,1.617,2.0,0.0
train,201935,reject,frame_crossing+arena+ref_contact,4.458,6.261,14.706,6.745,1.423,6.344,1.597,1.0,0.0
train,201936,reject,frame_crossing+arena+ref_contact,4.763,5.589,14.732,8.344,1.27,6.05,1.219,2.0,0.0
train,201937,reject,frame_crossing+arena+ref_contact,4.913,5.613,14.656,8.041,1.276,6.267,1.339,3.0,0.0
train,201938,reject,frame_crossing+arena+ref_contact,4.825,6.186,14.628,6.196,1.406,6.783,1.53,2.0,0.0
train,201939,reject,frame_crossing+arena+frame_margin,4.048,5.311,14.711,6.692,1.207,4.886,1.372,1.0,0.023
train,201940,reject,arena+frame_margin,4.741,5.966,14.742,10.389,1.356,6.429,1.204,0.0,0.027
train,201941,reject,frame_crossing+arena+ref_contact,4.15,3.645,14.744,5.29,1.0,4.15,1.107,1.0,0.0
train,201942,reject,frame_crossing+arena+ref_contact,4.757,3.93,14.652,4.157,1.0,4.757,1.235,3.0,0.0
train,201943,reject,arena,3.874,5.602,14.694,7.109,1.273,4.933,1.582,0.0,0.036
train,201944,reject,frame_crossing+arena+ref_contact,4.898,5.263,14.682,6.855,1.196,5.858,1.053,2.0,0.0
train,201945,reject,arena+frame_margin,4.111,5.626,14.68,7.525,1.279,5.257,1.301,0.0,0.026
train,201946,reject,arena,4.426,4.663,14.654,4.973,1.06,4.691,1.097,0.0,0.037
train,201947,reject,frame_crossing+ref_contact,4.746,4.707,14.679,7.618,1.07,5.078,1.026,1.0,0.0
train,201948,reject,frame_crossing+arena+ref_contact,4.799,6.427,14.661,6.895,1.461,7.01,1.772,3.0,0.0
train,201949,reject,frame_crossing+arena+ref_contact,4.606,5.661,14.718,8.864,1.287,5.926,1.058,1.0,0.0
train,201950,reject,arena,3.758,4.686,14.735,5.077,1.065,4.003,1.684,0.0,0.046
train,201951,reject,arena,4.026,5.318,14.632,8.088,1.209,4.866,1.436,0.0,0.042
train,201952,reject,frame_crossing+arena+ref_contact,4.672,5.093,14.749,9.086,1.157,5.407,1.13,1.0,0.0
train,201953,reject,frame_crossing+arena+ref_contact,5.05,5.418,14.704,8.424,1.231,6.219,1.941,3.0,0.0
train,201954,pass,,4.658,5.867,14.633,8.092,1.333,6.212,1.063,0.0,0.036
train,201955,reject,frame_crossing+arena+ref_contact,4.6,6.316,14.725,8.993,1.435,6.603,1.496,2.0,0.0
train,201956,reject,frame_crossing+arena+ref_contact,4.981,5.062,14.622,8.502,1.15,5.73,1.13,1.0,0.0
train,201957,reject,arena+ref_contact,5.065,5.644,14.756,8.868,1.283,6.497,2.067,0.0,0.0
train,201958,reject,frame_crossing+arena+ref_contact,4.38,5.153,14.684,10.64,1.171,5.13,1.162,1.0,0.0
train,201959,reject,frame_crossing+arena+ref_contact,4.701,5.852,14.705,6.466,1.33,6.253,1.37,2.0,0.0
train,201960,reject,frame_crossing+ref_contact,4.189,6.025,14.539,6.527,1.369,5.736,1.363,2.0,0.0
train,201961,reject,frame_crossing+arena+ref_contact,4.628,4.823,14.717,7.188,1.096,5.072,1.031,1.0,0.0
train,201962,reject,frame_crossing+arena+ref_contact,4.093,5.152,14.755,9.416,1.171,4.792,1.712,3.0,0.0
train,201963,reject,frame_crossing+arena+ref_contact,4.951,5.924,14.583,8.559,1.346,6.666,2.179,1.0,0.0
train,201964,reject,frame_crossing+arena+ref_contact,4.208,3.734,14.66,6.253,1.0,4.208,1.274,1.0,0.0
train,201965,reject,frame_crossing+arena+ref_contact,4.312,4.465,14.708,6.703,1.015,4.375,1.189,2.0,0.0
train,201966,reject,frame_crossing+ref_contact,4.471,5.463,14.682,5.789,1.242,5.551,1.133,1.0,0.0
train,201967,reject,frame_crossing+arena+ref_contact,4.923,4.619,14.521,7.81,1.05,5.168,1.396,3.0,0.0
train,201968,reject,frame_crossing+arena+ref_contact,5.205,5.607,14.665,9.341,1.274,6.633,1.654,2.0,0.0
train,201969,reject,frame_crossing+arena+ref_contact,4.398,4.637,14.718,7.654,1.054,4.635,1.103,1.0,0.0
train,201970,reject,frame_crossing+arena+ref_contact,4.332,4.791,14.743,9.665,1.089,4.717,1.984,2.0,0.0
train,201971,reject,frame_crossing+ref_contact,4.484,5.193,14.774,5.544,1.18,5.291,1.073,2.0,0.0
train,201972,reject,arena+frame_margin,4.122,5.969,14.727,6.835,1.357,5.592,1.107,0.0,0.002
train,201973,reject,frame_crossing+arena+ref_contact,4.33,5.318,14.635,7.552,1.209,5.233,1.47,1.0,0.0
train,201974,reject,frame_crossing+arena+ref_contact,5.06,6.175,14.665,8.055,1.403,7.101,2.094,1.0,0.0
train,201975,reject,frame_crossing+arena+ref_contact,4.91,6.08,14.72,8.71,1.382,6.785,2.295,2.0,0.0
train,201976,reject,frame_crossing+arena+ref_contact,4.386,4.184,14.72,6.475,1.0,4.386,1.109,1.0,0.0
train,201977,reject,arena,3.667,4.503,14.669,7.765,1.024,3.753,1.327,0.0,0.049
train,201978,reject,frame_crossing+arena+ref_contact,4.468,4.573,14.673,5.335,1.039,4.644,1.231,1.0,0.0
train,201979,reject,frame_crossing+arena+ref_contact,4.768,5.729,14.692,5.087,1.302,6.208,1.37,1.0,0.0
train,201980,reject,arena,4.183,6.486,14.659,5.87,1.474,6.166,1.031,0.0,0.038
train,201981,reject,arena,4.521,4.862,14.525,6.548,1.105,4.995,1.109,0.0,0.037
train,201982,pass,,3.802,3.567,14.586,5.384,1.0,3.802,1.035,0.0,0.036
train,201983,reject,arena,3.577,4.119,14.756,5.235,1.0,3.577,1.398,0.0,0.04
train,201984,reject,frame_crossing+arena+ref_contact,3.581,4.494,14.666,7.405,1.021,3.657,1.69,2.0,0.0
train,201985,reject,frame_crossing+arena+ref_contact,4.593,5.546,14.77,10.56,1.26,5.789,1.153,3.0,0.0
train,201986,reject,arena,4.523,5.71,14.729,7.839,1.298,5.869,1.433,0.0,0.055
train,201987,reject,frame_crossing+ref_contact,4.426,4.369,14.718,6.192,1.0,4.426,1.107,1.0,0.0
train,201988,reject,frame_crossing+ref_contact,4.811,5.524,14.647,7.195,1.255,6.039,1.481,1.0,0.0
train,201989,reject,frame_crossing+arena+ref_contact,4.638,5.781,14.712,8.086,1.314,6.094,1.654,3.0,0.0
train,201990,reject,arena+frame_margin,4.138,4.129,14.788,6.556,1.0,4.138,1.263,0.0,0.022
train,201991,reject,frame_crossing+arena+ref_contact,4.796,6.407,14.671,8.943,1.456,6.984,1.794,2.0,0.0
train,201992,reject,frame_crossing+arena+ref_contact,4.616,3.509,14.598,4.9,1.0,4.616,1.029,2.0,0.0
train,201993,reject,frame_crossing+arena+ref_contact,4.525,5.011,14.68,10.75,1.139,5.154,1.047,3.0,0.0
train,201994,reject,frame_crossing+arena+ref_contact,4.989,4.541,14.614,7.432,1.032,5.148,1.687,1.0,0.0
train,201995,reject,frame_crossing+arena+ref_contact,4.311,5.43,14.749,9.441,1.234,5.32,1.538,1.0,0.0
train,201996,reject,frame_crossing+arena+ref_contact,4.507,5.032,14.622,9.587,1.144,5.155,1.846,1.0,0.0
train,201997,reject,frame_crossing+arena+ref_contact,4.583,4.566,14.717,7.792,1.038,4.755,1.245,1.0,0.0
train,201998,reject,frame_crossing+arena+ref_contact,4.647,5.875,14.735,10.516,1.335,6.205,1.337,1.0,0.0
train,201999,reject,frame_crossing+arena+ref_contact,4.492,6.457,14.615,5.557,1.468,6.593,1.13,3.0,0.0
train,202000,reject,frame_crossing+arena+ref_contact,4.006,4.157,14.765,5.475,1.0,4.006,1.133,1.0,0.0
train,202001,reject,arena,4.728,5.252,14.734,7.042,1.194,5.645,1.267,0.0,0.036
train,202002,reject,frame_crossing+arena+ref_contact,4.34,4.556,14.796,6.223,1.035,4.494,1.073,1.0,0.0
train,202003,reject,frame_crossing+arena+ref_contact,4.234,3.386,14.532,4.979,1.0,4.234,1.072,2.0,0.0
train,202004,reject,frame_crossing+arena+ref_contact,4.52,4.977,14.741,8.178,1.131,5.114,1.328,2.0,0.0
train,202005,pass,,4.392,5.168,14.591,7.161,1.174,5.158,1.384,0.0,0.041
train,202006,reject,frame_crossing+arena+ref_contact,4.778,5.516,14.636,9.097,1.254,5.989,1.694,1.0,0.0
train,202007,reject,arena+frame_margin,4.762,5.251,14.664,8.1,1.193,5.684,1.434,0.0,0.016
train,202008,reject,frame_crossing+arena+ref_contact,5.241,5.554,14.716,10.526,1.262,6.615,2.442,2.0,0.0
train,202009,reject,frame_crossing+arena+ref_contact,4.38,4.498,14.534,9.64,1.022,4.478,1.44,1.0,0.0
train,202010,reject,frame_crossing+arena+ref_contact,4.638,4.432,14.688,7.44,1.007,4.672,1.162,3.0,0.0
train,202011,reject,frame_crossing+arena+ref_contact,4.608,5.416,14.61,7.042,1.231,5.672,1.523,2.0,0.0
train,202012,reject,frame_crossing+arena+ref_contact,4.722,6.517,14.689,8.601,1.481,6.993,1.44,2.0,0.0
train,202013,reject,frame_crossing+arena+ref_contact,4.432,6.378,14.792,5.93,1.45,6.425,1.026,1.0,0.0
train,202014,reject,frame_crossing+arena+ref_contact,4.077,5.392,14.654,9.122,1.226,4.997,1.031,2.0,0.0
train,202015,reject,arena+frame_margin,4.686,5.311,14.583,7.269,1.207,5.657,1.864,0.0,0.012
train,202016,reject,frame_crossing+arena+ref_contact,4.751,5.453,14.748,8.894,1.239,5.887,1.592,1.0,0.0
train,202017,reject,frame_crossing+arena+ref_contact,4.426,4.798,14.735,9.347,1.09,4.826,1.614,1.0,0.0
train,202018,reject,arena,3.969,4.604,14.68,8.072,1.046,4.153,1.529,0.0,0.053
train,202019,reject,frame_margin,4.581,5.062,14.439,5.857,1.151,5.271,1.204,0.0,0.007
train,202020,reject,frame_crossing+arena+ref_contact,4.496,4.969,14.706,8.701,1.129,5.078,1.171,1.0,0.0
train,202021,reject,ref_contact,4.281,5.113,14.661,5.779,1.162,4.975,1.235,0.0,0.0
train,202022,reject,arena+frame_margin,4.277,4.556,14.574,6.781,1.036,4.428,1.363,0.0,0.014
train,202023,reject,frame_crossing+ref_contact,4.658,5.578,14.602,7.188,1.268,5.905,1.506,3.0,0.0
train,202024,reject,frame_crossing+arena+ref_contact,4.49,5.001,14.609,10.175,1.137,5.104,1.128,2.0,0.0
train,202025,reject,frame_crossing+arena+ref_contact,4.475,5.391,14.72,8.77,1.225,5.483,1.44,1.0,0.0
train,202026,reject,frame_crossing+arena+ref_contact,4.657,6.618,14.674,6.198,1.504,7.004,1.327,2.0,0.0
train,202027,reject,arena,4.65,4.644,14.753,5.609,1.055,4.908,1.133,0.0,0.038
train,202028,reject,frame_crossing+arena+ref_contact,4.663,5.917,14.509,6.564,1.345,6.27,1.405,1.0,0.0
train,202029,reject,arena+frame_margin,4.045,4.723,14.644,6.176,1.073,4.342,1.609,0.0,0.023
train,202030,reject,frame_crossing+arena+ref_contact,4.48,6.315,14.694,5.848,1.435,6.429,1.663,2.0,0.0
train,202031,reject,frame_crossing+arena+ref_contact,4.329,4.442,14.729,8.377,1.009,4.37,1.015,1.0,0.0
train,202032,reject,frame_crossing+arena+ref_contact,5.179,5.663,14.732,8.478,1.287,6.666,1.496,1.0,0.0
train,202033,reject,frame_crossing+arena+ref_contact,5.066,6.19,14.692,6.318,1.407,7.127,1.639,4.0,0.0
train,202034,reject,frame_crossing+arena+ref_contact,4.586,5.356,14.596,6.858,1.217,5.582,1.029,1.0,0.0
train,202035,reject,frame_crossing+arena+ref_contact,4.62,5.212,14.645,8.669,1.185,5.473,1.761,2.0,0.0
train,202036,reject,arena+ref_contact,5.05,6.107,14.755,7.858,1.388,7.009,1.491,0.0,0.0
train,202037,reject,frame_crossing+frame_margin,4.295,5.158,14.741,5.683,1.172,5.034,1.133,1.0,0.008
train,202038,reject,frame_crossing+arena+ref_contact,4.502,4.962,14.641,5.643,1.128,5.078,1.072,1.0,0.0
train,202039,reject,frame_crossing+arena+ref_contact,4.171,3.566,14.694,6.768,1.0,4.171,1.103,1.0,0.0
train,202040,reject,frame_crossing+arena+ref_contact,4.555,6.504,14.715,8.184,1.478,6.733,1.926,2.0,0.0
train,202041,reject,arena,4.591,4.927,14.7,7.636,1.12,5.14,1.189,0.0,0.042
train,202042,reject,arena,3.564,4.917,14.629,6.524,1.118,3.983,1.837,0.0,0.042
train,202043,reject,frame_crossing+arena+ref_contact,5.27,5.341,14.548,7.661,1.214,6.398,1.253,2.0,0.0
train,202044,reject,frame_crossing+arena+ref_contact,4.397,6.16,14.692,6.32,1.4,6.156,1.408,1.0,0.0
train,202045,reject,frame_crossing+arena+ref_contact,4.765,5.006,14.647,8.465,1.138,5.421,1.684,2.0,0.0
train,202046,reject,frame_crossing+arena+ref_contact,4.528,5.606,14.683,9.136,1.274,5.769,2.317,2.0,0.0
train,202047,reject,frame_crossing+arena+ref_contact,4.639,5.247,14.567,6.592,1.192,5.532,1.362,1.0,0.0
train,202048,reject,frame_crossing+arena+ref_contact,4.408,5.475,14.692,7.864,1.244,5.485,1.263,2.0,0.0
train,202049,reject,frame_crossing+ref_contact,4.467,5.025,14.544,5.909,1.142,5.102,1.372,2.0,0.0
train,202050,reject,frame_crossing+arena+ref_contact,4.787,5.273,14.739,8.878,1.198,5.737,1.461,3.0,0.0
train,202051,reject,frame_crossing+arena+ref_contact,4.973,5.511,14.742,8.357,1.253,6.229,1.245,2.0,0.0
train,202052,reject,frame_crossing+arena+ref_contact,4.821,6.172,14.737,5.844,1.403,6.763,1.577,2.0,0.0
train,202053,reject,frame_crossing+frame_margin,4.107,4.591,14.702,5.803,1.043,4.286,1.073,1.0,0.023
train,202054,reject,arena,3.889,4.191,14.733,8.267,1.0,3.889,1.4,0.0,0.036
train,202055,reject,frame_crossing+arena+ref_contact,5.172,5.021,14.743,9.678,1.141,5.903,1.854,2.0,0.0
train,202056,reject,frame_crossing+ref_contact,5.114,5.128,14.731,10.209,1.165,5.96,2.008,3.0,0.0
train,202057,reject,frame_crossing+arena+ref_contact,4.338,5.685,14.565,7.621,1.292,5.605,1.158,1.0,0.0
train,202058,reject,frame_crossing+ref_contact,4.705,5.701,14.739,7.22,1.296,6.097,1.35,1.0,0.0
train,202059,reject,frame_crossing+arena+ref_contact,4.037,4.01,14.67,7.228,1.0,4.037,1.171,1.0,0.0
train,202060,reject,frame_margin,4.295,4.255,14.74,7.64,1.0,4.295,1.627,0.0,0.007
train,202061,reject,frame_crossing+arena+ref_contact,4.618,5.547,14.519,7.261,1.261,5.823,1.032,2.0,0.0
train,202062,reject,frame_crossing+arena+ref_contact,5.272,6.665,14.689,7.445,1.515,7.987,2.359,3.0,0.0
train,202063,reject,frame_crossing+arena+ref_contact,4.792,5.754,14.687,7.338,1.308,6.268,1.348,3.0,0.0
train,202064,reject,arena,4.787,6.372,14.72,6.304,1.448,6.932,1.172,0.0,0.034
train,202065,reject,frame_crossing+arena+ref_contact,4.21,5.119,14.61,10.249,1.163,4.897,1.204,1.0,0.0
train,202066,reject,frame_crossing+arena+ref_contact,4.524,5.549,14.615,6.729,1.261,5.706,1.398,2.0,0.0
train,202067,reject,frame_crossing+arena+ref_contact,4.922,6.359,14.668,8.797,1.445,7.113,1.845,2.0,0.0
train,202068,reject,frame_crossing+arena+ref_contact,4.709,4.539,14.464,6.387,1.032,4.858,1.171,2.0,0.0
train,202069,reject,frame_crossing+arena+ref_contact,4.752,5.076,14.699,9.514,1.154,5.483,1.829,2.0,0.0
train,202070,reject,frame_crossing+ref_contact,4.957,5.048,14.65,6.371,1.147,5.687,1.434,2.0,0.0
train,202071,reject,arena+frame_margin,4.421,4.868,14.701,6.145,1.106,4.891,1.077,0.0,0.015
train,202072,reject,frame_crossing+arena+ref_contact,4.74,4.84,14.613,9.228,1.1,5.214,1.266,2.0,0.0
train,202073,reject,frame_crossing+arena+ref_contact,4.66,5.64,14.689,7.602,1.282,5.973,1.505,1.0,0.0
train,202074,reject,frame_crossing+arena+ref_contact,4.832,6.025,14.698,7.897,1.369,6.617,1.372,2.0,0.0
train,202075,reject,arena+frame_margin,4.856,6.203,14.621,8.187,1.41,6.847,1.451,0.0,0.002
train,202076,reject,frame_crossing+arena+ref_contact,4.514,5.003,14.769,7.64,1.137,5.133,1.035,1.0,0.0
train,202077,reject,frame_crossing+arena+ref_contact,4.078,4.79,14.677,8.223,1.089,4.439,1.249,1.0,0.0
train,202078,reject,arena+frame_margin,4.654,4.675,14.606,6.834,1.062,4.944,1.015,0.0,0.01
train,202079,reject,frame_crossing+ref_contact,4.304,5.341,14.742,7.607,1.214,5.225,1.107,1.0,0.0
train,202080,reject,frame_crossing+arena+ref_contact,4.047,3.865,14.582,8.537,1.0,4.047,1.133,1.0,0.0
train,202081,reject,frame_crossing+arena+ref_contact,4.215,4.089,14.588,6.172,1.0,4.215,1.077,1.0,0.0
train,202082,reject,frame_crossing+arena+ref_contact,4.563,6.168,14.71,6.609,1.402,6.397,1.754,1.0,0.0
train,202083,reject,frame_crossing+arena+ref_contact,4.641,5.812,14.735,8.356,1.321,6.131,1.47,1.0,0.0
train,202084,reject,frame_crossing+arena+ref_contact,4.734,5.412,14.612,9.892,1.23,5.823,1.873,2.0,0.0
train,202085,reject,frame_crossing+arena+ref_contact,4.596,6.178,14.545,8.29,1.404,6.454,1.176,1.0,0.0
train,202086,reject,frame_crossing+arena+ref_contact,4.211,5.149,14.592,10.044,1.17,4.928,1.542,2.0,0.0
train,202087,reject,frame_crossing+arena+ref_contact,4.567,4.597,14.739,6.562,1.045,4.772,1.547,2.0,0.0
train,202088,pass,,4.252,5.059,14.741,6.328,1.15,4.889,1.429,0.0,0.037
train,202089,reject,frame_crossing+arena+ref_contact,4.785,5.676,14.764,9.019,1.29,6.173,1.694,4.0,0.0
train,202090,reject,frame_crossing+arena+ref_contact,4.559,4.818,14.663,6.62,1.095,4.992,2.071,1.0,0.0
train,202091,reject,frame_crossing+arena+ref_contact,4.488,4.261,14.612,7.352,1.0,4.488,1.684,1.0,0.0
train,202092,reject,frame_crossing+arena+ref_contact,4.704,4.501,14.708,8.557,1.023,4.812,1.026,2.0,0.0
train,202093,reject,frame_crossing+arena+ref_contact,4.279,4.578,14.636,6.427,1.04,4.452,1.793,1.0,0.0
train,202094,reject,frame_crossing+arena+ref_contact,5.146,6.039,14.544,8.218,1.373,7.063,1.579,2.0,0.0
train,202095,reject,frame_crossing+ref_contact,4.444,5.588,14.685,8.902,1.27,5.644,1.107,2.0,0.0
train,202096,reject,frame_crossing+arena+ref_contact,4.798,6.053,14.718,6.669,1.376,6.6,1.293,2.0,0.0
train,202097,reject,frame_crossing+arena+ref_contact,4.651,5.151,14.52,8.626,1.171,5.444,1.4,2.0,0.0
train,202098,reject,frame_crossing+arena+ref_contact,4.808,5.544,14.764,11.166,1.26,6.058,1.505,1.0,0.0
train,202099,reject,frame_crossing+arena+ref_contact,4.738,4.829,14.723,10.787,1.097,5.2,1.864,2.0,0.0
train,202100,reject,frame_crossing+arena+ref_contact,4.624,6.486,14.658,8.404,1.474,6.816,1.949,1.0,0.0
train,202101,reject,frame_crossing+arena+ref_contact,4.32,5.043,14.712,5.768,1.146,4.951,1.058,2.0,0.0
train,202102,reject,frame_crossing+arena+ref_contact,4.764,5.538,14.751,8.402,1.259,5.996,1.873,1.0,0.0
train,202103,reject,frame_crossing+arena+ref_contact,4.206,4.155,14.649,6.967,1.0,4.206,1.253,1.0,0.0
train,202104,reject,frame_crossing+arena+ref_contact,4.775,5.661,14.658,9.378,1.287,6.143,1.035,5.0,0.0
train,202105,reject,frame_crossing+arena+ref_contact,4.674,6.025,14.748,7.486,1.369,6.4,1.553,2.0,0.0
train,202106,reject,arena,4.224,4.607,14.65,5.573,1.047,4.422,1.073,0.0,0.036
train,202107,reject,frame_crossing+arena+ref_contact,4.879,5.239,14.671,4.925,1.191,5.809,1.547,1.0,0.0
train,202108,reject,frame_crossing+arena+ref_contact,4.599,5.387,14.707,7.186,1.224,5.631,1.263,1.0,0.0
train,202109,reject,frame_crossing+arena+ref_contact,4.349,5.335,14.649,6.911,1.213,5.274,1.245,1.0,0.0
train,202110,reject,frame_crossing+arena+ref_contact,5.159,6.419,14.654,9.393,1.459,7.525,2.471,2.0,0.0
train,202111,reject,frame_crossing+ref_contact,4.233,4.793,14.73,9.188,1.089,4.61,1.245,1.0,0.0
train,202112,reject,arena+frame_margin,4.331,3.98,14.628,6.639,1.0,4.331,1.015,0.0,0.024
train,202113,reject,frame_crossing+arena+ref_contact,4.779,6.157,14.684,7.033,1.399,6.688,1.496,3.0,0.0
train,202114,reject,arena,4.306,4.789,14.548,6.458,1.088,4.686,1.739,0.0,0.041
train,202115,reject,frame_crossing+ref_contact,3.856,4.906,14.656,6.882,1.115,4.299,1.821,2.0,0.0
train,202116,reject,frame_crossing+arena+ref_contact,4.946,5.324,14.727,8.441,1.21,5.985,2.162,2.0,0.0
train,202117,reject,frame_crossing+arena+ref_contact,4.313,6.197,14.741,9.498,1.408,6.074,1.032,2.0,0.0
train,202118,reject,frame_crossing+arena+ref_contact,5.23,5.651,14.518,7.835,1.284,6.716,1.198,2.0,0.0
train,202119,reject,frame_crossing+arena+ref_contact,4.458,4.594,14.678,7.788,1.044,4.655,1.047,2.0,0.0
train,202120,reject,arena+frame_margin,4.256,5.134,14.704,8.919,1.167,4.967,1.109,0.0,0.028
train,202121,reject,arena,4.303,6.747,14.683,5.884,1.533,6.598,1.176,0.0,0.043
train,202122,reject,arena,4.475,4.641,14.783,5.37,1.055,4.72,1.733,0.0,0.04
train,202123,reject,frame_crossing+arena+frame_margin,4.672,5.708,14.454,10.287,1.297,6.061,1.66,1.0,0.008
train,202124,reject,frame_crossing+arena+ref_contact,5.096,6.028,14.694,8.401,1.37,6.982,2.564,4.0,0.0
train,202125,reject,frame_crossing+ref_contact,5.0,5.855,14.69,7.523,1.331,6.653,2.564,3.0,0.0
train,202126,reject,arena,4.493,4.289,14.511,8.391,1.0,4.493,1.031,0.0,0.062
train,202127,reject,frame_crossing+arena+ref_contact,4.606,5.755,14.67,6.975,1.308,6.024,1.362,3.0,0.0
train,202128,reject,arena,4.03,4.906,14.742,5.616,1.115,4.493,1.293,0.0,0.037
train,202129,reject,frame_crossing+arena+ref_contact,4.921,4.84,14.696,9.646,1.1,5.413,1.267,3.0,0.0
train,202130,reject,frame_crossing+arena+ref_contact,4.849,5.138,14.722,9.488,1.168,5.662,1.176,1.0,0.0
train,202131,reject,arena+ref_contact,4.233,5.772,14.676,5.751,1.312,5.553,1.837,0.0,0.0
train,202132,reject,frame_crossing+arena+ref_contact,4.779,5.072,14.793,7.885,1.153,5.509,1.794,1.0,0.0
train,202133,reject,frame_crossing+arena+ref_contact,4.346,5.55,14.78,7.676,1.261,5.483,1.13,2.0,0.0
train,202134,reject,frame_crossing+arena+ref_contact,4.452,6.415,14.747,7.987,1.458,6.491,1.684,1.0,0.0
train,202135,reject,frame_crossing+arena+ref_contact,4.691,5.16,14.574,9.523,1.173,5.501,1.609,1.0,0.0
train,202136,reject,frame_crossing+arena+ref_contact,4.668,5.125,14.72,7.737,1.165,5.438,1.063,1.0,0.0
train,202137,reject,frame_crossing+arena+ref_contact,4.858,5.318,14.731,9.66,1.209,5.872,1.073,4.0,0.0
train,202138,reject,frame_crossing+arena+ref_contact,4.679,5.126,14.684,8.648,1.165,5.451,1.015,2.0,0.0
train,202139,reject,frame_crossing+arena+ref_contact,4.771,5.369,14.683,6.32,1.22,5.822,1.383,3.0,0.0
train,202140,reject,frame_crossing+arena+ref_contact,4.892,5.067,14.733,8.197,1.152,5.634,1.579,2.0,0.0
train,202141,reject,frame_crossing+arena+ref_contact,4.731,5.876,14.65,8.882,1.335,6.317,1.96,1.0,0.0
train,202142,reject,frame_crossing+arena+ref_contact,4.735,6.122,14.584,8.166,1.391,6.589,1.569,2.0,0.0
train,202143,reject,frame_crossing+arena+ref_contact,4.709,5.649,14.688,7.419,1.284,6.046,1.031,2.0,0.0
train,202144,reject,frame_crossing+arena+ref_contact,4.357,5.333,14.676,7.686,1.212,5.281,1.687,2.0,0.0
train,202145,reject,arena+frame_margin,4.711,5.378,14.733,8.915,1.222,5.757,1.952,0.0,0.004
train,202146,reject,arena,4.419,6.088,14.774,6.403,1.384,6.114,1.204,0.0,0.036
train,202147,reject,frame_crossing+arena+ref_contact,3.878,4.845,14.707,5.792,1.101,4.27,1.911,1.0,0.0
train,202148,reject,frame_crossing+arena+ref_contact,4.282,4.782,14.58,7.725,1.087,4.654,1.047,1.0,0.0
train,202149,reject,frame_crossing+arena+ref_contact,4.281,4.681,14.736,6.035,1.064,4.554,1.529,1.0,0.0
train,202150,reject,frame_crossing+arena+ref_contact,4.759,6.079,14.744,7.541,1.382,6.575,1.807,3.0,0.0
train,202151,reject,arena,4.34,4.212,14.742,6.138,1.0,4.34,1.063,0.0,0.036
train,202152,reject,frame_crossing+arena+ref_contact,4.444,4.734,14.636,7.713,1.076,4.781,1.547,1.0,0.0
train,202153,reject,arena+frame_margin,4.128,4.633,14.682,5.703,1.053,4.347,1.538,0.0,0.017
train,202154,reject,frame_crossing+arena+ref_contact,4.277,5.324,14.716,6.345,1.21,5.174,2.353,1.0,0.0
train,202155,reject,frame_crossing+arena+ref_contact,4.25,4.477,14.691,7.843,1.018,4.325,1.337,1.0,0.0
train,202156,reject,frame_crossing+arena+ref_contact,4.253,4.741,14.623,5.984,1.077,4.582,1.235,1.0,0.0
train,202157,reject,frame_crossing+arena+ref_contact,4.201,5.454,14.632,6.046,1.24,5.207,1.335,1.0,0.0
train,202158,reject,frame_crossing+arena+ref_contact,5.368,4.932,14.58,9.802,1.121,6.017,2.377,2.0,0.0
train,202159,reject,frame_crossing+arena+ref_contact,4.649,5.688,14.544,8.454,1.293,6.01,1.158,2.0,0.0
train,202160,reject,frame_crossing+arena+ref_contact,4.619,5.381,14.698,6.651,1.223,5.649,1.592,1.0,0.0
train,202161,reject,arena,4.76,5.833,14.76,6.269,1.326,6.311,2.164,0.0,0.037
train,202162,reject,arena+ref_contact,4.4,6.212,14.617,6.826,1.412,6.212,1.694,0.0,0.0
train,202163,reject,frame_crossing+arena+ref_contact,4.508,5.737,14.687,7.544,1.304,5.879,1.128,2.0,0.0
train,202164,reject,frame_crossing+arena+ref_contact,4.346,4.229,14.619,6.401,1.0,4.346,1.597,1.0,0.0
train,202165,reject,frame_crossing+arena+ref_contact,4.906,4.793,14.698,8.767,1.089,5.345,1.663,3.0,0.0
train,202166,reject,frame_crossing+arena+ref_contact,4.362,5.629,14.671,7.941,1.279,5.58,1.62,1.0,0.0
train,202167,reject,frame_crossing+arena+ref_contact,4.456,4.857,14.599,6.709,1.104,4.919,1.107,1.0,0.0
train,202168,reject,frame_crossing+arena+ref_contact,4.178,5.111,14.719,8.099,1.162,4.853,1.015,2.0,0.0
train,202169,reject,frame_crossing+ref_contact,3.996,5.291,14.663,8.429,1.202,4.805,1.189,1.0,0.0
train,202170,reject,frame_crossing+arena+ref_contact,4.628,5.95,14.708,8.765,1.352,6.258,1.219,3.0,0.0
train,202171,reject,frame_crossing+arena+ref_contact,5.076,5.751,14.704,9.394,1.307,6.634,1.44,2.0,0.0
train,202172,reject,frame_crossing+arena+ref_contact,4.708,6.209,14.654,8.623,1.411,6.643,1.189,3.0,0.0
train,202173,reject,frame_crossing+arena+ref_contact,4.75,3.709,14.615,6.2,1.0,4.75,1.026,1.0,0.0
train,202174,reject,arena,4.216,5.592,14.721,6.315,1.271,5.358,1.687,0.0,0.04
train,202175,reject,frame_crossing+arena+ref_contact,4.533,5.572,14.681,7.532,1.266,5.741,1.398,1.0,0.0
train,202176,reject,arena+frame_margin,4.228,4.745,14.662,6.074,1.078,4.559,1.5,0.0,0.003
train,202177,reject,frame_crossing+ref_contact,4.072,3.683,14.706,5.056,1.0,4.072,1.109,1.0,0.0
train,202178,reject,frame_crossing+arena+ref_contact,4.351,5.534,14.554,8.391,1.258,5.472,1.461,1.0,0.0
train,202179,reject,frame_crossing+arena+ref_contact,5.3,5.806,14.714,7.061,1.319,6.993,2.059,2.0,0.0
train,202180,reject,frame_crossing+arena+ref_contact,4.811,5.173,14.732,9.334,1.176,5.657,1.072,2.0,0.0
train,202181,reject,frame_crossing+arena+ref_contact,4.525,5.979,14.686,6.172,1.359,6.149,1.158,1.0,0.0
train,202182,reject,arena,4.027,6.236,14.694,5.86,1.417,5.707,1.311,0.0,0.057
train,202183,reject,arena,3.97,4.54,14.715,6.926,1.032,4.096,1.231,0.0,0.036
train,202184,reject,frame_crossing+arena+frame_margin,4.3,5.488,14.728,7.318,1.247,5.363,1.641,1.0,0.015
train,202185,reject,frame_crossing+arena+ref_contact,4.795,5.251,14.643,8.541,1.193,5.723,1.403,1.0,0.0
train,202186,reject,frame_crossing+arena+ref_contact,4.641,3.396,14.766,4.846,1.0,4.641,1.171,1.0,0.0
train,202187,reject,frame_crossing+arena+ref_contact,4.757,4.691,14.511,6.639,1.066,5.073,1.235,2.0,0.0
train,202188,reject,frame_crossing+arena+ref_contact,4.544,4.263,14.606,6.732,1.0,4.544,1.5,3.0,0.0
train,202189,reject,frame_crossing+arena+ref_contact,5.107,5.418,14.704,9.509,1.231,6.289,1.118,2.0,0.0
train,202190,reject,frame_crossing+arena+ref_contact,4.808,5.57,14.749,9.159,1.266,6.086,1.553,3.0,0.0
train,202191,reject,frame_crossing+ref_contact,4.791,5.643,14.663,6.947,1.282,6.144,1.058,2.0,0.0
train,202192,reject,frame_crossing+arena+ref_contact,4.442,4.9,14.699,10.359,1.114,4.946,1.641,2.0,0.0
train,202193,reject,frame_crossing+arena+ref_contact,4.151,4.698,14.743,5.72,1.068,4.432,1.031,1.0,0.0
train,202194,reject,frame_crossing+arena+ref_contact,4.021,5.144,14.734,9.419,1.169,4.701,1.015,1.0,0.0
train,202195,reject,frame_crossing+arena+ref_contact,4.87,5.285,14.705,8.109,1.201,5.849,1.362,1.0,0.0
train,202196,reject,frame_crossing+arena+ref_contact,4.674,5.988,14.666,5.777,1.361,6.361,1.398,2.0,0.0
train,202197,reject,frame_crossing+arena+ref_contact,3.786,5.01,14.667,6.046,1.139,4.31,1.794,2.0,0.0
train,202198,reject,frame_crossing+arena+ref_contact,4.67,5.385,14.673,9.406,1.224,5.716,1.047,3.0,0.0
train,202199,reject,frame_crossing+arena+ref_contact,4.224,4.293,14.757,5.785,1.0,4.224,1.047,1.0,0.0
train,202200,reject,frame_crossing+arena+ref_contact,4.604,6.575,14.766,5.712,1.494,6.88,1.56,1.0,0.0
train,202201,reject,frame_crossing+arena+ref_contact,4.648,5.528,14.616,6.567,1.256,5.839,1.475,2.0,0.0
train,202202,reject,frame_crossing+arena+ref_contact,4.604,5.194,14.698,8.487,1.18,5.435,1.384,2.0,0.0
train,202203,reject,frame_crossing+arena+ref_contact,4.494,6.486,14.707,5.971,1.474,6.625,1.109,1.0,0.0
train,202204,reject,frame_crossing+arena+ref_contact,5.081,5.096,14.717,10.013,1.158,5.884,1.333,3.0,0.0
train,202205,pass,,4.686,5.665,14.73,5.827,1.288,6.033,1.026,0.0,0.038
train,202206,reject,arena+ref_contact,4.783,6.212,14.64,6.547,1.412,6.753,1.029,0.0,0.0
train,202207,reject,frame_crossing+arena+ref_contact,5.303,6.13,14.75,10.228,1.393,7.388,1.78,3.0,0.0
train,202208,reject,frame_crossing+arena+ref_contact,5.113,5.728,14.576,7.647,1.302,6.657,1.626,1.0,0.0
train,202209,reject,frame_crossing+arena+ref_contact,5.048,6.138,14.668,7.918,1.395,7.042,1.921,3.0,0.0
train,202210,reject,frame_crossing+arena+ref_contact,4.542,5.036,14.729,7.438,1.144,5.198,1.473,1.0,0.0
train,202211,reject,frame_crossing+arena+ref_contact,4.805,4.838,14.679,9.208,1.099,5.283,1.505,2.0,0.0
train,202212,reject,frame_crossing+arena+ref_contact,4.708,5.855,14.678,8.315,1.331,6.266,1.747,2.0,0.0
train,202213,reject,frame_crossing+arena+ref_contact,4.607,5.16,14.65,9.761,1.173,5.403,1.723,1.0,0.0
train,202214,reject,frame_crossing+ref_contact,4.861,4.856,14.618,8.032,1.104,5.364,1.451,1.0,0.0
train,202215,reject,frame_crossing+arena+ref_contact,4.875,6.022,14.643,6.81,1.369,6.673,1.053,1.0,0.0
train,202216,reject,arena,4.462,4.498,14.708,7.721,1.022,4.561,1.035,0.0,0.031
train,202217,reject,arena,4.429,5.159,14.642,7.439,1.172,5.193,1.035,0.0,0.038
train,202218,reject,frame_crossing+arena+ref_contact,4.133,4.776,14.677,7.242,1.085,4.486,1.266,3.0,0.0
train,202219,reject,arena,4.486,4.065,14.555,7.035,1.0,4.486,1.44,0.0,0.037
train,202220,reject,frame_crossing+arena+ref_contact,5.078,4.663,14.678,8.4,1.06,5.382,1.245,2.0,0.0
train,202221,reject,frame_crossing+arena+ref_contact,4.721,5.249,14.599,6.942,1.193,5.632,1.043,1.0,0.0
train,202222,reject,frame_crossing+arena+ref_contact,4.707,4.714,14.687,9.482,1.071,5.043,1.651,2.0,0.0
train,202223,reject,frame_crossing+arena+ref_contact,3.85,4.212,14.69,10.136,1.0,3.85,1.107,1.0,0.0
train,202224,reject,frame_crossing+arena+ref_contact,4.605,5.823,14.663,6.308,1.324,6.095,1.271,2.0,0.0
train,202225,reject,frame_crossing+arena+ref_contact,4.854,6.498,14.73,8.917,1.477,7.168,1.69,2.0,0.0
train,202226,reject,frame_crossing+ref_contact,4.233,4.963,14.53,9.032,1.128,4.775,1.176,1.0,0.0
train,202227,reject,arena,4.159,5.61,14.684,7.53,1.275,5.303,1.816,0.0,0.04
train,202228,reject,frame_crossing+arena+ref_contact,4.557,5.655,14.726,6.568,1.285,5.857,1.263,2.0,0.0
train,202229,reject,arena+frame_margin,4.472,4.679,14.646,5.935,1.063,4.755,1.148,0.0,0.022
train,202230,reject,frame_crossing+arena+ref_contact,3.869,4.807,14.732,5.75,1.092,4.227,1.328,1.0,0.0
train,202231,reject,frame_crossing+arena+ref_contact,4.57,4.686,14.655,6.638,1.065,4.867,1.219,2.0,0.0
train,202232,reject,frame_crossing+arena+ref_contact,4.096,4.705,14.731,8.288,1.069,4.38,1.723,2.0,0.0
train,202233,reject,frame_crossing+arena+ref_contact,4.741,4.674,14.685,7.63,1.062,5.036,1.128,1.0,0.0
train,202234,reject,frame_crossing+arena+ref_contact,4.592,5.864,14.684,8.951,1.333,6.12,1.694,2.0,0.0
train,202235,reject,frame_crossing+arena+ref_contact,4.745,4.912,14.729,9.608,1.116,5.297,1.44,1.0,0.0
train,202236,reject,frame_crossing+ref_contact,4.753,4.97,14.668,6.624,1.129,5.369,1.496,2.0,0.0
train,202237,reject,arena,3.534,4.02,14.549,4.509,1.0,3.534,1.545,0.0,0.037
train,202238,reject,frame_crossing+arena+ref_contact,4.465,5.081,14.767,9.532,1.155,5.156,1.118,4.0,0.0
train,202239,pass,,4.313,5.216,14.579,5.717,1.186,5.113,1.529,0.0,0.043
train,202240,reject,frame_crossing+arena+ref_contact,4.446,5.693,14.752,9.311,1.294,5.752,1.553,2.0,0.0
train,202241,reject,arena+frame_margin,4.247,4.788,14.648,7.773,1.088,4.621,1.171,0.0,0.008
train,202242,reject,arena,4.45,5.038,14.759,6.436,1.145,5.096,1.103,0.0,0.038
train,202243,reject,frame_crossing+arena+ref_contact,4.738,4.278,14.687,6.491,1.0,4.738,1.301,2.0,0.0
train,202244,reject,frame_crossing+arena+ref_contact,4.84,5.623,14.573,7.654,1.278,6.185,1.335,1.0,0.0
train,202245,reject,frame_crossing+arena+ref_contact,4.659,5.543,14.715,8.685,1.26,5.869,1.301,1.0,0.0
train,202246,reject,frame_crossing+arena+ref_contact,4.224,4.364,14.405,4.936,1.0,4.224,1.337,1.0,0.0
train,202247,reject,frame_crossing+arena+ref_contact,5.023,5.016,14.678,8.01,1.14,5.726,1.249,2.0,0.0
train,202248,reject,frame_crossing+arena+ref_contact,4.838,6.155,14.689,9.204,1.399,6.768,1.337,3.0,0.0
train,202249,reject,frame_crossing+arena+ref_contact,4.622,4.654,14.672,5.445,1.058,4.889,1.073,2.0,0.0
train,202250,pass,,4.269,5.286,14.646,6.027,1.201,5.128,1.109,0.0,0.036
train,202251,reject,arena+frame_margin,4.661,6.709,14.68,5.816,1.525,7.108,1.107,0.0,0.002
train,202252,reject,frame_crossing+arena+ref_contact,4.858,6.199,14.742,8.001,1.409,6.844,1.436,4.0,0.0
train,202253,reject,frame_crossing+arena+ref_contact,4.842,5.077,14.742,9.87,1.154,5.587,1.451,3.0,0.0
train,202254,reject,arena,4.057,4.292,14.564,7.095,1.0,4.057,1.204,0.0,0.033
train,202255,reject,arena,4.548,6.345,14.759,6.517,1.442,6.559,1.671,0.0,0.038
train,202256,reject,frame_crossing+arena+ref_contact,4.917,6.184,14.672,6.901,1.405,6.91,1.231,4.0,0.0
train,202257,reject,frame_crossing+arena+ref_contact,4.12,4.665,14.701,5.795,1.06,4.368,1.235,1.0,0.0
train,202258,reject,arena,4.522,4.59,14.642,7.008,1.043,4.717,1.198,0.0,0.036
train,202259,reject,frame_crossing+arena+ref_contact,4.498,3.711,14.663,6.87,1.0,4.498,1.249,1.0,0.0
train,202260,reject,frame_crossing+arena+ref_contact,4.228,4.584,14.692,8.858,1.042,4.405,1.348,2.0,0.0
train,202261,pass,,4.165,5.293,14.655,5.963,1.203,5.01,1.047,0.0,0.037
train,202262,reject,arena,3.77,4.283,14.691,6.885,1.0,3.77,1.403,0.0,0.048
train,202263,reject,arena,4.532,5.283,14.73,7.639,1.201,5.441,1.266,0.0,0.041
train,202264,reject,frame_crossing+arena+ref_contact,5.016,6.363,14.658,8.338,1.446,7.254,2.203,1.0,0.0
train,202265,reject,frame_crossing+arena+ref_contact,4.468,4.887,14.725,6.021,1.111,4.963,1.271,1.0,0.0
train,202266,reject,frame_crossing+arena+ref_contact,4.531,4.31,14.63,6.231,1.0,4.531,1.383,1.0,0.0
train,202267,pass,,4.032,5.929,14.623,6.282,1.347,5.433,1.171,0.0,0.057
train,202268,reject,frame_crossing+arena+ref_contact,4.07,3.839,14.581,4.879,1.0,4.07,1.133,1.0,0.0
train,202269,reject,ref_contact,4.313,4.392,14.752,7.015,1.0,4.313,1.031,0.0,0.0
train,202270,reject,frame_crossing+arena+ref_contact,5.226,5.825,14.677,8.346,1.324,6.918,1.53,3.0,0.0
train,202271,reject,frame_crossing+arena+ref_contact,4.387,5.264,14.733,8.587,1.196,5.248,1.547,2.0,0.0
train,202272,reject,frame_crossing+arena+ref_contact,4.331,3.765,14.683,6.651,1.0,4.331,1.335,1.0,0.0
train,202273,reject,arena+ref_contact,4.51,3.811,14.717,5.732,1.0,4.51,1.128,0.0,0.0
train,202274,reject,frame_crossing+arena+ref_contact,4.542,5.15,14.72,6.351,1.17,5.316,1.032,2.0,0.0
train,202275,reject,frame_crossing,4.273,5.718,14.71,6.052,1.3,5.553,2.093,1.0,0.038
train,202276,reject,frame_crossing+arena+ref_contact,4.371,5.076,14.668,8.739,1.154,5.042,1.219,1.0,0.0
train,202277,reject,arena+ref_contact,4.087,4.268,14.694,7.347,1.0,4.087,1.107,0.0,0.0
train,202278,reject,frame_crossing+arena+ref_contact,3.733,4.821,14.606,6.551,1.096,4.09,2.277,1.0,0.0
train,202279,reject,frame_crossing+arena+ref_contact,4.988,4.55,14.58,7.862,1.034,5.158,1.69,1.0,0.0
train,202280,reject,frame_crossing+arena+ref_contact,5.151,6.169,14.581,9.151,1.402,7.222,1.951,2.0,0.0
train,202281,reject,frame_crossing+arena+ref_contact,5.198,6.005,14.716,10.438,1.365,7.094,2.671,2.0,0.0
train,202282,reject,frame_crossing+arena+ref_contact,5.359,5.775,14.588,8.538,1.313,7.034,2.61,3.0,0.0
train,202283,reject,frame_crossing+arena+ref_contact,5.094,4.892,14.66,9.526,1.112,5.663,2.054,2.0,0.0
train,202284,reject,frame_crossing+arena+ref_contact,4.54,4.855,14.751,8.382,1.103,5.009,1.13,3.0,0.0
train,202285,reject,arena,3.97,4.79,14.742,7.541,1.089,4.322,1.097,0.0,0.039
train,202286,reject,frame_crossing+arena+ref_contact,4.646,5.638,14.753,7.367,1.281,5.953,1.614,1.0,0.0
train,202287,reject,frame_crossing+arena+ref_contact,4.327,5.109,14.714,6.238,1.161,5.024,1.176,2.0,0.0
train,202288,reject,arena,3.783,4.622,14.547,5.927,1.05,3.974,1.073,0.0,0.04
train,202289,reject,frame_crossing+arena+ref_contact,4.336,4.502,14.684,5.635,1.023,4.437,1.328,1.0,0.0
train,202290,reject,frame_margin,4.229,5.19,14.672,7.863,1.18,4.989,1.249,0.0,0.016
train,202291,reject,frame_crossing+arena+ref_contact,4.596,5.543,14.739,9.54,1.26,5.79,1.845,2.0,0.0
train,202292,reject,frame_crossing+arena+ref_contact,4.747,6.488,14.627,5.677,1.475,7.0,1.684,2.0,0.0
train,202293,reject,frame_crossing+arena+ref_contact,4.747,4.953,14.771,8.123,1.126,5.344,1.547,3.0,0.0
train,202294,reject,frame_crossing+arena+ref_contact,4.569,5.074,14.689,9.071,1.153,5.268,1.249,1.0,0.0
train,202295,reject,frame_crossing+ref_contact,4.705,5.15,14.736,9.827,1.171,5.507,1.488,1.0,0.0
train,202296,reject,ref_contact,4.4,4.514,14.576,5.999,1.026,4.515,1.148,0.0,0.0
train,202297,reject,frame_crossing+arena+ref_contact,4.822,4.95,14.726,8.709,1.125,5.425,1.474,2.0,0.0
train,202298,reject,arena+frame_margin,4.227,4.649,14.691,8.681,1.057,4.466,1.571,0.0,0.013
train,202299,reject,arena+ref_contact,3.818,5.334,14.685,6.767,1.212,4.629,1.267,0.0,0.0
train,202300,reject,frame_crossing+arena+ref_contact,4.768,5.508,14.644,10.359,1.252,5.969,1.198,2.0,0.0
train,202301,reject,frame_crossing+arena+ref_contact,3.96,4.453,14.759,8.076,1.012,4.008,2.002,2.0,0.0
train,202302,reject,frame_crossing+arena+ref_contact,4.779,4.968,14.714,9.258,1.129,5.395,1.271,2.0,0.0
train,202303,reject,frame_crossing+arena+ref_contact,5.563,6.085,14.615,7.158,1.383,7.693,2.84,2.0,0.0
train,202304,reject,frame_crossing+arena+ref_contact,4.966,5.891,14.739,10.131,1.339,6.649,1.873,3.0,0.0
train,202305,reject,arena,4.664,5.195,14.701,7.692,1.181,5.507,1.893,0.0,0.044
train,202306,reject,arena+frame_margin,4.503,4.623,14.732,7.38,1.051,4.731,1.687,0.0,0.002
train,202307,reject,frame_crossing+arena+ref_contact,5.186,5.739,14.768,7.647,1.304,6.764,2.256,1.0,0.0
train,202308,reject,frame_crossing+arena+ref_contact,4.257,4.662,14.704,9.735,1.059,4.51,1.47,2.0,0.0
train,202309,reject,arena,4.601,6.069,14.651,5.813,1.379,6.346,1.047,0.0,0.036
train,202310,reject,frame_crossing+ref_contact,5.316,5.662,14.664,8.503,1.287,6.841,1.858,2.0,0.0
train,202311,reject,frame_crossing+arena+ref_contact,4.149,5.123,14.632,5.475,1.164,4.831,1.047,1.0,0.0
train,202312,reject,frame_crossing+arena+ref_contact,4.606,4.992,14.523,9.449,1.134,5.226,1.205,3.0,0.0
train,202313,reject,frame_crossing+arena+ref_contact,4.533,6.341,14.715,9.044,1.441,6.532,1.766,1.0,0.0
train,202314,reject,frame_crossing+arena+ref_contact,4.462,5.73,14.621,9.326,1.302,5.811,1.348,2.0,0.0
train,202315,reject,frame_crossing+arena+frame_margin,4.713,5.989,14.739,6.971,1.361,6.415,1.274,1.0,0.01
train,202316,reject,arena,4.974,6.314,14.637,6.194,1.435,7.138,1.92,0.0,0.036
train,202317,reject,frame_crossing+arena+ref_contact,4.834,6.119,14.617,7.039,1.391,6.722,1.253,2.0,0.0
train,202318,reject,frame_crossing+arena+ref_contact,4.502,6.21,14.643,7.495,1.411,6.354,1.335,1.0,0.0
train,202319,reject,frame_crossing+arena+ref_contact,4.853,4.483,14.529,7.008,1.019,4.945,1.245,3.0,0.0
train,202320,reject,frame_crossing+arena+ref_contact,4.332,5.771,14.669,6.113,1.312,5.682,1.44,2.0,0.0
train,202321,reject,frame_crossing+arena+ref_contact,4.537,4.291,14.692,6.033,1.0,4.537,1.799,1.0,0.0
train,202322,reject,arena+frame_margin,4.682,4.298,14.716,6.558,1.0,4.682,1.058,0.0,0.02
train,202323,reject,frame_crossing+arena+ref_contact,4.862,5.759,14.666,7.16,1.309,6.364,1.189,1.0,0.0
train,202324,reject,frame_crossing+arena+ref_contact,4.198,4.549,14.523,8.165,1.034,4.34,1.654,1.0,0.0
train,202325,reject,frame_crossing+ref_contact,4.797,4.851,14.655,7.132,1.102,5.288,1.617,2.0,0.0
train,202326,reject,arena,4.234,6.077,14.664,5.817,1.381,5.847,1.235,0.0,0.044
train,202327,reject,frame_crossing+arena+ref_contact,4.909,5.561,14.7,7.687,1.264,6.205,2.536,1.0,0.0
train,202328,reject,frame_crossing+arena+ref_contact,4.551,5.48,14.676,8.882,1.245,5.668,1.228,1.0,0.0
train,202329,reject,frame_crossing+arena+ref_contact,4.34,5.245,14.6,9.761,1.192,5.174,1.253,2.0,0.0
train,202330,reject,frame_crossing+arena+ref_contact,5.036,6.311,14.661,8.655,1.434,7.223,1.894,2.0,0.0
train,202331,reject,frame_crossing+arena+ref_contact,4.704,4.894,14.667,7.955,1.112,5.232,1.118,2.0,0.0
train,202332,reject,frame_crossing+arena+ref_contact,4.658,5.732,14.586,8.22,1.303,6.068,1.245,2.0,0.0
train,202333,reject,frame_crossing+ref_contact,4.54,3.826,14.631,8.036,1.0,4.54,1.031,1.0,0.0
train,202334,reject,frame_crossing+arena+ref_contact,4.39,4.887,14.726,9.297,1.111,4.876,1.267,1.0,0.0
train,202335,reject,frame_crossing+arena+ref_contact,4.227,4.858,14.636,9.525,1.104,4.668,1.684,1.0,0.0
train,202336,reject,arena+frame_margin,4.381,6.142,14.712,6.101,1.396,6.116,1.772,0.0,0.013
train,202337,reject,frame_crossing+arena+ref_contact,4.47,4.765,14.62,8.72,1.083,4.84,1.564,2.0,0.0
train,202338,reject,arena,4.182,3.444,14.692,4.284,1.0,4.182,1.133,0.0,0.037
train,202339,reject,frame_crossing+arena+ref_contact,4.649,6.726,14.745,5.871,1.529,7.107,1.181,2.0,0.0
train,202340,reject,frame_crossing+arena+ref_contact,5.469,5.749,14.687,9.531,1.307,7.146,1.939,2.0,0.0
train,202341,reject,frame_crossing+arena+ref_contact,4.802,6.063,14.708,6.13,1.378,6.616,1.077,2.0,0.0
train,202342,reject,frame_crossing+arena+ref_contact,4.531,4.479,14.6,8.43,1.018,4.613,1.436,2.0,0.0
train,202343,reject,frame_crossing+arena+ref_contact,4.424,4.626,14.699,6.761,1.051,4.651,1.097,2.0,0.0
train,202344,reject,arena+frame_margin,4.681,5.693,14.727,7.114,1.294,6.057,1.571,0.0,0.006
train,202345,reject,frame_crossing+arena+ref_contact,4.926,5.287,14.722,7.0,1.202,5.918,1.245,3.0,0.0
train,202346,reject,frame_crossing+ref_contact,4.769,4.977,14.687,6.435,1.131,5.394,1.029,3.0,0.0
train,202347,reject,frame_crossing+ref_contact,4.157,4.439,14.568,5.628,1.009,4.194,1.077,1.0,0.0
train,202348,reject,frame_crossing+arena+ref_contact,4.433,3.545,14.743,5.871,1.0,4.433,1.171,1.0,0.0
train,202349,reject,frame_crossing+arena+ref_contact,5.016,5.05,14.699,8.561,1.148,5.757,2.075,2.0,0.0
train,202350,reject,frame_crossing+arena+ref_contact,4.992,5.77,14.64,6.868,1.311,6.547,1.481,1.0,0.0
train,202351,reject,frame_crossing+arena+ref_contact,4.965,6.265,14.724,7.933,1.424,7.07,2.146,1.0,0.0
train,202352,reject,arena,4.111,4.687,14.623,7.006,1.065,4.379,1.032,0.0,0.064
train,202353,reject,frame_crossing+arena+ref_contact,4.732,5.836,14.726,8.219,1.326,6.276,1.952,1.0,0.0
train,202354,reject,frame_crossing+arena+ref_contact,4.693,5.406,14.745,9.828,1.229,5.767,1.793,2.0,0.0
train,202355,reject,frame_crossing+arena+ref_contact,4.999,6.004,14.564,7.821,1.365,6.822,1.505,3.0,0.0
train,202356,reject,frame_crossing+ref_contact,4.867,5.136,14.641,7.596,1.167,5.681,1.631,3.0,0.0
train,202357,reject,frame_crossing+frame_margin,4.236,4.766,14.567,5.771,1.083,4.588,1.219,1.0,0.006
train,202358,reject,frame_crossing+arena+ref_contact,4.721,5.416,14.68,8.956,1.231,5.811,1.473,2.0,0.0
train,202359,reject,frame_crossing+arena+ref_contact,4.509,4.536,14.716,6.545,1.031,4.648,1.434,2.0,0.0
train,202360,reject,frame_crossing+arena+ref_contact,4.763,5.186,14.677,7.989,1.179,5.614,1.245,2.0,0.0
train,202361,reject,frame_crossing+arena+ref_contact,4.457,4.54,14.659,7.878,1.032,4.599,1.035,1.0,0.0
train,202362,reject,frame_crossing+arena+ref_contact,4.628,5.148,14.758,10.032,1.17,5.415,1.13,2.0,0.0
train,202363,reject,frame_crossing+arena+ref_contact,4.544,6.143,14.732,7.431,1.396,6.345,1.849,1.0,0.0
train,202364,pass,,4.613,4.888,14.56,7.022,1.111,5.125,1.204,0.0,0.04
train,202365,reject,arena+frame_margin,4.775,5.394,14.733,7.356,1.226,5.853,1.181,0.0,0.006
train,202366,reject,arena,4.156,4.072,14.54,6.717,1.0,4.156,1.47,0.0,0.047
train,202367,reject,frame_crossing+arena+ref_contact,4.343,5.191,14.58,6.867,1.18,5.124,1.029,1.0,0.0
train,202368,reject,frame_crossing+arena+ref_contact,4.58,4.821,14.749,6.752,1.096,5.019,1.118,2.0,0.0
train,202369,reject,frame_crossing+arena+ref_contact,4.427,6.586,14.719,5.971,1.497,6.626,1.754,3.0,0.0
train,202370,reject,frame_crossing+arena+ref_contact,4.909,5.754,14.674,8.063,1.308,6.42,1.162,2.0,0.0
train,202371,reject,frame_crossing+arena+ref_contact,4.509,4.93,14.69,3.994,1.121,5.052,1.072,1.0,0.0
train,202372,reject,arena,4.197,4.058,14.628,8.254,1.0,4.197,1.026,0.0,0.035
train,202373,reject,frame_crossing+arena+ref_contact,4.384,4.687,14.702,9.318,1.065,4.67,1.171,1.0,0.0
train,202374,reject,frame_crossing+arena+ref_contact,4.997,5.484,14.757,8.081,1.246,6.228,1.249,3.0,0.0
train,202375,reject,frame_crossing+arena+frame_margin,4.304,4.151,14.62,7.216,1.0,4.304,1.032,1.0,0.005
train,202376,reject,frame_crossing+arena+ref_contact,4.998,6.163,14.563,7.098,1.401,7.001,1.636,3.0,0.0
train,202377,reject,frame_crossing+arena+ref_contact,4.902,6.314,14.757,8.417,1.435,7.034,2.641,2.0,0.0
train,202378,reject,frame_margin,4.541,5.438,14.711,6.071,1.236,5.612,1.118,0.0,0.021
train,202379,reject,frame_crossing+arena+ref_contact,4.2,4.765,14.708,7.91,1.083,4.548,2.266,1.0,0.0
train,202380,reject,arena,4.591,6.231,14.709,6.872,1.416,6.502,1.333,0.0,0.037
train,202381,reject,arena+frame_margin,4.368,5.524,14.722,7.12,1.256,5.484,1.37,0.0,0.014
train,202382,reject,frame_crossing+arena+ref_contact,4.531,5.214,14.647,6.541,1.185,5.369,1.235,2.0,0.0
train,202383,reject,frame_crossing+arena+ref_contact,4.581,4.744,14.601,6.017,1.078,4.939,1.398,1.0,0.0
train,202384,reject,frame_crossing+arena+ref_contact,4.778,5.413,14.783,8.552,1.23,5.877,1.952,1.0,0.0
train,202385,reject,frame_crossing+arena+ref_contact,4.772,4.501,14.718,8.804,1.023,4.882,1.058,2.0,0.0
train,202386,reject,frame_crossing+arena+ref_contact,5.215,6.749,14.626,8.47,1.534,8.0,1.92,2.0,0.0
train,202387,reject,frame_crossing+arena+ref_contact,4.631,6.145,14.674,7.758,1.397,6.468,1.176,2.0,0.0
train,202388,reject,frame_crossing+arena+ref_contact,4.562,5.637,14.726,10.079,1.281,5.844,1.189,4.0,0.0
train,202389,reject,frame_crossing+arena+ref_contact,5.114,6.407,14.611,6.073,1.456,7.446,1.582,1.0,0.0
train,202390,reject,frame_crossing+ref_contact,4.522,5.566,14.719,8.534,1.265,5.72,1.384,2.0,0.0
train,202391,reject,frame_crossing+arena+ref_contact,4.622,4.58,14.541,7.09,1.041,4.811,1.133,2.0,0.0
train,202392,reject,frame_crossing+arena+ref_contact,4.521,5.233,14.667,5.946,1.189,5.377,1.031,1.0,0.0
train,202393,reject,arena,3.87,3.911,14.771,8.875,1.0,3.87,1.032,0.0,0.03
train,202394,reject,frame_crossing+arena+ref_contact,4.209,4.727,14.719,7.475,1.074,4.521,1.253,1.0,0.0
train,202395,reject,arena,4.649,4.942,14.747,7.282,1.123,5.222,1.015,0.0,0.036
train,202396,reject,arena,4.132,5.21,14.778,5.841,1.184,4.893,1.176,0.0,0.055
train,202397,reject,frame_crossing+arena+ref_contact,4.754,6.118,14.545,7.78,1.39,6.61,1.103,3.0,0.0
train,202398,reject,frame_crossing+arena+ref_contact,3.681,4.877,14.663,7.235,1.108,4.08,1.031,2.0,0.0
train,202399,reject,frame_crossing+arena+ref_contact,5.02,5.548,14.667,9.096,1.261,6.33,1.063,2.0,0.0
train,202400,reject,frame_crossing+arena+ref_contact,4.704,5.314,14.755,10.068,1.208,5.681,1.171,3.0,0.0
train,202401,reject,frame_crossing+arena+ref_contact,4.453,5.36,14.734,7.1,1.218,5.425,1.031,3.0,0.0
train,202402,reject,frame_crossing+arena+ref_contact,5.03,5.896,14.588,6.715,1.34,6.739,1.564,1.0,0.0
train,202403,reject,frame_crossing+arena+ref_contact,4.693,5.139,14.739,10.398,1.168,5.481,2.153,2.0,0.0
train,202404,reject,arena,4.413,5.681,14.609,6.593,1.291,5.698,1.747,0.0,0.044
train,202405,reject,frame_crossing+arena+ref_contact,4.674,5.604,14.644,7.089,1.274,5.954,1.56,1.0,0.0
train,202406,reject,frame_crossing+arena+ref_contact,4.77,4.808,14.664,9.001,1.093,5.213,1.921,1.0,0.0
train,202407,reject,frame_crossing+arena+ref_contact,4.649,5.206,14.744,9.23,1.183,5.501,1.274,1.0,0.0
train,202408,reject,arena,4.363,4.684,14.791,6.996,1.064,4.644,1.538,0.0,0.038
train,202409,reject,frame_crossing+arena+ref_contact,5.142,4.569,14.684,7.648,1.038,5.34,1.231,3.0,0.0
train,202410,reject,frame_crossing+arena+ref_contact,3.691,4.537,14.737,8.678,1.031,3.806,1.451,1.0,0.0
train,202411,reject,frame_crossing+arena+ref_contact,5.071,5.746,14.646,7.42,1.306,6.622,1.84,2.0,0.0
train,202412,reject,frame_crossing+arena+ref_contact,4.64,4.196,14.456,8.122,1.0,4.64,1.073,1.0,0.0
train,202413,reject,arena,4.571,4.67,14.713,8.505,1.061,4.851,1.333,0.0,0.037
train,202414,reject,frame_crossing+ref_contact,4.712,4.769,14.563,7.764,1.084,5.107,1.263,1.0,0.0
train,202415,reject,frame_crossing+ref_contact,4.831,5.488,14.702,8.498,1.247,6.025,1.249,2.0,0.0
train,202416,reject,arena+frame_margin,4.398,4.043,14.718,8.124,1.0,4.398,1.235,0.0,0.025
train,202417,reject,frame_crossing+ref_contact,4.355,4.711,14.626,6.065,1.071,4.663,1.035,1.0,0.0
train,202418,reject,frame_crossing+arena+ref_contact,4.08,4.195,14.638,6.234,1.0,4.08,1.031,1.0,0.0
train,202419,reject,frame_crossing+arena+ref_contact,4.01,4.764,14.712,5.931,1.083,4.341,1.072,1.0,0.0
train,202420,reject,frame_crossing+arena+ref_contact,4.713,4.952,14.591,9.909,1.126,5.304,1.3,2.0,0.0
train,202421,reject,arena,4.497,5.213,14.725,7.183,1.185,5.328,1.571,0.0,0.037
train,202422,reject,frame_crossing+arena+ref_contact,4.955,4.842,14.53,7.335,1.1,5.452,1.249,1.0,0.0
train,202423,reject,frame_crossing+arena+ref_contact,5.074,6.234,14.654,8.696,1.417,7.189,1.952,3.0,0.0
train,202424,reject,arena+frame_margin,4.45,5.904,14.766,6.317,1.342,5.971,1.118,0.0,0.002
train,202425,reject,frame_crossing+arena+ref_contact,5.113,6.031,14.675,10.121,1.371,7.008,2.281,3.0,0.0
train,202426,reject,frame_crossing+arena+ref_contact,5.166,5.899,14.446,6.767,1.341,6.926,1.029,3.0,0.0
train,202427,reject,frame_crossing+arena+ref_contact,4.357,4.349,14.654,7.667,1.0,4.357,1.228,2.0,0.0
train,202428,reject,frame_crossing+arena+ref_contact,4.77,5.496,14.689,7.75,1.249,5.958,2.259,2.0,0.0
train,202429,reject,frame_crossing+arena+ref_contact,4.453,5.923,14.67,9.146,1.346,5.994,1.043,3.0,0.0
train,202430,reject,frame_crossing+arena+ref_contact,4.276,5.201,14.646,6.346,1.182,5.054,1.205,1.0,0.0
train,202431,reject,frame_crossing+arena+frame_margin,4.624,6.176,14.615,6.879,1.404,6.49,1.267,1.0,0.017
train,202432,reject,frame_crossing+arena+ref_contact,4.665,5.774,14.695,8.238,1.312,6.122,2.086,3.0,0.0
train,202433,reject,frame_crossing+arena+ref_contact,4.636,6.59,14.613,6.608,1.498,6.943,1.595,1.0,0.0
train,202434,reject,arena+ref_contact,4.941,6.477,14.71,7.322,1.472,7.273,1.13,0.0,0.0
train,202435,reject,frame_crossing+arena+ref_contact,4.344,4.25,14.691,7.682,1.0,4.344,1.058,1.0,0.0
train,202436,reject,frame_crossing+arena+ref_contact,4.735,5.935,14.705,8.545,1.349,6.387,1.073,2.0,0.0
train,202437,reject,arena,4.0,4.893,14.735,7.168,1.112,4.448,1.547,0.0,0.037
train,202438,reject,frame_crossing+arena+ref_contact,4.479,4.55,14.565,6.411,1.034,4.632,1.043,1.0,0.0
train,202439,reject,arena+ref_contact,4.053,5.778,14.734,8.542,1.313,5.322,1.337,0.0,0.0
train,202440,reject,frame_crossing+arena+ref_contact,4.665,4.66,14.767,7.396,1.059,4.941,1.035,1.0,0.0
train,202441,reject,frame_crossing+arena+ref_contact,4.736,6.541,14.674,5.875,1.487,7.041,1.181,1.0,0.0
train,202442,reject,frame_crossing+arena+ref_contact,4.641,4.424,14.672,10.116,1.005,4.666,1.267,2.0,0.0
train,202443,reject,frame_crossing+arena+ref_contact,4.25,5.291,14.63,6.894,1.203,5.111,1.032,2.0,0.0
train,202444,reject,frame_crossing+ref_contact,4.673,6.27,14.581,6.549,1.425,6.659,1.488,2.0,0.0
train,202445,reject,frame_crossing+arena+ref_contact,4.442,5.883,14.779,7.414,1.337,5.939,1.595,2.0,0.0
train,202446,reject,arena+ref_contact,4.994,5.328,14.724,7.887,1.211,6.048,1.148,0.0,0.0
train,202447,reject,frame_crossing+arena+ref_contact,4.445,4.832,14.667,7.1,1.098,4.882,1.47,2.0,0.0
train,202448,reject,frame_crossing+arena+ref_contact,4.521,5.159,14.579,5.85,1.173,5.301,1.747,2.0,0.0
train,202449,reject,frame_crossing+arena+ref_contact,4.774,5.173,14.733,8.64,1.176,5.613,1.793,1.0,0.0
train,202450,reject,frame_crossing+arena+ref_contact,4.388,6.415,14.78,6.665,1.458,6.398,1.434,1.0,0.0
train,202451,reject,arena+ref_contact,4.469,5.46,14.78,6.808,1.241,5.545,1.181,0.0,0.0
train,202452,reject,arena+ref_contact,4.809,5.533,14.595,6.916,1.257,6.047,1.684,0.0,0.0
train,202453,reject,frame_crossing+arena+ref_contact,4.455,5.967,14.686,5.772,1.356,6.042,1.205,2.0,0.0
train,202454,reject,frame_crossing+arena+ref_contact,4.651,5.855,14.636,8.558,1.331,6.189,1.614,2.0,0.0
train,202455,reject,frame_crossing+arena+ref_contact,4.438,6.588,14.665,5.978,1.497,6.645,1.189,1.0,0.0
train,202456,reject,frame_crossing+arena+ref_contact,4.005,4.958,14.727,10.241,1.127,4.513,1.266,1.0,0.0
train,202457,reject,arena,4.205,4.368,14.777,6.758,1.0,4.205,1.043,0.0,0.033
train,202458,reject,frame_crossing+arena+ref_contact,4.797,5.3,14.656,8.865,1.205,5.779,1.383,1.0,0.0
train,202459,reject,frame_crossing+arena+ref_contact,4.18,5.681,14.637,7.909,1.291,5.396,1.419,1.0,0.0
train,202460,reject,frame_crossing+arena+ref_contact,4.913,5.525,14.747,5.649,1.256,6.17,1.015,2.0,0.0
train,202461,reject,arena+frame_margin,4.745,4.348,14.721,5.864,1.0,4.745,1.077,0.0,0.017
train,202462,reject,frame_crossing+arena+ref_contact,4.175,4.969,14.667,6.962,1.129,4.715,1.453,1.0,0.0
train,202463,reject,frame_crossing+arena+ref_contact,4.913,6.053,14.689,7.943,1.376,6.758,2.179,1.0,0.0
train,202464,reject,frame_crossing+arena+ref_contact,4.68,5.852,14.639,6.919,1.33,6.224,1.162,1.0,0.0
train,202465,reject,arena,4.207,4.203,14.638,5.107,1.0,4.207,1.363,0.0,0.037
train,202466,reject,frame_crossing+arena+ref_contact,3.965,5.317,14.678,6.456,1.208,4.791,1.293,1.0,0.0
train,202467,reject,frame_crossing+arena+ref_contact,4.871,4.596,14.618,9.066,1.045,5.088,1.733,1.0,0.0
train,202468,reject,frame_crossing+arena+ref_contact,4.641,5.947,14.654,6.585,1.352,6.272,1.231,1.0,0.0
train,202469,reject,frame_crossing+arena+ref_contact,5.187,5.445,14.559,7.186,1.238,6.42,1.35,1.0,0.0
train,202470,reject,frame_crossing+ref_contact,4.552,4.857,14.745,8.68,1.104,5.025,1.695,1.0,0.0
train,202471,reject,frame_crossing+arena+ref_contact,4.413,4.711,14.676,7.1,1.071,4.724,1.564,1.0,0.0
train,202472,reject,frame_crossing+arena+ref_contact,4.911,5.02,14.627,8.305,1.141,5.603,2.317,2.0,0.0
train,202473,reject,frame_crossing+arena+ref_contact,4.439,4.578,14.667,8.745,1.04,4.618,1.328,2.0,0.0
train,202474,reject,frame_crossing+arena+ref_contact,4.682,6.555,14.747,5.749,1.49,6.976,1.148,1.0,0.0
train,202475,reject,arena,4.089,5.377,14.734,8.028,1.222,4.997,1.644,0.0,0.036
train,202476,reject,frame_margin,4.668,4.563,14.528,7.611,1.037,4.84,1.475,0.0,0.005
train,202477,reject,frame_crossing+arena+ref_contact,4.626,5.462,14.725,6.956,1.241,5.743,1.78,2.0,0.0
train,202478,reject,frame_crossing+arena+ref_contact,4.053,3.963,14.679,5.263,1.0,4.053,1.077,1.0,0.0
train,202479,reject,frame_crossing+arena+ref_contact,4.398,5.457,14.715,8.65,1.24,5.454,1.28,1.0,0.0
train,202480,reject,arena,4.617,5.534,14.718,6.412,1.258,5.807,1.333,0.0,0.049
train,202481,reject,frame_crossing+arena+ref_contact,4.746,6.461,14.754,8.365,1.468,6.97,1.766,2.0,0.0
train,202482,reject,frame_crossing+arena+ref_contact,4.904,5.369,14.713,10.598,1.22,5.985,1.133,1.0,0.0
train,202483,reject,frame_crossing+ref_contact,4.57,4.361,14.609,6.756,1.0,4.57,1.128,1.0,0.0
train,202484,reject,frame_crossing+arena+ref_contact,4.855,5.314,14.724,6.86,1.208,5.863,1.419,1.0,0.0
train,202485,reject,frame_crossing+arena+ref_contact,4.693,6.09,14.688,10.419,1.384,6.495,1.858,1.0,0.0
train,202486,reject,frame_crossing+arena+ref_contact,4.624,5.938,14.762,8.144,1.349,6.24,1.69,2.0,0.0
train,202487,reject,frame_crossing+ref_contact,3.983,4.603,14.728,8.998,1.046,4.166,1.363,2.0,0.0
train,202488,reject,frame_crossing+arena+ref_contact,4.085,3.953,14.55,9.076,1.0,4.085,1.436,1.0,0.0
train,202489,reject,frame_crossing+ref_contact,4.802,4.176,14.645,7.606,1.0,4.802,1.176,3.0,0.0
train,202490,reject,frame_crossing+arena+ref_contact,4.718,4.772,14.783,9.981,1.085,5.117,1.368,2.0,0.0
train,202491,reject,frame_crossing+arena+ref_contact,3.954,4.451,14.66,6.138,1.012,4.0,1.579,1.0,0.0
train,202492,reject,frame_crossing+arena+ref_contact,4.527,5.803,14.664,9.583,1.319,5.971,1.198,2.0,0.0
train,202493,reject,frame_crossing+arena+ref_contact,4.793,6.115,14.654,7.348,1.39,6.661,1.158,2.0,0.0
train,202494,reject,frame_crossing+arena+ref_contact,4.638,5.659,14.734,9.501,1.286,5.965,1.849,3.0,0.0
train,202495,reject,frame_crossing+arena+ref_contact,4.983,6.06,14.655,8.751,1.377,6.863,1.78,4.0,0.0
train,202496,reject,frame_crossing+arena+ref_contact,4.835,6.016,14.64,8.17,1.367,6.611,1.761,2.0,0.0
train,202497,reject,frame_crossing+arena+ref_contact,4.423,4.904,14.662,7.987,1.114,4.929,1.148,3.0,0.0
train,202498,reject,frame_crossing+arena+ref_contact,4.563,6.606,14.668,6.797,1.501,6.85,1.249,1.0,0.0
train,202499,reject,frame_crossing+arena+ref_contact,4.62,5.691,14.743,5.855,1.293,5.976,1.109,1.0,0.0
train,202500,reject,frame_crossing+arena+ref_contact,4.921,5.77,14.684,8.738,1.311,6.454,1.408,2.0,0.0
train,202501,reject,arena+frame_margin,4.26,5.2,14.575,7.545,1.182,5.034,1.323,0.0,0.014
train,202502,reject,arena,4.472,5.16,14.718,6.367,1.173,5.244,1.249,0.0,0.057
train,202503,reject,frame_crossing+ref_contact,4.168,3.99,14.583,5.519,1.0,4.168,1.231,1.0,0.0
train,202504,reject,frame_crossing+arena+ref_contact,4.143,5.13,14.737,8.897,1.166,4.83,1.128,1.0,0.0
train,202505,reject,frame_crossing+arena+ref_contact,4.521,6.176,14.753,6.844,1.404,6.347,1.035,2.0,0.0
train,202506,reject,arena+frame_margin,4.503,4.872,14.645,6.472,1.107,4.986,1.219,0.0,0.022
train,202507,reject,arena,4.854,5.26,14.794,8.882,1.195,5.803,1.328,0.0,0.037
train,202508,reject,frame_crossing+arena+ref_contact,4.41,5.541,14.592,7.076,1.259,5.554,1.739,1.0,0.0
train,202509,reject,arena,4.08,4.906,14.759,7.815,1.115,4.549,1.058,0.0,0.037
train,202510,reject,frame_crossing+ref_contact,4.417,4.708,14.763,9.234,1.07,4.727,1.043,3.0,0.0
train,202511,reject,arena,3.932,4.29,14.669,5.618,1.0,3.932,1.204,0.0,0.038
train,202512,reject,frame_crossing+arena+ref_contact,5.264,6.287,14.717,8.859,1.429,7.521,2.343,1.0,0.0
train,202513,reject,frame_crossing+arena+ref_contact,4.019,4.026,14.569,5.956,1.0,4.019,1.158,1.0,0.0
train,202514,reject,frame_crossing+arena+ref_contact,4.965,5.187,14.749,10.295,1.179,5.852,2.024,2.0,0.0
train,202515,reject,frame_crossing+arena+ref_contact,4.448,4.957,14.741,5.303,1.127,5.011,1.3,2.0,0.0
train,202516,reject,frame_crossing+arena+ref_contact,4.08,4.366,14.699,6.584,1.0,4.08,1.723,2.0,0.0
train,202517,reject,frame_crossing+arena+ref_contact,4.177,5.362,14.716,6.534,1.219,5.09,1.35,2.0,0.0
train,202518,reject,arena,4.673,5.675,14.745,7.84,1.29,6.026,2.167,0.0,0.05
train,202519,reject,frame_crossing+arena+ref_contact,4.687,4.685,14.684,5.911,1.065,4.99,1.047,1.0,0.0
train,202520,reject,frame_crossing+arena+ref_contact,4.417,4.77,14.705,9.415,1.084,4.788,1.362,2.0,0.0
train,202521,reject,arena,4.343,5.129,14.616,5.77,1.166,5.063,1.792,0.0,0.033
train,202522,reject,frame_crossing+arena+ref_contact,4.577,4.707,14.663,9.255,1.07,4.897,1.396,1.0,0.0
train,202523,reject,frame_crossing+arena+ref_contact,4.54,5.842,14.746,6.402,1.328,6.028,1.631,1.0,0.0
train,202524,reject,frame_crossing+arena+ref_contact,4.416,4.43,14.697,8.427,1.007,4.445,1.063,1.0,0.0
train,202525,reject,frame_crossing+arena+ref_contact,5.261,6.079,14.604,7.508,1.382,7.269,1.799,3.0,0.0
train,202526,reject,frame_crossing+arena+ref_contact,4.389,5.636,14.713,8.263,1.281,5.621,1.153,2.0,0.0
train,202527,reject,frame_crossing+arena+ref_contact,5.112,5.571,14.708,6.619,1.266,6.473,1.031,2.0,0.0
train,202528,reject,arena,4.449,5.161,14.739,9.77,1.173,5.218,1.198,0.0,0.04
train,202529,reject,arena+frame_margin,4.542,5.584,14.628,7.296,1.269,5.763,1.372,0.0,0.006
train,202530,reject,frame_crossing+ref_contact,4.482,3.735,14.645,6.134,1.0,4.482,1.245,1.0,0.0
train,202531,reject,frame_crossing+arena+ref_contact,4.384,5.306,14.617,5.811,1.206,5.286,1.301,1.0,0.0
train,202532,reject,frame_crossing+arena+ref_contact,4.65,6.282,14.685,8.122,1.428,6.64,1.419,1.0,0.0
train,202533,reject,frame_crossing+arena+ref_contact,4.585,5.402,14.738,9.103,1.228,5.629,1.109,3.0,0.0
train,202534,reject,frame_crossing+arena+ref_contact,4.572,6.065,14.711,9.158,1.378,6.303,1.644,1.0,0.0
train,202535,reject,frame_crossing+arena+ref_contact,4.936,5.38,14.708,10.217,1.223,6.034,1.697,3.0,0.0
train,202536,reject,frame_crossing+ref_contact,4.86,5.32,14.674,9.062,1.209,5.876,2.215,3.0,0.0
train,202537,reject,frame_crossing+arena+ref_contact,4.38,5.003,14.665,6.549,1.137,4.981,1.66,1.0,0.0
train,202538,reject,frame_crossing+arena+ref_contact,4.501,4.713,14.665,6.966,1.071,4.821,1.073,1.0,0.0
train,202539,reject,arena,3.97,4.241,14.711,8.243,1.0,3.97,1.592,0.0,0.036
train,202540,reject,frame_crossing+arena+ref_contact,4.529,5.188,14.727,10.311,1.179,5.34,1.204,3.0,0.0
train,202541,reject,frame_crossing+arena+ref_contact,4.837,5.467,14.687,8.851,1.242,6.009,1.5,1.0,0.0
train,202542,reject,frame_crossing+arena+ref_contact,4.682,4.617,14.687,8.348,1.049,4.912,1.077,1.0,0.0
train,202543,reject,arena+frame_margin,4.515,3.763,14.627,5.834,1.0,4.515,1.097,0.0,0.021
train,202544,reject,frame_crossing+arena+ref_contact,4.83,4.658,14.684,8.623,1.059,5.114,1.271,1.0,0.0
train,202545,reject,frame_crossing+arena+ref_contact,4.531,6.177,14.692,5.484,1.404,6.361,2.177,2.0,0.0
train,202546,reject,frame_crossing+arena+ref_contact,5.112,4.23,14.468,7.544,1.0,5.112,1.176,2.0,0.0
train,202547,reject,frame_crossing+arena+ref_contact,4.231,6.397,14.632,6.896,1.454,6.151,1.892,1.0,0.0
train,202548,reject,frame_crossing+arena+ref_contact,4.605,6.5,14.73,6.134,1.477,6.802,1.176,2.0,0.0
train,202549,reject,frame_crossing+arena+ref_contact,4.503,5.459,14.729,10.268,1.241,5.587,1.801,3.0,0.0
train,202550,reject,frame_crossing+arena+ref_contact,4.844,6.327,14.725,7.569,1.438,6.965,1.405,3.0,0.0
train,202551,reject,frame_crossing+arena+ref_contact,4.759,5.417,14.712,8.453,1.231,5.858,1.952,3.0,0.0
train,202552,reject,frame_crossing+ref_contact,4.557,5.26,14.686,10.626,1.195,5.447,1.235,4.0,0.0
train,202553,pass,,4.207,5.164,14.738,8.675,1.174,4.938,1.162,0.0,0.037
train,202554,reject,frame_crossing+arena+ref_contact,4.944,5.254,14.607,9.87,1.194,5.904,1.56,1.0,0.0
train,202555,reject,frame_crossing+arena+ref_contact,5.032,6.714,14.714,8.634,1.526,7.678,1.733,3.0,0.0
train,202556,reject,frame_crossing+arena+ref_contact,4.51,5.612,14.769,10.81,1.276,5.753,1.766,3.0,0.0
train,202557,pass,,4.025,4.751,14.818,7.083,1.08,4.345,1.035,0.0,0.036
train,202558,reject,arena+ref_contact,4.18,5.147,14.687,9.486,1.17,4.89,1.035,0.0,0.0
train,202559,reject,frame_crossing+ref_contact,4.161,4.321,14.666,8.941,1.0,4.161,1.047,1.0,0.0
train,202560,reject,frame_crossing+arena+ref_contact,4.952,5.219,14.749,8.887,1.186,5.875,1.198,2.0,0.0
train,202561,reject,frame_crossing+arena+ref_contact,4.461,4.953,14.737,8.896,1.126,5.022,1.69,1.0,0.0
train,202562,reject,frame_crossing+ref_contact,4.83,5.366,14.623,7.682,1.219,5.891,1.128,3.0,0.0
train,202563,reject,arena,5.074,5.431,14.749,9.127,1.234,6.264,1.744,0.0,0.041
train,202564,reject,frame_crossing+arena+ref_contact,3.6,5.023,14.749,5.48,1.141,4.109,1.205,1.0,0.0
train,202565,reject,arena,3.802,4.952,14.703,9.392,1.126,4.279,1.205,0.0,0.036
train,202566,reject,arena,4.541,6.321,14.765,10.599,1.437,6.523,1.249,0.0,0.04
train,202567,reject,arena+frame_margin,4.047,5.046,14.614,8.63,1.147,4.641,1.245,0.0,0.018
train,202568,reject,frame_crossing+arena+ref_contact,4.965,6.024,14.652,9.191,1.369,6.797,1.699,2.0,0.0
train,202569,reject,frame_crossing+arena+ref_contact,5.147,5.957,14.692,7.47,1.354,6.968,1.205,2.0,0.0
train,202570,reject,frame_crossing+ref_contact,5.252,4.989,14.714,6.685,1.134,5.955,1.926,2.0,0.0
train,202571,reject,frame_crossing+ref_contact,4.247,5.461,14.653,8.64,1.241,5.272,1.96,1.0,0.0
train,202572,reject,frame_crossing+ref_contact,4.623,5.251,14.726,8.374,1.193,5.517,1.858,1.0,0.0
train,202573,reject,frame_crossing+arena+ref_contact,4.791,5.339,14.646,7.316,1.213,5.813,1.71,2.0,0.0
train,202574,reject,frame_crossing+arena+ref_contact,4.57,4.433,14.619,5.691,1.007,4.604,1.035,1.0,0.0
train,202575,reject,frame_crossing+arena+ref_contact,5.071,4.83,14.593,6.812,1.098,5.567,1.153,1.0,0.0
train,202576,reject,arena+frame_margin,4.64,5.243,14.748,8.558,1.192,5.529,1.249,0.0,0.026
train,202577,reject,frame_crossing+arena+ref_contact,4.021,5.341,14.672,5.466,1.214,4.88,1.56,1.0,0.0
train,202578,reject,arena,4.593,5.363,14.747,6.524,1.219,5.598,1.543,0.0,0.04
train,202579,reject,frame_crossing+arena+ref_contact,4.31,4.853,14.769,8.603,1.103,4.753,1.171,2.0,0.0
train,202580,reject,frame_crossing+ref_contact,4.385,4.918,14.697,6.049,1.118,4.901,1.28,1.0,0.0
train,202581,reject,frame_crossing+arena+ref_contact,4.912,5.965,14.629,7.771,1.356,6.66,1.249,3.0,0.0
train,202582,reject,frame_crossing+ref_contact,5.008,5.505,14.696,10.411,1.251,6.265,1.148,2.0,0.0
train,202583,reject,frame_crossing+arena+ref_contact,5.021,5.365,14.625,8.207,1.219,6.122,2.313,3.0,0.0
train,202584,reject,frame_crossing+arena+ref_contact,4.718,5.312,14.792,9.739,1.207,5.696,1.176,1.0,0.0
train,202585,reject,arena,4.584,4.603,14.74,7.625,1.046,4.796,1.793,0.0,0.037
train,202586,reject,frame_crossing+arena+ref_contact,4.449,5.993,14.543,6.302,1.362,6.06,1.405,2.0,0.0
train,202587,reject,arena,3.824,5.192,14.746,5.496,1.18,4.512,1.176,0.0,0.036
train,202588,reject,frame_crossing+arena+ref_contact,4.454,5.047,14.642,7.209,1.147,5.109,1.754,1.0,0.0
train,202589,pass,,4.561,3.987,14.691,5.732,1.0,4.561,1.263,0.0,0.041
train,202590,reject,frame_crossing+arena+ref_contact,4.426,4.692,14.677,5.876,1.066,4.72,1.475,1.0,0.0
train,202591,reject,frame_crossing+arena+ref_contact,4.595,6.016,14.724,7.15,1.367,6.283,1.496,3.0,0.0
train,202592,reject,frame_crossing+arena+ref_contact,4.602,4.846,14.664,9.295,1.101,5.069,1.665,2.0,0.0
train,202593,reject,frame_crossing+ref_contact,5.258,5.603,14.706,10.411,1.273,6.696,2.641,2.0,0.0
train,202594,reject,frame_crossing+ref_contact,3.838,3.931,14.688,4.717,1.0,3.838,1.235,1.0,0.0
train,202595,reject,frame_crossing+ref_contact,5.027,5.628,14.638,9.585,1.279,6.43,1.28,3.0,0.0
train,202596,reject,frame_crossing+arena+ref_contact,5.055,6.186,14.678,8.801,1.406,7.107,1.228,2.0,0.0
train,202597,reject,frame_crossing+arena+ref_contact,4.678,5.66,14.656,9.502,1.286,6.018,1.569,2.0,0.0
train,202598,reject,frame_crossing+arena+ref_contact,4.732,4.832,14.718,7.767,1.098,5.197,1.267,1.0,0.0
train,202599,pass,,3.592,4.416,14.636,7.265,1.004,3.605,1.073,0.0,0.048
train,202600,reject,arena+ref_contact,3.974,4.192,14.722,8.848,1.0,3.974,1.47,0.0,0.0
train,202601,reject,arena,4.304,4.397,14.695,5.848,1.0,4.304,1.047,0.0,0.036
train,202602,reject,frame_crossing+arena+ref_contact,4.889,4.692,14.715,8.921,1.066,5.214,1.895,2.0,0.0
train,202603,reject,frame_crossing+arena+ref_contact,4.988,6.021,14.614,8.289,1.368,6.826,1.735,2.0,0.0
train,202604,reject,arena+ref_contact,4.348,5.096,14.565,9.272,1.158,5.036,1.626,0.0,0.0
train,202605,reject,arena+frame_margin,4.62,5.954,14.71,6.067,1.353,6.251,1.547,0.0,0.023
train,202606,reject,frame_crossing+arena+ref_contact,4.559,6.117,14.764,7.109,1.39,6.338,1.641,1.0,0.0
train,202607,reject,frame_crossing+arena+ref_contact,4.562,6.426,14.762,6.008,1.46,6.662,1.148,3.0,0.0
train,202608,reject,frame_crossing+arena+ref_contact,4.763,4.874,14.694,6.486,1.108,5.276,1.118,2.0,0.0
train,202609,reject,frame_crossing+arena+ref_contact,5.313,5.352,14.552,9.038,1.216,6.462,2.498,2.0,0.0
train,202610,reject,arena+ref_contact,4.01,4.541,14.549,7.284,1.032,4.138,1.077,0.0,0.0
train,202611,reject,arena+ref_contact,4.598,6.372,14.754,7.576,1.448,6.659,1.13,0.0,0.0
train,202612,reject,frame_crossing+arena+ref_contact,4.325,3.918,14.708,7.633,1.0,4.325,1.176,2.0,0.0
train,202613,reject,frame_crossing+arena+ref_contact,5.103,5.794,14.657,9.741,1.317,6.719,2.148,2.0,0.0
train,202614,reject,arena+frame_margin,4.577,4.435,14.718,8.644,1.008,4.614,1.128,0.0,0.01
train,202615,reject,arena,4.264,5.329,14.735,7.724,1.211,5.164,1.529,0.0,0.037
train,202616,reject,frame_crossing+arena+ref_contact,4.059,4.849,14.749,7.58,1.102,4.473,1.204,1.0,0.0
train,202617,reject,arena,4.563,5.212,14.701,8.894,1.185,5.405,1.856,0.0,0.039
train,202618,reject,arena,4.048,3.773,14.643,6.316,1.0,4.048,1.148,0.0,0.037
train,202619,reject,frame_crossing+arena+ref_contact,4.191,4.349,14.598,8.682,1.0,4.191,1.032,2.0,0.0
train,202620,reject,arena,3.987,4.337,14.674,5.131,1.0,3.987,1.181,0.0,0.038
train,202621,reject,frame_crossing+arena+ref_contact,4.637,6.807,14.754,5.764,1.547,7.173,1.542,1.0,0.0
train,202622,reject,arena,4.436,5.43,14.52,6.392,1.234,5.475,1.097,0.0,0.038
train,202623,reject,frame_crossing+arena+ref_contact,5.1,6.438,14.606,7.171,1.463,7.462,1.772,3.0,0.0
train,202624,reject,frame_crossing+ref_contact,4.436,4.728,14.735,10.144,1.074,4.766,1.031,2.0,0.0
train,202625,reject,frame_crossing+arena+ref_contact,4.472,4.412,14.611,6.888,1.003,4.485,1.029,2.0,0.0
train,202626,reject,frame_crossing+arena+ref_contact,4.593,4.201,14.55,4.991,1.0,4.593,1.031,2.0,0.0
train,202627,reject,frame_crossing+arena+ref_contact,4.169,5.655,14.802,6.101,1.285,5.359,2.019,2.0,0.0
train,202628,reject,frame_crossing+arena+ref_contact,4.619,6.083,14.687,7.113,1.383,6.386,1.44,2.0,0.0
train,202629,reject,arena,4.645,4.787,14.709,8.511,1.088,5.053,1.103,0.0,0.036
train,202630,reject,arena,4.577,5.136,14.625,7.062,1.167,5.343,1.171,0.0,0.038
train,202631,reject,frame_crossing+arena+ref_contact,4.988,5.837,14.732,8.093,1.327,6.616,1.231,3.0,0.0
train,202632,reject,frame_crossing+arena+ref_contact,4.613,5.67,14.729,11.034,1.289,5.944,1.301,4.0,0.0
train,202633,reject,frame_crossing+ref_contact,4.296,5.311,14.649,9.17,1.207,5.185,1.204,2.0,0.0
train,202634,reject,frame_crossing+arena+ref_contact,4.788,6.223,14.645,6.657,1.414,6.771,1.327,2.0,0.0
train,202635,reject,frame_crossing+arena+ref_contact,4.179,4.105,14.71,9.415,1.0,4.179,1.542,3.0,0.0
train,202636,reject,frame_crossing+arena+ref_contact,4.476,4.942,14.727,6.134,1.123,5.027,1.3,1.0,0.0
train,202637,reject,arena+frame_margin,5.358,5.005,14.63,7.721,1.138,6.096,1.846,0.0,0.017
train,202638,reject,ref_contact,4.718,5.66,14.618,8.247,1.286,6.068,1.837,0.0,0.0
train,202639,reject,frame_crossing+arena+ref_contact,4.904,4.716,14.746,7.795,1.072,5.256,1.171,1.0,0.0
train,202640,reject,frame_crossing+arena+ref_contact,4.374,6.233,14.703,7.71,1.417,6.195,1.984,1.0,0.0
train,202641,reject,arena,3.762,4.34,14.671,6.011,1.0,3.762,1.368,0.0,0.03
train,202642,reject,frame_crossing+arena+ref_contact,4.365,5.971,14.699,8.284,1.357,5.924,1.28,2.0,0.0
train,202643,reject,frame_crossing+arena+ref_contact,4.522,5.508,14.637,5.943,1.252,5.661,1.035,3.0,0.0
train,202644,reject,frame_crossing+arena+ref_contact,4.251,4.921,14.723,9.343,1.118,4.754,1.35,2.0,0.0
train,202645,reject,frame_crossing+arena+ref_contact,4.045,4.311,14.7,8.213,1.0,4.045,1.301,1.0,0.0
train,202646,reject,arena+frame_margin,3.968,5.104,14.725,8.228,1.16,4.603,1.097,0.0,0.016
train,202647,reject,frame_crossing+arena+ref_contact,4.752,6.107,14.613,7.284,1.388,6.595,1.735,2.0,0.0
train,202648,reject,frame_crossing+arena+ref_contact,4.881,5.385,14.728,8.012,1.224,5.974,1.774,1.0,0.0
train,202649,reject,frame_crossing+arena+ref_contact,4.204,4.726,14.754,7.471,1.074,4.515,1.235,1.0,0.0
train,202650,reject,arena,4.282,5.473,14.717,5.882,1.244,5.326,1.542,0.0,0.036
train,202651,reject,frame_crossing+arena+ref_contact,4.998,5.218,14.691,9.754,1.186,5.927,2.13,2.0,0.0
train,202652,reject,frame_crossing+arena+ref_contact,4.241,3.834,14.529,6.872,1.0,4.241,1.133,1.0,0.0
train,202653,reject,arena+frame_margin,4.562,4.976,14.753,8.383,1.131,5.159,1.026,0.0,0.02
train,202654,reject,arena,4.241,4.128,14.734,4.414,1.0,4.241,1.228,0.0,0.036
train,202655,reject,frame_crossing+ref_contact,4.931,4.638,14.754,5.64,1.054,5.198,1.133,3.0,0.0
train,202656,reject,frame_crossing+arena+ref_contact,4.354,5.488,14.701,7.287,1.247,5.431,1.077,1.0,0.0
train,202657,reject,arena,4.192,4.947,14.53,5.513,1.124,4.713,1.162,0.0,0.036
train,202658,reject,frame_crossing+arena+ref_contact,4.371,6.126,14.637,7.869,1.392,6.085,2.062,2.0,0.0
train,202659,reject,frame_crossing+ref_contact,4.574,4.731,14.595,7.815,1.075,4.919,1.266,1.0,0.0
train,202660,reject,frame_crossing+arena+ref_contact,4.641,3.19,14.696,5.18,1.0,4.641,1.035,1.0,0.0
train,202661,reject,frame_crossing+arena+ref_contact,4.73,5.007,14.693,9.4,1.138,5.383,1.733,1.0,0.0
train,202662,reject,frame_crossing+arena+ref_contact,4.635,5.057,14.679,6.62,1.149,5.327,1.617,1.0,0.0
train,202663,reject,arena+frame_margin,4.277,5.176,14.607,5.931,1.176,5.032,1.072,0.0,0.007
train,202664,reject,arena+frame_margin,5.297,6.404,14.701,7.977,1.455,7.71,2.576,0.0,0.005
train,202665,reject,frame_crossing+arena+ref_contact,4.307,4.503,14.725,9.102,1.023,4.408,1.058,1.0,0.0
train,202666,reject,frame_crossing+arena+ref_contact,4.442,4.585,14.69,8.629,1.042,4.628,1.176,1.0,0.0
train,202667,reject,arena,4.338,4.835,14.72,8.649,1.099,4.767,1.419,0.0,0.036
train,202668,reject,frame_crossing+arena+ref_contact,4.789,5.552,14.765,7.326,1.262,6.043,2.267,1.0,0.0
train,202669,pass,,4.355,4.893,14.682,6.019,1.112,4.844,1.564,0.0,0.037
train,202670,reject,frame_crossing+arena+ref_contact,4.931,4.874,14.407,7.396,1.108,5.462,1.228,3.0,0.0
train,202671,reject,arena+frame_margin,3.594,4.516,14.753,5.164,1.026,3.688,1.073,0.0,0.03
train,202672,reject,arena,4.444,5.277,14.674,5.535,1.199,5.33,1.107,0.0,0.036
train,202673,reject,frame_crossing+arena+ref_contact,4.595,5.106,14.693,9.733,1.161,5.333,1.969,2.0,0.0
train,202674,reject,frame_crossing+arena+ref_contact,4.603,5.786,14.747,5.887,1.315,6.052,1.348,1.0,0.0
train,202675,reject,frame_crossing+arena+ref_contact,4.21,5.477,14.689,6.825,1.245,5.241,1.921,1.0,0.0
train,202676,reject,frame_crossing+arena+ref_contact,4.367,4.633,14.754,8.548,1.053,4.598,1.271,1.0,0.0
train,202677,reject,frame_crossing+arena+ref_contact,4.523,4.603,14.72,8.131,1.046,4.732,1.176,1.0,0.0
train,202678,reject,frame_crossing+arena+ref_contact,4.505,4.361,14.596,8.272,1.0,4.505,1.109,1.0,0.0
train,202679,reject,frame_crossing+arena+ref_contact,3.591,4.782,14.708,7.454,1.087,3.902,1.545,1.0,0.0
train,202680,reject,arena+frame_margin,4.09,5.203,14.646,6.919,1.182,4.836,1.176,0.0,0.027
train,202681,reject,frame_crossing+arena+ref_contact,4.157,4.92,14.619,5.805,1.118,4.649,1.496,1.0,0.0
train,202682,reject,arena,3.948,5.432,14.726,5.807,1.235,4.875,1.384,0.0,0.041
train,202683,reject,frame_crossing+arena+ref_contact,4.757,4.344,14.499,7.27,1.0,4.757,1.245,2.0,0.0
train,202684,reject,frame_crossing+arena+ref_contact,4.716,5.595,14.641,8.322,1.271,5.997,1.073,2.0,0.0
train,202685,reject,frame_crossing+arena+ref_contact,4.624,5.426,14.61,8.159,1.233,5.703,1.747,2.0,0.0
train,202686,reject,frame_crossing+arena+ref_contact,4.44,5.08,14.628,8.854,1.155,5.126,1.505,2.0,0.0
train,202687,reject,frame_crossing+ref_contact,4.714,5.171,14.757,9.871,1.175,5.54,1.107,1.0,0.0
train,202688,reject,frame_crossing+arena+ref_contact,4.73,6.356,14.653,6.339,1.445,6.833,1.451,1.0,0.0
train,202689,reject,frame_crossing+arena+ref_contact,4.759,3.721,14.544,6.133,1.0,4.759,1.162,2.0,0.0
train,202690,reject,frame_crossing+arena+ref_contact,4.828,6.255,14.752,8.542,1.422,6.864,2.156,2.0,0.0
train,202691,reject,frame_crossing+arena+ref_contact,4.747,5.239,14.664,7.81,1.191,5.652,1.029,2.0,0.0
train,202692,reject,frame_crossing+arena+ref_contact,4.779,4.774,14.582,6.549,1.085,5.186,1.198,2.0,0.0
train,202693,reject,frame_crossing+arena+ref_contact,4.257,4.606,14.587,7.689,1.047,4.457,1.204,1.0,0.0
train,202694,reject,frame_crossing+arena+ref_contact,5.357,5.309,14.745,9.799,1.207,6.464,1.974,4.0,0.0
train,202695,reject,frame_crossing+arena+ref_contact,4.519,4.823,14.624,7.104,1.096,4.953,1.756,2.0,0.0
train,202696,reject,frame_crossing+arena+ref_contact,4.95,6.51,14.663,8.668,1.48,7.324,2.259,3.0,0.0
train,202697,reject,arena,4.547,5.087,14.684,6.554,1.156,5.257,1.477,0.0,0.038
train,202698,reject,frame_crossing+arena+ref_contact,5.122,6.23,14.561,8.464,1.416,7.252,1.128,3.0,0.0
train,202699,reject,frame_crossing+arena+ref_contact,3.982,4.622,14.697,6.428,1.05,4.182,1.263,1.0,0.0
train,202700,reject,frame_crossing+arena+ref_contact,4.535,5.547,14.75,8.317,1.261,5.717,1.453,2.0,0.0
train,202701,reject,arena+frame_margin,4.813,5.085,14.623,8.753,1.156,5.563,1.53,0.0,0.011
train,202702,reject,frame_crossing+arena+ref_contact,4.79,6.309,14.694,7.265,1.434,6.869,1.44,3.0,0.0
train,202703,reject,frame_crossing+arena+ref_contact,4.795,5.608,14.654,7.221,1.274,6.111,1.984,2.0,0.0
train,202704,reject,frame_crossing+arena+ref_contact,3.954,5.038,14.768,5.775,1.145,4.527,1.249,1.0,0.0
train,202705,reject,arena,3.961,4.73,14.651,5.984,1.075,4.258,1.172,0.0,0.036
train,202706,reject,frame_crossing+arena+ref_contact,4.667,4.097,14.511,6.779,1.0,4.667,1.032,1.0,0.0
train,202707,reject,arena+ref_contact,4.428,4.342,14.678,7.549,1.0,4.428,1.047,0.0,0.0
train,202708,reject,frame_crossing+arena+ref_contact,3.946,4.535,14.741,8.78,1.031,4.067,1.461,1.0,0.0
train,202709,reject,frame_crossing+arena+frame_margin,4.065,4.329,14.642,6.313,1.0,4.065,1.058,1.0,0.015
train,202710,reject,arena,4.558,5.085,14.769,6.312,1.156,5.267,1.047,0.0,0.042
train,202711,reject,frame_crossing+arena+ref_contact,4.629,5.16,14.769,9.728,1.173,5.428,1.641,1.0,0.0
train,202712,reject,frame_crossing+arena+ref_contact,4.408,5.144,14.774,7.529,1.169,5.154,1.029,3.0,0.0
train,202713,reject,frame_crossing+arena+ref_contact,4.44,5.976,14.74,5.846,1.358,6.03,1.651,1.0,0.0
train,202714,reject,frame_crossing+arena+ref_contact,4.342,4.923,14.748,6.896,1.119,4.858,1.047,1.0,0.0
train,202715,reject,arena,4.847,5.259,14.605,8.51,1.195,5.793,2.086,0.0,0.035
train,202716,reject,frame_crossing+ref_contact,4.682,5.8,14.681,6.693,1.318,6.171,1.505,3.0,0.0
train,202717,reject,frame_crossing+arena+ref_contact,4.566,6.539,14.737,6.06,1.486,6.785,1.176,1.0,0.0
train,202718,reject,frame_crossing+arena+ref_contact,4.903,6.16,14.72,7.115,1.4,6.864,1.063,1.0,0.0
train,202719,reject,frame_crossing+arena+ref_contact,4.725,4.693,14.638,8.889,1.067,5.039,1.339,2.0,0.0
train,202720,reject,frame_crossing+arena+ref_contact,4.584,4.459,14.656,6.528,1.014,4.646,1.231,1.0,0.0
train,202721,reject,frame_crossing+arena+ref_contact,4.464,5.514,14.601,9.282,1.253,5.594,1.333,2.0,0.0
train,202722,reject,frame_crossing+arena+ref_contact,4.239,5.325,14.547,7.185,1.21,5.13,1.62,1.0,0.0
train,202723,reject,arena,4.089,4.561,14.69,5.331,1.037,4.239,1.13,0.0,0.043
train,202724,reject,frame_crossing+arena+ref_contact,3.984,4.793,14.667,7.0,1.089,4.339,1.058,2.0,0.0
train,202725,reject,frame_crossing+arena+ref_contact,4.747,5.237,14.633,8.769,1.19,5.651,1.383,1.0,0.0
train,202726,reject,frame_crossing+arena+ref_contact,4.794,5.991,14.69,8.72,1.362,6.528,1.665,2.0,0.0
train,202727,reject,arena,4.004,5.685,14.662,6.799,1.292,5.174,1.053,0.0,0.04
train,202728,reject,frame_crossing+arena+ref_contact,4.688,5.462,14.514,7.398,1.241,5.821,1.44,1.0,0.0
train,202729,reject,frame_crossing+arena+ref_contact,4.349,4.861,14.74,7.771,1.105,4.804,1.063,3.0,0.0
train,202730,reject,arena+frame_margin,4.581,5.13,14.722,9.354,1.166,5.341,1.253,0.0,0.009
train,202731,reject,frame_crossing+arena+ref_contact,4.425,5.022,14.711,6.904,1.141,5.05,1.228,1.0,0.0
train,202732,reject,frame_crossing+arena+ref_contact,4.648,6.658,14.712,7.086,1.513,7.033,1.172,4.0,0.0
train,202733,reject,arena,4.525,5.22,14.638,7.865,1.186,5.369,1.118,0.0,0.036
train,202734,reject,frame_crossing+arena+ref_contact,4.229,6.18,14.722,6.445,1.405,5.939,1.596,1.0,0.0
train,202735,reject,arena+frame_margin,4.576,6.015,14.722,9.217,1.367,6.256,1.47,0.0,0.018
train,202736,reject,frame_crossing+arena+ref_contact,4.917,4.886,14.622,9.252,1.11,5.461,1.109,3.0,0.0
train,202737,reject,frame_crossing+arena+ref_contact,4.562,6.628,14.696,5.735,1.506,6.872,2.278,2.0,0.0
train,202738,reject,arena,4.181,4.421,14.635,4.233,1.005,4.201,1.109,0.0,0.044
train,202739,reject,frame_crossing+arena+ref_contact,4.769,6.26,14.702,6.789,1.423,6.786,1.37,2.0,0.0
train,202740,reject,arena+frame_margin,4.437,4.162,14.52,7.956,1.0,4.437,1.671,0.0,0.026
train,202741,reject,frame_crossing+arena+ref_contact,4.56,5.787,14.69,6.661,1.315,5.998,1.063,2.0,0.0
train,202742,reject,arena,3.864,4.007,14.553,4.874,1.0,3.864,1.617,0.0,0.038
train,202743,reject,arena,4.173,5.446,14.625,8.616,1.238,5.166,1.582,0.0,0.044
train,202744,reject,arena,4.118,4.495,14.688,7.024,1.022,4.208,1.663,0.0,0.036
train,202745,reject,frame_crossing+arena+ref_contact,4.44,4.963,14.686,9.554,1.128,5.008,1.654,1.0,0.0
train,202746,reject,frame_crossing+arena+ref_contact,4.464,4.487,14.688,6.361,1.02,4.551,1.035,1.0,0.0
train,202747,reject,frame_crossing+arena+ref_contact,4.323,6.116,14.735,7.232,1.39,6.008,2.259,1.0,0.0
train,202748,reject,arena,4.696,4.885,14.609,8.153,1.11,5.214,1.735,0.0,0.03
train,202749,reject,frame_crossing+arena+ref_contact,4.748,6.585,14.717,9.154,1.497,7.106,1.481,1.0,0.0
train,202750,pass,,4.69,5.183,14.603,7.242,1.178,5.525,1.162,0.0,0.06
train,202751,reject,frame_crossing+arena+ref_contact,4.855,5.003,14.735,10.45,1.137,5.52,1.148,2.0,0.0
train,202752,reject,frame_crossing+arena+ref_contact,4.832,5.214,14.689,9.159,1.185,5.727,1.712,1.0,0.0
train,202753,reject,frame_crossing+arena+ref_contact,4.653,4.901,14.708,6.355,1.114,5.183,1.029,2.0,0.0
train,202754,reject,frame_crossing+arena+ref_contact,4.363,5.529,14.739,7.307,1.257,5.482,1.44,1.0,0.0
train,202755,reject,frame_crossing+arena+ref_contact,5.065,5.819,14.703,8.411,1.322,6.697,1.801,1.0,0.0
train,202756,reject,frame_crossing+arena+ref_contact,4.243,5.782,14.736,6.517,1.314,5.576,1.073,1.0,0.0
train,202757,reject,arena,4.681,5.862,14.643,7.404,1.332,6.236,2.115,0.0,0.036
train,202758,reject,frame_crossing+arena+ref_contact,4.032,4.89,14.752,7.27,1.111,4.481,1.846,1.0,0.0
train,202759,reject,arena,4.601,6.122,14.73,7.387,1.391,6.401,2.447,0.0,0.036
train,202760,reject,arena,4.399,5.046,14.595,7.296,1.147,5.044,1.651,0.0,0.036
train,202761,reject,frame_crossing+arena+ref_contact,4.235,5.389,14.645,7.77,1.225,5.187,1.13,1.0,0.0
train,202762,reject,frame_crossing+arena+ref_contact,4.43,5.337,14.605,7.187,1.213,5.374,1.433,1.0,0.0
train,202763,reject,frame_crossing+arena+ref_contact,5.227,5.413,14.633,7.504,1.23,6.43,2.203,3.0,0.0
train,202764,reject,frame_crossing+arena+ref_contact,4.886,4.137,14.606,6.931,1.0,4.886,1.434,2.0,0.0
train,202765,reject,arena+ref_contact,4.617,6.095,14.678,6.795,1.385,6.396,1.253,0.0,0.0
train,202766,reject,frame_crossing+ref_contact,4.66,5.461,14.729,9.718,1.241,5.784,1.015,1.0,0.0
train,202767,reject,frame_crossing+arena+ref_contact,4.811,5.228,14.754,9.028,1.188,5.717,1.405,1.0,0.0
train,202768,reject,frame_crossing+ref_contact,4.694,5.169,14.752,9.821,1.175,5.515,1.058,3.0,0.0
train,202769,reject,arena,3.921,4.696,14.766,5.751,1.067,4.185,1.13,0.0,0.042
train,202770,reject,arena+ref_contact,4.819,5.302,14.689,9.958,1.205,5.806,1.816,0.0,0.0
train,202771,reject,arena,4.206,3.914,14.701,5.914,1.0,4.206,1.047,0.0,0.043
train,202772,reject,frame_crossing+arena+ref_contact,4.627,5.45,14.734,9.666,1.239,5.732,2.278,3.0,0.0
train,202773,reject,frame_crossing+arena+ref_contact,5.022,6.107,14.678,7.117,1.388,6.971,1.636,3.0,0.0
train,202774,reject,frame_crossing+arena+ref_contact,4.841,6.291,14.602,8.253,1.43,6.922,1.626,1.0,0.0
train,202775,reject,frame_crossing+arena+ref_contact,4.145,6.333,14.704,6.263,1.439,5.966,1.56,1.0,0.0
train,202776,reject,frame_crossing+arena+ref_contact,4.32,6.235,14.731,7.679,1.417,6.122,1.204,2.0,0.0
train,202777,reject,frame_crossing+arena+ref_contact,4.631,5.319,14.754,6.241,1.209,5.598,1.245,2.0,0.0
train,202778,reject,frame_crossing+arena+frame_margin,3.779,4.868,14.659,6.188,1.106,4.181,1.3,1.0,0.007
train,202779,reject,frame_crossing+arena+ref_contact,4.734,5.569,14.653,8.29,1.266,5.991,1.372,1.0,0.0
train,202780,reject,frame_crossing+arena+ref_contact,5.171,5.755,14.537,7.313,1.308,6.764,1.56,2.0,0.0
train,202781,reject,frame_crossing+arena+ref_contact,4.338,4.956,14.734,6.023,1.126,4.886,1.047,1.0,0.0
train,202782,reject,arena+frame_margin,5.115,5.514,14.605,7.07,1.253,6.411,1.063,0.0,0.004
train,202783,reject,frame_crossing+arena+ref_contact,5.118,5.919,14.722,9.192,1.345,6.884,1.488,2.0,0.0
train,202784,reject,frame_crossing+ref_contact,4.331,5.958,14.735,6.132,1.354,5.865,1.949,1.0,0.0
train,202785,reject,frame_crossing+arena+ref_contact,4.522,5.737,14.57,10.212,1.304,5.896,1.928,1.0,0.0
train,202786,reject,arena+ref_contact,4.197,5.715,14.65,5.883,1.299,5.451,1.69,0.0,0.0
train,202787,reject,frame_crossing+arena+ref_contact,4.639,5.373,14.635,6.489,1.221,5.665,1.706,1.0,0.0
train,202788,reject,frame_crossing+arena+ref_contact,4.579,6.621,14.605,7.952,1.505,6.889,1.695,2.0,0.0
train,202789,reject,frame_crossing+arena+ref_contact,4.683,5.005,14.559,8.125,1.138,5.328,1.453,1.0,0.0
train,202790,reject,arena,3.945,4.991,14.768,8.692,1.134,4.474,1.072,0.0,0.036
train,202791,reject,frame_crossing+arena+ref_contact,4.844,5.124,14.734,9.316,1.164,5.64,2.003,3.0,0.0
train,202792,reject,frame_crossing+arena+frame_margin,4.99,5.324,14.629,7.202,1.21,6.038,1.845,2.0,0.007
train,202793,reject,frame_crossing+arena+ref_contact,4.119,3.772,14.787,5.703,1.0,4.119,1.433,1.0,0.0
train,202794,reject,frame_crossing+arena+ref_contact,4.694,5.666,14.642,6.987,1.288,6.045,1.856,2.0,0.0
train,202795,reject,frame_crossing+frame_margin,4.217,5.036,14.647,8.527,1.145,4.826,1.13,1.0,0.018
train,202796,reject,frame_crossing+arena+ref_contact,4.867,5.575,14.684,8.685,1.267,6.167,1.015,1.0,0.0
train,202797,reject,frame_crossing+arena+ref_contact,4.303,4.613,14.73,5.003,1.048,4.511,1.043,1.0,0.0
train,202798,reject,frame_crossing+arena+frame_margin,4.389,5.94,14.749,6.554,1.35,5.925,1.639,1.0,0.017
train,202799,reject,arena+frame_margin,4.03,4.413,14.755,9.821,1.003,4.042,1.058,0.0,0.018
train,202800,reject,arena+frame_margin,4.277,4.967,14.587,6.378,1.129,4.829,1.311,0.0,0.018
train,202801,reject,frame_crossing+arena+ref_contact,4.724,5.316,14.587,7.577,1.208,5.707,1.893,1.0,0.0
train,202802,reject,frame_crossing+arena+ref_contact,4.724,6.059,14.65,7.538,1.377,6.504,1.569,1.0,0.0
train,202803,reject,frame_crossing+ref_contact,4.619,5.017,14.669,6.639,1.14,5.266,1.398,1.0,0.0
train,202804,reject,frame_crossing+arena+ref_contact,4.45,4.345,14.632,6.645,1.0,4.45,1.181,1.0,0.0
train,202805,reject,frame_crossing+arena+ref_contact,4.517,5.498,14.663,8.98,1.25,5.644,1.545,2.0,0.0
train,202806,reject,arena+frame_margin,4.504,4.051,14.733,7.219,1.0,4.504,1.396,0.0,0.011
train,202807,reject,arena,4.072,4.636,14.61,10.442,1.054,4.29,1.043,0.0,0.035
train,202808,reject,arena,3.863,5.259,14.705,6.298,1.195,4.617,1.372,0.0,0.057
train,202809,reject,frame_crossing+arena+ref_contact,5.232,5.953,14.581,7.382,1.353,7.079,1.735,2.0,0.0
train,202810,reject,frame_crossing+arena+ref_contact,4.813,5.54,14.741,10.136,1.259,6.059,1.654,2.0,0.0
train,202811,reject,frame_crossing+arena+ref_contact,4.891,5.441,14.716,8.337,1.236,6.047,2.054,2.0,0.0
train,202812,reject,ref_contact,4.11,4.631,14.752,8.134,1.053,4.326,1.235,0.0,0.0
train,202813,reject,frame_crossing+arena+ref_contact,5.039,5.423,14.762,7.597,1.233,6.211,1.695,1.0,0.0
train,202814,reject,frame_crossing+arena+ref_contact,4.119,4.251,14.748,5.376,1.0,4.119,1.47,1.0,0.0
train,202815,reject,frame_crossing+ref_contact,4.83,4.532,14.695,7.95,1.03,4.975,1.077,1.0,0.0
train,202816,reject,frame_crossing+arena+ref_contact,4.628,5.106,14.738,6.558,1.161,5.371,1.333,2.0,0.0
train,202817,reject,frame_crossing+arena+ref_contact,4.605,4.629,14.778,8.146,1.052,4.845,1.419,1.0,0.0
train,202818,reject,frame_crossing+arena+ref_contact,4.082,4.405,14.6,7.269,1.001,4.087,1.35,1.0,0.0
train,202819,reject,frame_crossing+arena+ref_contact,4.303,5.929,14.692,7.085,1.347,5.798,2.396,2.0,0.0
train,202820,reject,frame_crossing+arena+ref_contact,4.163,4.607,14.699,8.052,1.047,4.358,1.176,2.0,0.0
train,202821,reject,frame_crossing+arena+ref_contact,4.68,4.79,14.665,9.37,1.089,5.094,1.569,2.0,0.0
train,202822,reject,frame_crossing+arena+ref_contact,4.52,5.275,14.691,9.519,1.199,5.42,1.249,1.0,0.0
train,202823,reject,arena,4.107,4.128,14.747,7.141,1.0,4.107,1.103,0.0,0.037
train,202824,reject,frame_crossing+arena+ref_contact,4.434,5.013,14.71,8.515,1.139,5.051,1.267,2.0,0.0
train,202825,reject,arena,4.692,4.873,14.523,7.226,1.108,5.196,1.097,0.0,0.04
train,202826,reject,frame_crossing+arena+ref_contact,4.712,4.218,14.616,7.022,1.0,4.712,1.595,2.0,0.0
train,202827,reject,frame_crossing+arena+ref_contact,4.354,5.314,14.78,9.873,1.208,5.258,1.592,2.0,0.0
train,202828,reject,frame_crossing+arena+ref_contact,5.276,4.772,14.593,8.829,1.085,5.723,1.148,2.0,0.0
train,202829,reject,arena,4.369,6.094,14.767,6.51,1.385,6.051,1.107,0.0,0.071
train,202830,reject,frame_crossing+arena+ref_contact,4.377,3.96,14.501,8.336,1.0,4.377,1.53,1.0,0.0
train,202831,reject,frame_crossing+arena+ref_contact,4.52,6.271,14.701,8.219,1.425,6.442,1.301,2.0,0.0
train,202832,reject,frame_crossing+arena+ref_contact,4.151,4.388,14.727,8.663,1.0,4.151,1.44,1.0,0.0
train,202833,reject,frame_crossing+arena+ref_contact,4.548,4.637,14.656,6.813,1.054,4.792,1.219,1.0,0.0
train,202834,reject,arena,4.154,4.331,14.614,7.763,1.0,4.154,1.772,0.0,0.033
train,202835,reject,frame_crossing+arena+ref_contact,4.764,6.194,14.659,8.684,1.408,6.707,2.583,1.0,0.0
train,202836,reject,arena,4.19,6.035,14.649,6.928,1.372,5.747,1.699,0.0,0.039
train,202837,reject,frame_crossing+ref_contact,4.803,5.003,14.68,5.376,1.137,5.461,1.249,3.0,0.0
train,202838,reject,frame_crossing+arena+ref_contact,5.131,6.013,14.754,7.877,1.367,7.012,1.542,2.0,0.0
train,202839,reject,arena,4.431,4.765,14.542,7.656,1.083,4.798,1.176,0.0,0.074
train,202840,reject,frame_crossing+arena+ref_contact,4.384,5.961,14.676,5.548,1.355,5.939,1.35,3.0,0.0
train,202841,reject,arena+frame_margin,4.117,5.487,14.751,5.409,1.247,5.134,1.128,0.0,0.012
train,202842,reject,frame_crossing+arena+ref_contact,4.965,6.071,14.653,9.295,1.38,6.851,2.075,3.0,0.0
train,202843,reject,arena+ref_contact,5.133,5.695,14.698,9.566,1.294,6.644,2.206,0.0,0.0
train,202844,reject,frame_crossing+arena+ref_contact,4.686,4.69,14.623,6.883,1.066,4.995,1.032,3.0,0.0
train,202845,reject,arena+ref_contact,4.665,4.191,14.657,6.48,1.0,4.665,1.545,0.0,0.0
train,202846,reject,frame_crossing+arena+ref_contact,4.874,5.949,14.694,7.308,1.352,6.59,1.235,2.0,0.0
train,202847,reject,frame_crossing+arena+ref_contact,4.99,4.805,14.677,8.724,1.092,5.449,1.747,3.0,0.0
train,202848,reject,frame_crossing+arena+ref_contact,4.767,6.339,14.594,8.805,1.441,6.868,2.008,2.0,0.0
train,202849,reject,frame_crossing+arena+ref_contact,4.852,6.201,14.676,8.38,1.409,6.838,1.553,3.0,0.0
train,202850,reject,frame_crossing+arena+ref_contact,5.057,6.051,14.696,7.942,1.375,6.955,1.56,1.0,0.0
train,202851,reject,frame_crossing+arena+ref_contact,4.554,6.07,14.595,6.681,1.38,6.282,1.35,1.0,0.0
train,202852,reject,frame_crossing+arena+ref_contact,4.151,4.536,14.673,8.701,1.031,4.279,1.274,1.0,0.0
train,202853,reject,frame_crossing+arena+ref_contact,4.41,5.352,14.681,6.632,1.216,5.364,1.363,1.0,0.0
train,202854,reject,frame_crossing+arena+ref_contact,4.703,5.279,14.704,10.383,1.2,5.643,1.92,3.0,0.0
train,202855,reject,frame_crossing+arena+ref_contact,4.825,5.085,14.746,7.482,1.156,5.577,1.362,2.0,0.0
train,202856,reject,arena,4.503,4.674,14.704,6.549,1.062,4.784,1.761,0.0,0.047
train,202857,reject,ref_contact,4.318,4.397,14.651,7.3,1.0,4.318,1.475,0.0,0.0
train,202858,reject,arena+frame_margin,4.861,5.838,14.665,7.145,1.327,6.45,1.026,0.0,0.024
train,202859,reject,frame_crossing+arena+ref_contact,4.164,4.739,14.725,6.141,1.077,4.485,1.433,2.0,0.0
train,202860,reject,frame_crossing+arena+ref_contact,4.813,5.906,14.622,6.909,1.342,6.461,1.172,3.0,0.0
train,202861,reject,frame_crossing+arena+ref_contact,4.11,3.996,14.651,7.772,1.0,4.11,1.158,1.0,0.0
train,202862,reject,arena,4.53,5.816,14.77,6.778,1.322,5.987,1.337,0.0,0.036
train,202863,reject,frame_crossing+arena+ref_contact,4.448,5.65,14.723,6.478,1.284,5.712,1.569,1.0,0.0
train,202864,reject,frame_crossing+arena+ref_contact,4.094,3.577,14.569,4.934,1.0,4.094,1.198,1.0,0.0
train,202865,reject,frame_crossing+ref_contact,4.454,4.452,14.671,8.406,1.012,4.507,1.231,1.0,0.0
train,202866,reject,arena+frame_margin,4.288,5.038,14.694,5.225,1.145,4.91,1.564,0.0,0.006
train,202867,reject,frame_crossing+arena+ref_contact,5.008,6.624,14.661,8.721,1.506,7.54,1.372,2.0,0.0
train,202868,reject,frame_crossing+arena+ref_contact,4.849,5.124,14.625,9.268,1.165,5.647,1.543,2.0,0.0
train,202869,reject,frame_crossing+arena+ref_contact,4.866,6.083,14.755,6.875,1.383,6.728,1.794,3.0,0.0
train,202870,reject,frame_crossing+arena+ref_contact,5.032,5.993,14.709,7.752,1.362,6.854,1.333,2.0,0.0
train,202871,reject,frame_crossing+arena+ref_contact,4.818,5.749,14.735,10.088,1.307,6.295,1.172,4.0,0.0
train,202872,reject,frame_crossing+arena+ref_contact,4.84,6.391,14.601,8.285,1.453,7.031,1.44,2.0,0.0
train,202873,reject,frame_crossing+arena+ref_contact,4.772,5.891,14.686,6.931,1.339,6.389,1.043,3.0,0.0
train,202874,reject,frame_crossing+arena+ref_contact,4.431,5.168,14.695,6.637,1.175,5.205,1.171,2.0,0.0
train,202875,reject,frame_crossing+arena+ref_contact,4.541,4.986,14.749,6.285,1.133,5.146,1.271,1.0,0.0
train,202876,reject,frame_crossing+ref_contact,5.028,5.24,14.742,9.007,1.191,5.988,1.671,2.0,0.0
train,202877,reject,frame_crossing+arena+ref_contact,4.041,4.908,14.7,7.899,1.116,4.508,1.13,1.0,0.0
train,202878,reject,frame_crossing+arena+ref_contact,4.143,5.335,14.638,6.537,1.213,5.024,1.335,2.0,0.0
train,202879,reject,frame_crossing+ref_contact,4.713,5.215,14.591,9.572,1.185,5.585,1.436,2.0,0.0
train,202880,reject,frame_crossing+arena+ref_contact,4.674,5.822,14.742,8.523,1.323,6.184,2.118,1.0,0.0
train,202881,reject,arena+frame_margin,4.118,4.416,14.599,6.004,1.004,4.133,1.058,0.0,0.028
train,202882,reject,arena,4.023,4.53,14.711,10.446,1.03,4.143,1.043,0.0,0.036
train,202883,pass,,3.782,4.523,14.674,5.455,1.028,3.887,1.043,0.0,0.039
train,202884,reject,frame_crossing+arena+ref_contact,4.823,6.054,14.678,8.207,1.376,6.636,1.987,1.0,0.0
train,202885,reject,frame_crossing+arena+ref_contact,4.308,5.633,14.671,7.084,1.28,5.515,1.631,1.0,0.0
train,202886,reject,frame_crossing+arena+ref_contact,4.588,5.45,14.577,5.978,1.239,5.682,1.047,2.0,0.0
train,202887,pass,,4.144,4.984,14.771,9.018,1.133,4.694,2.213,0.0,0.051
train,202888,reject,arena,4.635,5.209,14.514,6.92,1.184,5.488,1.403,0.0,0.047
train,202889,reject,frame_crossing+arena+ref_contact,5.057,6.011,14.644,6.947,1.366,6.909,1.128,1.0,0.0
train,202890,reject,frame_crossing+arena+ref_contact,4.032,4.817,14.602,5.87,1.095,4.415,1.844,1.0,0.0
train,202891,reject,frame_crossing+arena+ref_contact,4.467,4.587,14.669,8.834,1.042,4.656,1.384,3.0,0.0
train,202892,reject,frame_crossing+arena+ref_contact,4.789,5.926,14.687,6.817,1.347,6.45,1.671,1.0,0.0
train,202893,reject,frame_crossing+arena+ref_contact,4.228,4.624,14.646,5.35,1.051,4.443,1.198,2.0,0.0
train,202894,reject,frame_crossing+arena+ref_contact,4.366,4.759,14.561,7.508,1.082,4.722,1.631,2.0,0.0
train,202895,reject,frame_crossing+arena+ref_contact,4.416,4.989,14.661,6.882,1.134,5.006,1.245,2.0,0.0
train,202896,reject,frame_crossing+arena+ref_contact,5.166,6.117,14.683,6.836,1.39,7.181,1.162,4.0,0.0
train,202897,reject,arena+ref_contact,4.815,6.347,14.711,6.846,1.443,6.946,1.461,0.0,0.0
train,202898,reject,frame_crossing+arena+ref_contact,4.953,5.611,14.702,7.254,1.275,6.316,1.44,1.0,0.0
train,202899,reject,frame_crossing+arena+ref_contact,4.621,4.575,14.693,7.166,1.04,4.805,1.614,1.0,0.0
train,202900,reject,arena,4.228,3.577,14.699,5.386,1.0,4.228,1.477,0.0,0.036
train,202901,reject,frame_crossing+ref_contact,4.87,5.903,14.652,7.553,1.341,6.533,1.453,3.0,0.0
train,202902,reject,frame_crossing+arena+ref_contact,4.28,5.404,14.63,7.838,1.228,5.258,1.133,1.0,0.0
train,202903,reject,frame_crossing+arena+ref_contact,4.778,5.543,14.733,10.037,1.26,6.019,1.37,3.0,0.0
train,202904,reject,frame_margin,3.909,4.035,14.585,8.485,1.0,3.909,1.249,0.0,0.014
train,202905,reject,frame_crossing+arena+ref_contact,4.302,5.774,14.739,6.416,1.312,5.646,1.337,3.0,0.0
train,202906,reject,frame_crossing+arena+ref_contact,4.142,4.657,14.649,7.327,1.058,4.384,1.153,2.0,0.0
train,202907,reject,frame_crossing+arena+frame_margin,4.371,6.047,14.663,7.621,1.374,6.008,1.077,1.0,0.022
train,202908,reject,arena,4.365,4.423,14.677,7.486,1.005,4.388,1.204,0.0,0.041
train,202909,reject,frame_crossing+arena+ref_contact,4.773,5.1,14.739,9.136,1.159,5.532,2.134,2.0,0.0
train,202910,reject,arena+ref_contact,4.825,4.271,14.697,5.852,1.0,4.825,1.109,0.0,0.0
train,202911,reject,frame_crossing+arena+ref_contact,4.808,5.262,14.747,9.694,1.196,5.75,1.862,1.0,0.0
train,202912,reject,arena,4.387,4.194,14.669,6.206,1.0,4.387,1.073,0.0,0.036
train,202913,reject,arena+frame_margin,4.56,4.202,14.679,6.584,1.0,4.56,1.043,0.0,0.018
train,202914,reject,frame_crossing+arena+ref_contact,4.92,5.668,14.628,8.182,1.288,6.338,1.198,3.0,0.0
train,202915,reject,arena,4.399,5.844,14.549,6.119,1.328,5.843,1.133,0.0,0.036
train,202916,reject,frame_crossing+arena+ref_contact,4.829,6.247,14.724,8.422,1.42,6.857,1.176,2.0,0.0
train,202917,reject,frame_crossing+arena+ref_contact,4.384,5.025,14.646,9.47,1.142,5.006,1.058,2.0,0.0
train,202918,reject,frame_crossing+ref_contact,4.636,5.371,14.668,8.467,1.221,5.659,1.641,1.0,0.0
train,202919,reject,arena,3.758,4.78,14.567,7.769,1.086,4.082,2.153,0.0,0.041
train,202920,reject,frame_crossing+arena+ref_contact,4.99,5.397,14.74,9.809,1.227,6.121,1.383,2.0,0.0
train,202921,reject,frame_crossing+arena+ref_contact,4.653,5.894,14.715,9.398,1.34,6.234,1.609,2.0,0.0
train,202922,reject,frame_crossing+ref_contact,4.84,5.948,14.599,7.455,1.352,6.543,1.333,3.0,0.0
train,202923,reject,frame_crossing+arena+ref_contact,4.916,5.587,14.591,10.168,1.27,6.242,2.123,2.0,0.0
train,202924,reject,arena,4.189,5.519,14.681,7.211,1.254,5.254,1.172,0.0,0.036
train,202925,reject,frame_crossing+arena+ref_contact,4.91,5.041,14.672,7.346,1.146,5.626,1.547,2.0,0.0
train,202926,reject,frame_crossing+ref_contact,4.158,5.411,14.539,8.032,1.23,5.113,1.128,3.0,0.0
train,202927,reject,arena,4.478,5.156,14.629,5.775,1.172,5.247,1.37,0.0,0.044
train,202928,reject,frame_crossing+ref_contact,4.033,4.281,14.771,9.074,1.0,4.033,1.073,1.0,0.0
train,202929,reject,frame_crossing+arena+ref_contact,4.427,4.95,14.722,7.931,1.125,4.98,1.235,2.0,0.0
train,202930,reject,frame_crossing+arena+ref_contact,5.104,6.097,14.726,8.379,1.386,7.071,1.706,2.0,0.0
train,202931,reject,frame_crossing+arena+ref_contact,4.778,5.486,14.722,8.343,1.247,5.957,1.263,2.0,0.0
train,202932,reject,frame_crossing+arena+ref_contact,4.771,6.477,14.632,9.914,1.472,7.023,1.181,5.0,0.0
train,202933,reject,frame_crossing+ref_contact,4.738,6.072,14.719,8.622,1.38,6.538,1.128,1.0,0.0
train,202934,reject,frame_crossing+arena+ref_contact,4.118,4.353,14.687,8.758,1.0,4.118,1.311,1.0,0.0
train,202935,reject,frame_crossing+ref_contact,4.758,5.021,14.626,10.16,1.141,5.43,1.035,1.0,0.0
train,202936,pass,,5.026,5.461,14.727,6.849,1.241,6.238,1.015,0.0,0.042
train,202937,reject,frame_crossing+arena+ref_contact,4.545,5.178,14.758,6.073,1.177,5.348,1.821,1.0,0.0
train,202938,reject,frame_crossing+arena+ref_contact,4.299,5.401,14.662,9.445,1.227,5.277,1.419,2.0,0.0
train,202939,reject,frame_crossing+ref_contact,4.32,4.079,14.649,6.209,1.0,4.32,1.109,1.0,0.0
train,202940,reject,arena,3.937,4.082,14.706,9.042,1.0,3.937,1.031,0.0,0.036
train,202941,reject,frame_crossing+arena+frame_margin,4.305,4.557,14.759,6.134,1.036,4.458,1.107,1.0,0.005
train,202942,reject,arena,4.207,4.32,14.628,6.063,1.0,4.207,1.109,0.0,0.04
train,202943,reject,frame_crossing+arena+ref_contact,4.397,4.816,14.659,9.126,1.095,4.813,1.13,3.0,0.0
train,202944,reject,frame_crossing+arena+ref_contact,4.8,5.118,14.643,6.967,1.163,5.584,1.133,1.0,0.0
train,202945,reject,frame_crossing+ref_contact,4.693,4.87,14.746,8.913,1.107,5.194,1.035,1.0,0.0
train,202946,reject,frame_crossing+arena+ref_contact,4.857,6.369,14.691,8.821,1.447,7.03,1.047,2.0,0.0
train,202947,reject,frame_crossing+arena+ref_contact,5.027,5.952,14.616,9.484,1.353,6.8,2.075,2.0,0.0
train,202948,reject,frame_crossing+arena+ref_contact,4.588,5.082,14.728,8.418,1.155,5.3,1.529,2.0,0.0
train,202949,reject,frame_crossing+arena+ref_contact,4.483,6.123,14.736,7.755,1.392,6.239,1.073,2.0,0.0
train,202950,reject,frame_crossing+arena+ref_contact,5.019,5.073,14.744,8.769,1.153,5.787,1.077,2.0,0.0
train,202951,reject,frame_crossing+arena+ref_contact,5.021,6.138,14.665,7.118,1.395,7.004,1.031,2.0,0.0
train,202952,reject,frame_crossing+arena+ref_contact,4.805,5.119,14.721,9.83,1.163,5.589,1.311,2.0,0.0
train,202953,reject,frame_crossing+arena+ref_contact,4.194,5.91,14.649,5.782,1.343,5.634,1.162,2.0,0.0
train,202954,reject,frame_crossing+arena+ref_contact,4.986,6.182,14.722,7.882,1.405,7.005,2.266,1.0,0.0
train,202955,reject,frame_crossing+arena+ref_contact,4.315,5.65,14.72,8.046,1.284,5.541,1.419,1.0,0.0
train,202956,reject,ref_contact,4.647,5.2,14.778,8.35,1.182,5.493,1.176,0.0,0.0
train,202957,reject,frame_crossing+arena+ref_contact,4.905,5.572,14.714,9.407,1.266,6.211,1.69,1.0,0.0
train,202958,reject,frame_margin,3.777,3.972,14.722,6.192,1.0,3.777,1.348,0.0,0.013
train,202959,reject,frame_crossing+arena+ref_contact,4.46,4.391,14.732,8.419,1.0,4.46,1.097,2.0,0.0
train,202960,reject,arena+frame_margin,4.975,5.871,14.704,7.944,1.334,6.638,1.148,0.0,0.02
train,202961,reject,frame_crossing+arena+ref_contact,4.394,5.358,14.591,8.757,1.218,5.35,1.032,1.0,0.0
train,202962,reject,frame_crossing+arena+ref_contact,4.643,4.747,14.648,7.206,1.079,5.009,1.323,2.0,0.0
train,202963,reject,arena,4.676,6.315,14.582,6.952,1.435,6.711,1.032,0.0,0.039
train,202964,reject,frame_crossing+arena+ref_contact,3.884,4.958,14.747,7.291,1.127,4.377,1.687,2.0,0.0
train,202965,reject,frame_crossing+arena+ref_contact,4.896,6.18,14.592,7.137,1.404,6.877,1.015,2.0,0.0
train,202966,reject,frame_crossing+arena+ref_contact,4.383,5.362,14.711,5.835,1.219,5.342,1.337,1.0,0.0
train,202967,reject,frame_crossing+arena+ref_contact,4.808,5.963,14.657,7.12,1.355,6.516,1.205,2.0,0.0
train,202968,reject,frame_crossing+arena+ref_contact,4.487,6.407,14.752,5.894,1.456,6.533,1.433,2.0,0.0
train,202969,reject,arena,4.956,6.142,14.686,7.144,1.396,6.918,1.56,0.0,0.037
train,202970,reject,frame_crossing+ref_contact,4.581,5.775,14.737,6.826,1.312,6.013,1.293,3.0,0.0
train,202971,reject,frame_crossing+arena+ref_contact,4.722,5.543,14.757,10.504,1.26,5.948,1.333,2.0,0.0
train,202972,reject,frame_crossing+arena+ref_contact,4.49,4.601,14.611,6.776,1.046,4.695,1.077,1.0,0.0
train,202973,reject,frame_crossing+arena+ref_contact,5.017,5.389,14.666,7.314,1.225,6.145,1.301,1.0,0.0
train,202974,reject,arena,4.173,5.08,14.656,6.857,1.155,4.817,1.592,0.0,0.036
train,202975,reject,arena,4.775,5.845,14.745,8.321,1.329,6.344,1.44,0.0,0.048
train,202976,reject,frame_crossing+arena+ref_contact,5.058,5.612,14.692,7.566,1.275,6.452,2.641,2.0,0.0
train,202977,reject,frame_crossing+ref_contact,4.671,5.219,14.748,8.179,1.186,5.54,1.542,2.0,0.0
train,202978,reject,frame_crossing+arena+ref_contact,4.262,4.206,14.675,7.472,1.0,4.262,1.077,3.0,0.0
train,202979,reject,frame_crossing+arena+ref_contact,4.337,3.883,14.359,6.224,1.0,4.337,1.072,1.0,0.0
train,202980,reject,frame_crossing+arena+ref_contact,4.391,4.854,14.684,9.477,1.103,4.844,1.058,3.0,0.0
train,202981,reject,frame_crossing+arena+ref_contact,4.925,5.594,14.751,8.571,1.271,6.261,1.892,2.0,0.0
train,202982,reject,frame_crossing+arena+ref_contact,4.409,5.235,14.639,7.63,1.19,5.246,1.172,1.0,0.0
train,202983,reject,arena+frame_margin,4.261,4.089,14.483,5.171,1.0,4.261,1.031,0.0,0.003
train,202984,reject,frame_crossing+arena+ref_contact,4.883,4.367,14.702,6.841,1.0,4.883,1.026,2.0,0.0
train,202985,reject,frame_crossing+arena+ref_contact,4.654,6.499,14.735,6.567,1.477,6.874,1.171,1.0,0.0
train,202986,reject,frame_crossing+arena+ref_contact,4.403,5.291,14.761,8.136,1.202,5.295,1.337,2.0,0.0
train,202987,reject,frame_crossing+arena+ref_contact,5.025,6.085,14.739,6.98,1.383,6.949,1.073,3.0,0.0
train,202988,reject,frame_crossing+arena+ref_contact,4.331,3.209,14.556,6.086,1.0,4.331,1.245,1.0,0.0
train,202989,reject,frame_crossing+arena+ref_contact,5.002,5.372,14.623,9.791,1.221,6.107,1.408,1.0,0.0
train,202990,reject,arena,3.795,4.382,14.647,6.253,1.0,3.795,1.301,0.0,0.039
train,202991,reject,frame_crossing+arena+ref_contact,5.08,6.326,14.607,9.664,1.438,7.303,2.281,3.0,0.0
train,202992,reject,arena,4.56,4.346,14.577,8.374,1.0,4.56,1.073,0.0,0.037
train,202993,reject,frame_crossing+arena+ref_contact,4.058,4.632,14.703,8.441,1.053,4.272,1.348,1.0,0.0
train,202994,reject,arena,4.059,4.704,14.746,6.501,1.069,4.339,1.235,0.0,0.041
train,202995,reject,arena,4.462,4.798,14.737,7.709,1.09,4.866,1.481,0.0,0.038
train,202996,reject,frame_crossing+arena+ref_contact,4.89,4.629,14.697,7.819,1.052,5.144,1.323,2.0,0.0
train,202997,reject,arena,4.23,3.966,14.796,5.091,1.0,4.23,1.451,0.0,0.04
train,202998,reject,frame_crossing+ref_contact,4.159,3.696,14.609,6.338,1.0,4.159,1.148,1.0,0.0
train,202999,reject,frame_crossing+arena+ref_contact,4.701,5.62,14.733,8.777,1.277,6.004,1.774,2.0,0.0
train,203000,reject,arena,4.119,3.926,14.566,8.638,1.0,4.119,1.109,0.0,0.036
train,203001,reject,frame_crossing+arena+ref_contact,4.351,5.961,14.665,6.782,1.355,5.895,1.327,2.0,0.0
train,203002,reject,frame_crossing+arena+ref_contact,4.098,5.5,14.746,7.324,1.25,5.122,1.148,1.0,0.0
train,203003,reject,arena,3.965,6.244,14.614,10.2,1.419,5.626,1.109,0.0,0.054
train,203004,reject,arena,4.189,5.81,14.787,5.912,1.32,5.531,1.571,0.0,0.036
train,203005,reject,arena,3.623,5.351,14.78,6.875,1.216,4.406,1.579,0.0,0.051
train,203006,reject,frame_crossing+arena+ref_contact,4.862,6.333,14.73,5.795,1.439,6.998,1.53,2.0,0.0
train,203007,reject,frame_crossing+arena+ref_contact,4.993,6.327,14.784,9.639,1.438,7.18,1.671,3.0,0.0
train,203008,reject,frame_crossing+arena+ref_contact,4.823,5.558,14.704,8.612,1.263,6.092,2.065,2.0,0.0
train,203009,reject,frame_crossing+arena+ref_contact,3.871,4.271,14.788,10.062,1.0,3.871,1.553,1.0,0.0
train,203010,reject,frame_crossing+arena+ref_contact,4.149,5.995,14.714,6.745,1.362,5.654,1.267,1.0,0.0
train,203011,reject,frame_crossing+arena+ref_contact,4.997,5.953,14.736,10.214,1.353,6.761,1.849,2.0,0.0
train,203012,reject,frame_crossing+arena+ref_contact,4.199,4.879,14.771,6.946,1.109,4.656,1.735,1.0,0.0
train,203013,reject,frame_crossing+arena+ref_contact,4.366,4.714,14.744,8.923,1.071,4.678,1.171,2.0,0.0
train,203014,reject,frame_crossing+arena+ref_contact,4.243,5.896,14.68,5.557,1.34,5.685,1.245,1.0,0.0
train,203015,reject,arena+frame_margin,4.564,5.031,14.735,9.559,1.143,5.219,1.821,0.0,0.008
train,203016,reject,frame_crossing+arena+ref_contact,4.914,4.75,14.652,8.887,1.08,5.305,1.263,3.0,0.0
train,203017,reject,frame_crossing+arena+ref_contact,5.184,5.339,14.714,9.759,1.214,6.29,1.339,2.0,0.0
train,203018,reject,frame_crossing+arena+ref_contact,5.077,5.536,14.607,6.771,1.258,6.388,1.477,3.0,0.0
train,203019,reject,frame_crossing+arena+ref_contact,3.989,5.046,14.515,6.352,1.147,4.575,1.053,1.0,0.0
train,203020,pass,,4.201,6.414,14.712,6.716,1.458,6.124,1.53,0.0,0.037
train,203021,reject,frame_crossing+arena+ref_contact,4.653,5.157,14.662,6.918,1.172,5.453,1.614,2.0,0.0
train,203022,reject,frame_crossing+arena+ref_contact,4.731,5.718,14.735,7.19,1.3,6.148,1.37,2.0,0.0
train,203023,reject,frame_crossing+ref_contact,4.367,3.895,14.672,7.139,1.0,4.367,1.073,2.0,0.0
train,203024,reject,frame_crossing+arena+ref_contact,4.503,5.141,14.765,5.739,1.169,5.262,1.153,2.0,0.0
train,203025,reject,frame_crossing+arena+ref_contact,4.639,6.09,14.696,6.306,1.384,6.421,1.488,1.0,0.0
train,203026,reject,frame_crossing+ref_contact,4.45,4.759,14.726,10.215,1.082,4.813,1.569,3.0,0.0
train,203027,reject,frame_crossing+ref_contact,4.74,5.492,14.75,10.112,1.248,5.917,1.058,3.0,0.0
train,203028,reject,frame_crossing+arena+ref_contact,4.851,5.5,14.745,8.491,1.25,6.063,1.181,3.0,0.0
train,203029,reject,arena+ref_contact,4.534,4.747,14.687,7.662,1.079,4.891,1.949,0.0,0.0
train,203030,pass,,4.064,3.981,14.7,3.876,1.0,4.064,1.047,0.0,0.047
train,203031,reject,frame_crossing+arena+ref_contact,4.087,3.844,14.74,6.627,1.0,4.087,1.181,1.0,0.0
train,203032,reject,frame_crossing+arena+ref_contact,5.114,5.65,14.738,10.184,1.284,6.566,2.462,2.0,0.0
train,203033,reject,frame_crossing+ref_contact,4.678,5.522,14.712,6.583,1.255,5.871,1.529,1.0,0.0
train,203034,reject,arena,3.887,5.234,14.751,8.853,1.189,4.623,1.774,0.0,0.038
train,203035,reject,frame_crossing+arena+ref_contact,4.287,4.858,14.603,5.86,1.104,4.734,1.335,1.0,0.0
train,203036,reject,frame_crossing+arena+ref_contact,5.194,5.963,14.691,9.967,1.355,7.04,2.306,3.0,0.0
train,203037,reject,frame_crossing+arena+frame_margin,5.149,5.556,14.678,6.755,1.263,6.501,1.328,1.0,0.006
train,203038,reject,frame_crossing+ref_contact,4.578,5.111,14.693,5.886,1.162,5.318,1.031,2.0,0.0
train,203039,reject,frame_crossing+arena+ref_contact,4.569,5.296,14.734,8.058,1.204,5.5,1.128,1.0,0.0
train,203040,reject,frame_crossing+arena+ref_contact,4.804,5.936,14.736,7.032,1.349,6.481,1.451,1.0,0.0
train,203041,reject,frame_crossing+arena+ref_contact,5.3,5.981,14.547,7.669,1.359,7.204,2.18,3.0,0.0
train,203042,reject,arena,3.997,4.301,14.686,7.97,1.0,3.997,1.031,0.0,0.056
train,203043,reject,arena,4.498,5.489,14.728,8.304,1.247,5.611,1.952,0.0,0.036
train,203044,reject,frame_crossing+arena+ref_contact,4.84,5.762,14.642,8.739,1.31,6.338,1.969,2.0,0.0
train,203045,reject,frame_crossing+arena+ref_contact,4.631,5.429,14.709,8.231,1.234,5.714,1.671,1.0,0.0
train,203046,reject,arena,4.389,5.195,14.665,5.997,1.181,5.182,1.739,0.0,0.037
train,203047,reject,frame_crossing+arena+ref_contact,4.852,6.36,14.689,6.624,1.445,7.013,1.383,1.0,0.0
train,203048,reject,frame_crossing+arena+ref_contact,4.752,6.117,14.679,9.107,1.39,6.606,1.821,1.0,0.0
train,203049,reject,frame_crossing+arena+ref_contact,4.674,6.018,14.649,8.257,1.368,6.392,1.063,3.0,0.0
train,203050,reject,frame_crossing+arena+ref_contact,4.858,5.373,14.712,8.476,1.221,5.932,1.747,3.0,0.0
train,203051,reject,frame_crossing+ref_contact,4.376,5.798,14.652,7.697,1.318,5.766,1.015,1.0,0.0
train,203052,reject,frame_crossing+arena+ref_contact,4.58,6.153,14.743,9.527,1.398,6.405,1.744,1.0,0.0
train,203053,reject,frame_crossing+arena+ref_contact,4.889,5.859,14.642,6.661,1.332,6.51,2.313,2.0,0.0
train,203054,reject,frame_crossing+arena+ref_contact,4.401,4.482,14.776,6.945,1.019,4.482,1.205,1.0,0.0
train,203055,reject,frame_crossing+arena+ref_contact,4.49,4.806,14.686,7.465,1.092,4.904,1.133,2.0,0.0
train,203056,reject,frame_crossing+arena+ref_contact,4.647,5.471,14.565,8.844,1.243,5.779,1.609,3.0,0.0
train,203057,reject,arena,4.128,4.76,14.595,6.351,1.082,4.466,1.058,0.0,0.038
train,203058,reject,frame_crossing+arena+ref_contact,5.127,6.61,14.664,9.444,1.502,7.703,1.846,2.0,0.0
train,203059,reject,frame_crossing+arena+ref_contact,5.175,5.581,14.636,8.832,1.268,6.564,2.13,2.0,0.0
train,203060,reject,frame_crossing+arena+ref_contact,5.277,5.838,14.596,7.271,1.327,7.001,2.167,2.0,0.0
train,203061,reject,frame_crossing+ref_contact,4.658,4.799,14.733,9.142,1.091,5.081,1.047,3.0,0.0
train,203062,reject,ref_contact,4.425,5.206,14.514,9.109,1.183,5.235,1.28,0.0,0.0
train,203063,reject,frame_crossing+arena+ref_contact,5.214,5.736,14.723,9.919,1.304,6.797,1.128,2.0,0.0
train,203064,reject,frame_crossing+arena+ref_contact,4.437,5.053,14.755,6.267,1.148,5.096,1.13,1.0,0.0
train,203065,reject,frame_crossing+arena+ref_contact,4.688,5.372,14.721,7.545,1.221,5.724,1.158,2.0,0.0
train,203066,reject,frame_crossing+arena+ref_contact,4.115,4.329,14.732,11.377,1.0,4.115,1.712,3.0,0.0
train,203067,reject,frame_crossing+arena+ref_contact,4.53,5.365,14.64,8.89,1.219,5.523,1.772,2.0,0.0
train,203068,reject,frame_crossing+arena+ref_contact,5.134,5.73,14.677,7.123,1.302,6.685,1.66,2.0,0.0
train,203069,reject,frame_crossing+arena+ref_contact,4.624,6.266,14.753,10.865,1.424,6.586,1.926,3.0,0.0
train,203070,reject,frame_crossing+ref_contact,4.607,5.513,14.799,6.623,1.253,5.773,1.035,2.0,0.0
train,203071,reject,frame_crossing+arena+ref_contact,4.804,5.512,14.675,7.95,1.253,6.018,2.146,1.0,0.0
train,203072,pass,,4.124,4.827,14.628,8.466,1.097,4.524,1.263,0.0,0.044
train,203073,reject,frame_crossing+arena+ref_contact,4.942,6.375,14.688,7.195,1.449,7.161,1.148,1.0,0.0
train,203074,reject,frame_crossing+arena+ref_contact,4.293,5.404,14.708,7.852,1.228,5.272,1.69,2.0,0.0
train,203075,reject,frame_crossing+arena+ref_contact,4.911,5.01,14.673,6.809,1.139,5.592,1.103,1.0,0.0
train,203076,reject,frame_crossing+arena+ref_contact,4.969,6.222,14.618,7.777,1.414,7.028,1.029,3.0,0.0
train,203077,reject,arena+ref_contact,3.987,4.855,14.679,8.465,1.103,4.399,1.429,0.0,0.0
train,203078,reject,frame_crossing+arena+ref_contact,4.502,6.167,14.672,7.84,1.402,6.31,2.49,2.0,0.0
train,203079,pass,,3.328,4.385,14.61,4.928,1.0,3.328,1.015,0.0,0.058
train,203080,reject,frame_crossing+arena+ref_contact,4.23,4.757,14.696,6.985,1.081,4.573,1.335,1.0,0.0
train,203081,reject,frame_crossing+arena+ref_contact,4.823,6.393,14.616,7.48,1.453,7.008,1.547,2.0,0.0
train,203082,reject,frame_crossing+arena+ref_contact,5.009,5.009,14.707,7.595,1.138,5.703,1.063,2.0,0.0
train,203083,reject,arena,4.201,4.595,14.728,7.94,1.044,4.387,1.133,0.0,0.035
train,203084,reject,frame_crossing+arena+ref_contact,4.618,6.29,14.721,7.003,1.43,6.602,1.271,1.0,0.0
train,203085,reject,frame_crossing+arena+ref_contact,4.352,4.432,14.613,7.185,1.007,4.384,1.747,1.0,0.0
train,203086,reject,arena,3.786,4.362,14.621,6.125,1.0,3.786,1.543,0.0,0.037
train,203087,reject,frame_crossing+arena+ref_contact,4.527,5.788,14.676,6.691,1.315,5.955,1.029,2.0,0.0
train,203088,reject,frame_margin,4.218,5.903,14.745,6.631,1.342,5.658,1.936,0.0,0.016
train,203089,pass,,4.028,5.221,14.658,9.652,1.187,4.78,1.172,0.0,0.035
train,203090,reject,frame_crossing+arena+ref_contact,4.936,5.335,14.744,9.091,1.212,5.984,1.695,1.0,0.0
train,203091,reject,frame_crossing+arena+ref_contact,4.498,4.836,14.733,7.437,1.099,4.943,1.015,1.0,0.0
train,203092,reject,frame_crossing+arena+ref_contact,4.603,5.722,14.62,6.163,1.3,5.986,1.335,2.0,0.0
train,203093,reject,frame_crossing+arena+ref_contact,4.636,5.038,14.701,9.818,1.145,5.308,1.263,1.0,0.0
train,203094,reject,frame_crossing+arena+ref_contact,4.143,5.839,14.632,8.82,1.327,5.497,1.543,1.0,0.0
train,203095,reject,arena+frame_margin,4.765,4.94,14.66,7.501,1.123,5.35,1.436,0.0,0.005
train,203096,reject,frame_crossing+arena+ref_contact,4.502,4.435,14.537,8.636,1.008,4.538,1.026,3.0,0.0
train,203097,reject,frame_crossing+arena+ref_contact,4.758,5.595,14.675,7.531,1.272,6.05,1.475,2.0,0.0
train,203098,reject,frame_crossing+arena+ref_contact,4.54,5.776,14.697,5.559,1.313,5.96,1.249,3.0,0.0
train,203099,reject,arena+frame_margin,4.989,5.88,14.692,8.31,1.336,6.668,1.987,0.0,0.018
train,203100,reject,frame_crossing+arena+ref_contact,4.537,6.528,14.688,6.058,1.484,6.731,1.37,1.0,0.0
train,203101,reject,frame_crossing+arena+ref_contact,4.737,6.411,14.599,6.629,1.457,6.903,1.434,1.0,0.0
train,203102,reject,frame_crossing+arena+ref_contact,4.568,4.502,14.765,8.138,1.023,4.675,1.043,1.0,0.0
train,203103,reject,frame_crossing+arena+ref_contact,4.598,5.088,14.739,7.552,1.156,5.317,1.266,3.0,0.0
train,203104,reject,frame_crossing+arena+ref_contact,4.118,5.05,14.676,6.665,1.148,4.727,1.475,1.0,0.0
train,203105,reject,frame_crossing+arena+frame_margin,3.884,4.729,14.736,8.105,1.075,4.174,1.158,1.0,0.009
train,203106,reject,arena,4.282,3.726,14.672,6.389,1.0,4.282,1.109,0.0,0.037
train,203107,reject,frame_crossing+arena+ref_contact,4.556,5.213,14.676,6.338,1.185,5.398,1.063,1.0,0.0
train,203108,reject,arena+ref_contact,4.085,5.426,14.59,6.677,1.233,5.038,1.687,0.0,0.0
train,203109,reject,frame_crossing+arena+ref_contact,5.133,5.139,14.708,8.72,1.168,5.994,1.92,2.0,0.0
train,203110,reject,frame_crossing+frame_margin,4.282,4.671,14.746,6.756,1.061,4.545,1.073,2.0,0.0
train,203111,reject,frame_crossing+ref_contact,4.243,5.132,14.725,10.977,1.166,4.949,1.475,2.0,0.0
train,203112,reject,arena,4.292,5.639,14.704,5.826,1.282,5.5,1.858,0.0,0.044
train,203113,reject,frame_crossing+arena+ref_contact,4.386,4.876,14.689,9.32,1.108,4.86,1.564,1.0,0.0
train,203114,reject,arena+frame_margin,4.128,5.073,14.752,7.873,1.153,4.76,1.249,0.0,0.026
train,203115,reject,frame_crossing+ref_contact,4.793,5.724,14.644,6.021,1.301,6.236,1.162,3.0,0.0
train,203116,reject,frame_crossing+arena,4.58,5.941,14.676,6.184,1.35,6.184,1.712,1.0,0.037
train,203117,reject,frame_crossing+arena+ref_contact,4.688,4.536,14.684,7.012,1.031,4.832,1.047,1.0,0.0
train,203118,reject,frame_crossing+arena+ref_contact,4.716,6.257,14.646,7.876,1.422,6.707,2.027,2.0,0.0
train,203119,reject,arena,3.697,4.032,14.633,6.659,1.0,3.697,1.687,0.0,0.04
train,203120,reject,frame_crossing+arena+ref_contact,4.827,5.29,14.745,9.836,1.202,5.804,1.627,3.0,0.0
train,203121,reject,arena,4.317,5.237,14.622,6.151,1.19,5.138,1.363,0.0,0.037
train,203122,reject,frame_crossing+arena+ref_contact,3.874,4.819,14.726,5.099,1.095,4.242,1.148,1.0,0.0
train,203123,reject,arena+frame_margin,4.582,5.621,14.696,9.567,1.277,5.853,1.077,0.0,0.001
train,203124,reject,frame_crossing+ref_contact,4.24,5.221,14.605,7.005,1.187,5.032,1.335,2.0,0.0
train,203125,reject,arena+ref_contact,4.735,5.49,14.512,9.601,1.248,5.907,1.029,0.0,0.0
train,203126,reject,frame_crossing+arena+ref_contact,4.641,4.237,14.586,8.754,1.0,4.641,1.372,2.0,0.0
train,203127,reject,frame_crossing+arena+ref_contact,4.465,5.179,14.671,9.435,1.177,5.255,1.249,2.0,0.0
train,203128,reject,frame_crossing+arena+ref_contact,4.193,4.789,14.711,7.436,1.088,4.564,1.596,1.0,0.0
train,203129,reject,frame_crossing+ref_contact,4.248,6.089,14.755,5.867,1.384,5.879,1.69,1.0,0.0
train,203130,reject,arena+ref_contact,3.799,4.988,14.699,8.138,1.134,4.307,1.176,0.0,0.0
train,203131,reject,frame_crossing+arena+ref_contact,4.0,4.261,14.768,5.75,1.0,4.0,1.118,1.0,0.0
train,203132,reject,frame_crossing+arena+ref_contact,4.742,5.235,14.751,8.29,1.19,5.643,1.772,2.0,0.0
train,203133,reject,frame_crossing+arena+ref_contact,4.704,5.119,14.714,9.913,1.163,5.472,1.596,4.0,0.0
train,203134,reject,frame_crossing+frame_margin,4.12,5.374,14.75,8.29,1.221,5.032,1.073,1.0,0.014
train,203135,reject,frame_crossing+arena+ref_contact,5.039,6.135,14.656,8.949,1.394,7.026,1.844,2.0,0.0
train,203136,reject,frame_crossing+arena+ref_contact,4.801,4.523,14.557,7.902,1.028,4.935,1.293,3.0,0.0
train,203137,pass,,3.649,4.476,14.708,5.496,1.017,3.712,1.249,0.0,0.054
train,203138,reject,frame_crossing+arena+ref_contact,4.874,5.982,14.757,10.18,1.359,6.626,1.543,2.0,0.0
train,203139,reject,arena,4.106,4.177,14.586,6.951,1.0,4.106,1.845,0.0,0.049
train,203140,reject,frame_crossing+ref_contact,4.791,5.884,14.728,8.259,1.337,6.407,1.671,3.0,0.0
train,203141,reject,frame_crossing+arena+ref_contact,4.222,4.367,14.709,5.755,1.0,4.222,1.384,1.0,0.0
train,203142,reject,frame_crossing+arena+ref_contact,4.618,5.494,14.747,7.541,1.249,5.766,1.172,1.0,0.0
train,203143,reject,frame_crossing+arena+ref_contact,4.642,5.341,14.691,6.04,1.214,5.635,1.118,2.0,0.0
train,203144,reject,frame_crossing+arena+ref_contact,5.082,5.519,14.752,8.938,1.254,6.375,1.758,2.0,0.0
train,203145,reject,frame_crossing+arena+ref_contact,4.302,4.74,14.722,9.35,1.077,4.634,1.756,2.0,0.0
train,203146,reject,frame_crossing+arena+ref_contact,4.832,5.445,14.662,6.346,1.238,5.98,1.031,2.0,0.0
train,203147,reject,arena+frame_margin,4.431,3.655,14.456,5.605,1.0,4.431,1.073,0.0,0.026
train,203148,reject,frame_crossing+arena+ref_contact,4.717,4.636,14.781,10.134,1.054,4.969,1.267,3.0,0.0
train,203149,reject,arena,4.662,4.316,14.576,6.656,1.0,4.662,1.181,0.0,0.041
train,203150,reject,arena+ref_contact,4.309,4.812,14.607,6.763,1.094,4.712,1.097,0.0,0.0
train,203151,reject,frame_crossing+arena+ref_contact,3.628,5.091,14.737,5.839,1.157,4.198,1.249,1.0,0.0
train,203152,reject,arena,4.379,6.26,14.651,6.392,1.423,6.23,1.204,0.0,0.03
train,203153,reject,arena,4.074,4.992,14.581,5.347,1.135,4.623,1.419,0.0,0.036
train,203154,reject,frame_crossing+arena+ref_contact,4.082,4.504,14.721,5.783,1.024,4.178,1.107,1.0,0.0
train,203155,reject,frame_crossing+arena+ref_contact,4.283,4.598,14.659,6.883,1.045,4.476,2.051,1.0,0.0
train,203156,reject,frame_crossing+arena+frame_margin,4.004,4.63,14.725,5.388,1.052,4.213,1.274,1.0,0.008
train,203157,reject,arena,4.764,6.525,14.735,5.922,1.483,7.065,1.035,0.0,0.044
train,203158,reject,frame_crossing+arena+ref_contact,4.644,5.037,14.694,8.483,1.145,5.317,1.204,3.0,0.0
train,203159,reject,frame_crossing+arena+ref_contact,5.298,5.443,14.552,8.865,1.237,6.554,2.267,3.0,0.0
train,203160,reject,arena,4.158,4.814,14.497,7.453,1.094,4.549,1.856,0.0,0.036
train,203161,reject,frame_crossing+arena+ref_contact,4.46,4.673,14.77,10.462,1.062,4.737,1.063,2.0,0.0
train,203162,reject,frame_crossing+arena+ref_contact,5.123,5.676,14.759,9.707,1.29,6.609,2.523,1.0,0.0
train,203163,reject,frame_crossing+arena+ref_contact,4.382,4.869,14.687,7.902,1.107,4.848,1.107,2.0,0.0
train,203164,reject,frame_crossing+arena+ref_contact,4.618,6.428,14.72,5.908,1.461,6.746,1.198,4.0,0.0
train,203165,reject,frame_crossing+arena+ref_contact,4.403,6.181,14.582,7.707,1.405,6.185,1.28,1.0,0.0
train,203166,reject,frame_crossing+arena+ref_contact,4.889,6.09,14.67,6.915,1.384,6.766,1.271,2.0,0.0
train,203167,reject,frame_crossing+arena+ref_contact,3.667,4.097,14.613,7.463,1.0,3.667,1.072,1.0,0.0
train,203168,reject,arena,4.01,5.101,14.63,7.188,1.159,4.649,1.133,0.0,0.037
train,203169,reject,frame_crossing+arena+ref_contact,4.54,5.938,14.715,9.162,1.349,6.127,2.801,2.0,0.0
train,203170,reject,frame_crossing+ref_contact,4.768,5.239,14.765,9.593,1.191,5.677,1.858,3.0,0.0
train,203171,reject,frame_crossing+arena+ref_contact,4.869,6.334,14.729,9.25,1.439,7.009,1.419,2.0,0.0
train,203172,reject,frame_crossing+arena+ref_contact,4.649,5.311,14.656,9.347,1.207,5.611,1.419,2.0,0.0
train,203173,reject,frame_crossing+arena+ref_contact,4.236,4.554,14.654,8.518,1.035,4.385,1.072,1.0,0.0
train,203174,reject,frame_crossing+arena+ref_contact,4.226,5.225,14.688,7.441,1.187,5.018,1.596,3.0,0.0
train,203175,reject,frame_crossing+arena+ref_contact,4.597,5.579,14.654,8.975,1.268,5.828,1.636,1.0,0.0
train,203176,reject,frame_crossing+arena+ref_contact,4.787,5.821,14.729,8.84,1.323,6.333,1.56,1.0,0.0
train,203177,reject,frame_crossing+arena+ref_contact,4.523,5.142,14.555,8.937,1.169,5.286,1.451,1.0,0.0
train,203178,reject,frame_crossing+arena+ref_contact,4.46,3.913,14.602,6.408,1.0,4.46,1.148,2.0,0.0
train,203179,reject,arena+frame_margin,4.367,6.054,14.555,6.237,1.376,6.008,1.323,0.0,0.025
train,203180,reject,arena,3.56,4.526,14.742,6.766,1.029,3.662,1.856,0.0,0.036
train,203181,reject,frame_crossing+arena+ref_contact,4.768,6.456,14.632,7.387,1.467,6.997,1.766,1.0,0.0
train,203182,reject,frame_crossing+arena+frame_margin,4.147,4.703,14.668,8.167,1.069,4.432,1.5,1.0,0.018
train,203183,reject,arena+frame_margin,4.139,3.828,14.748,7.907,1.0,4.139,1.072,0.0,0.016
train,203184,reject,frame_crossing+arena+ref_contact,4.636,6.424,14.601,5.914,1.46,6.768,1.245,1.0,0.0
train,203185,reject,frame_crossing+arena+ref_contact,4.583,5.307,14.757,10.019,1.206,5.528,1.072,2.0,0.0
train,203186,reject,frame_crossing+arena+ref_contact,4.684,4.613,14.585,9.532,1.049,4.911,1.026,3.0,0.0
train,203187,reject,frame_crossing+arena+ref_contact,4.644,5.131,14.612,10.513,1.166,5.415,1.665,4.0,0.0
train,203188,reject,frame_crossing+arena+ref_contact,4.541,5.178,14.75,8.565,1.177,5.343,1.368,2.0,0.0
train,203189,reject,frame_crossing+arena+ref_contact,4.585,5.591,14.743,8.981,1.271,5.826,1.71,2.0,0.0
train,203190,reject,arena+frame_margin,4.22,5.66,14.701,6.05,1.286,5.429,1.032,0.0,0.019
train,203191,reject,frame_crossing+arena+ref_contact,4.755,5.754,14.633,8.953,1.308,6.218,1.92,2.0,0.0
train,203192,reject,arena,3.929,5.23,14.663,6.982,1.189,4.671,1.172,0.0,0.056
train,203193,reject,frame_crossing+arena+ref_contact,4.738,5.944,14.724,10.757,1.351,6.4,1.148,1.0,0.0
train,203194,reject,frame_crossing+arena+ref_contact,4.403,5.747,14.752,5.824,1.306,5.752,1.153,2.0,0.0
train,203195,reject,frame_crossing+arena+ref_contact,4.921,6.243,14.671,9.946,1.419,6.982,2.002,2.0,0.0
train,203196,reject,frame_crossing+arena+ref_contact,4.427,6.134,14.717,6.131,1.394,6.172,1.266,1.0,0.0
train,203197,reject,frame_crossing+ref_contact,4.714,4.878,14.598,8.494,1.109,5.226,1.133,4.0,0.0
train,203198,reject,arena,4.18,5.148,14.633,6.034,1.17,4.89,1.176,0.0,0.062
train,203199,reject,frame_crossing+arena+ref_contact,4.003,4.554,14.749,8.695,1.035,4.143,1.735,1.0,0.0
train,203200,reject,frame_crossing+arena+ref_contact,4.729,6.226,14.708,5.541,1.415,6.692,1.529,3.0,0.0
train,203201,reject,frame_crossing+arena+ref_contact,4.41,4.476,14.596,8.995,1.017,4.486,1.849,2.0,0.0
train,203202,reject,arena,4.007,4.333,14.727,6.554,1.0,4.007,1.523,0.0,0.032
train,203203,reject,frame_crossing+arena+ref_contact,4.285,5.155,14.676,10.298,1.172,5.021,1.807,1.0,0.0
train,203204,reject,frame_crossing+arena+ref_contact,4.564,4.857,14.701,9.721,1.104,5.038,1.553,3.0,0.0
train,203205,reject,frame_margin,3.782,4.435,14.628,8.642,1.008,3.812,1.181,0.0,0.015
train,203206,reject,frame_crossing+arena+ref_contact,4.696,5.476,14.751,9.531,1.244,5.844,1.128,2.0,0.0
train,203207,reject,frame_crossing+arena,4.172,5.757,14.581,6.119,1.308,5.459,1.148,1.0,0.034
train,203208,reject,frame_crossing+arena+ref_contact,4.23,4.852,14.754,7.322,1.103,4.664,1.253,1.0,0.0
train,203209,reject,frame_crossing+arena+ref_contact,4.921,5.017,14.704,8.879,1.14,5.611,1.434,2.0,0.0
train,203210,reject,frame_crossing+arena+ref_contact,4.762,6.388,14.556,6.133,1.452,6.914,1.13,1.0,0.0
train,203211,reject,frame_crossing+arena+ref_contact,4.424,4.773,14.678,6.846,1.085,4.799,1.429,2.0,0.0
train,203212,reject,frame_crossing+arena+ref_contact,4.843,4.656,14.721,6.789,1.058,5.125,1.015,1.0,0.0
train,203213,reject,frame_crossing+arena+frame_margin,4.379,4.724,14.637,7.807,1.074,4.701,1.043,1.0,0.006
train,203214,reject,arena,4.416,4.876,14.588,5.658,1.108,4.895,1.419,0.0,0.037
train,203215,reject,arena+frame_margin,4.083,4.285,14.665,6.005,1.0,4.083,1.545,0.0,0.027
train,203216,reject,frame_crossing+ref_contact,4.371,5.637,14.702,7.493,1.281,5.6,1.453,1.0,0.0
train,203217,reject,frame_crossing+arena+ref_contact,4.302,5.202,14.65,8.834,1.182,5.086,1.181,1.0,0.0
train,203218,reject,frame_crossing+arena+ref_contact,4.772,6.035,14.703,6.297,1.372,6.546,1.235,2.0,0.0
train,203219,reject,frame_crossing+arena+ref_contact,4.579,5.549,14.559,9.1,1.261,5.774,1.372,2.0,0.0
train,203220,reject,frame_crossing+arena+ref_contact,4.644,5.014,14.721,7.613,1.139,5.292,1.372,1.0,0.0
train,203221,reject,frame_crossing+arena+ref_contact,4.899,5.489,14.677,9.717,1.247,6.111,2.115,2.0,0.0
train,203222,reject,arena,3.855,3.925,14.543,5.342,1.0,3.855,1.172,0.0,0.042
train,203223,reject,frame_crossing+arena+ref_contact,4.385,5.328,14.76,9.328,1.211,5.31,1.699,1.0,0.0
train,203224,reject,frame_crossing+arena+ref_contact,4.383,5.488,14.632,7.497,1.247,5.468,1.654,2.0,0.0
train,203225,reject,frame_crossing+arena+ref_contact,4.596,5.095,14.686,7.832,1.158,5.322,1.249,1.0,0.0
train,203226,reject,frame_crossing+arena+ref_contact,3.842,4.3,14.698,8.333,1.0,3.842,1.026,2.0,0.0
train,203227,reject,frame_crossing+arena+ref_contact,4.547,5.435,14.553,9.313,1.235,5.616,1.405,1.0,0.0
train,203228,reject,arena,4.626,5.135,14.739,7.36,1.167,5.399,1.035,0.0,0.038
train,203229,reject,frame_crossing+ref_contact,4.447,5.053,14.711,5.965,1.148,5.107,1.339,2.0,0.0
train,203230,reject,arena+frame_margin,4.383,6.138,14.683,6.366,1.395,6.114,1.172,0.0,0.004
train,203231,reject,arena+frame_margin,3.938,4.941,14.663,6.386,1.123,4.422,1.245,0.0,0.014
train,203232,reject,frame_crossing+arena+ref_contact,4.466,5.119,14.705,8.342,1.163,5.196,1.547,2.0,0.0
train,203233,reject,frame_crossing+arena+ref_contact,4.922,6.215,14.712,9.587,1.413,6.952,1.969,1.0,0.0
train,203234,reject,frame_crossing+arena+ref_contact,4.07,5.282,14.618,6.509,1.2,4.886,1.031,2.0,0.0
train,203235,reject,frame_crossing+arena+ref_contact,4.552,6.073,14.673,6.699,1.38,6.283,1.654,2.0,0.0
train,203236,reject,frame_crossing+arena+ref_contact,4.95,4.982,14.681,7.501,1.132,5.604,1.118,3.0,0.0
train,203237,reject,frame_crossing+arena+ref_contact,4.84,5.482,14.707,7.959,1.246,6.03,2.352,1.0,0.0
train,203238,reject,arena,4.375,4.893,14.751,6.85,1.112,4.866,1.263,0.0,0.036
train,203239,reject,frame_crossing+arena+ref_contact,4.398,5.275,14.681,6.909,1.199,5.273,1.189,2.0,0.0
train,203240,reject,frame_crossing+arena+ref_contact,4.73,6.399,14.652,7.534,1.454,6.879,1.553,3.0,0.0
train,203241,reject,frame_crossing+arena+ref_contact,4.736,5.097,14.7,6.867,1.158,5.486,1.058,1.0,0.0
train,203242,reject,frame_crossing+ref_contact,4.505,5.803,14.574,7.148,1.319,5.942,1.617,1.0,0.0
train,203243,reject,arena+ref_contact,4.753,5.907,14.754,6.518,1.342,6.381,1.015,0.0,0.0
train,203244,reject,frame_crossing+ref_contact,4.481,4.895,14.778,5.731,1.112,4.985,1.293,2.0,0.0
train,203245,reject,frame_crossing+arena+ref_contact,4.108,4.713,14.531,8.576,1.071,4.401,1.328,1.0,0.0
train,203246,reject,frame_crossing+arena+ref_contact,4.603,5.338,14.587,7.005,1.213,5.585,1.176,2.0,0.0
train,203247,reject,frame_crossing+arena+ref_contact,4.367,6.343,14.675,8.508,1.442,6.295,1.505,2.0,0.0
train,203248,reject,frame_crossing+arena+ref_contact,4.177,4.415,14.711,9.136,1.004,4.192,1.13,2.0,0.0
train,203249,reject,frame_crossing+arena+ref_contact,4.526,4.306,14.743,9.189,1.0,4.526,1.015,1.0,0.0
train,203250,reject,frame_crossing+arena+ref_contact,5.008,5.977,14.621,9.166,1.358,6.803,2.602,2.0,0.0
train,203251,reject,frame_crossing+arena+ref_contact,4.884,5.433,14.694,8.417,1.235,6.031,1.706,2.0,0.0
train,203252,reject,frame_crossing+arena+ref_contact,4.118,4.563,14.692,5.783,1.037,4.271,1.035,2.0,0.0
train,203253,reject,frame_crossing+arena+ref_contact,5.393,5.38,14.582,7.683,1.223,6.595,2.148,2.0,0.0
train,203254,reject,frame_crossing+arena+ref_contact,4.425,3.886,14.76,6.294,1.0,4.425,1.072,1.0,0.0
train,203255,reject,frame_crossing+arena+ref_contact,4.317,5.029,14.725,8.505,1.143,4.934,1.032,1.0,0.0
train,203256,reject,frame_crossing+ref_contact,4.798,6.041,14.64,5.759,1.373,6.588,1.077,1.0,0.0
train,203257,reject,frame_crossing+arena+ref_contact,4.368,4.534,14.698,9.748,1.03,4.501,1.799,1.0,0.0
train,203258,reject,frame_crossing+arena+ref_contact,4.429,4.772,14.612,7.059,1.084,4.803,1.245,1.0,0.0
train,203259,reject,frame_crossing+arena+ref_contact,4.375,4.82,14.769,8.254,1.095,4.793,1.505,2.0,0.0
train,203260,reject,frame_crossing+arena+ref_contact,5.216,5.98,14.664,7.271,1.359,7.089,1.073,1.0,0.0
train,203261,reject,arena,4.527,5.152,14.667,8.072,1.171,5.3,1.176,0.0,0.041
train,203262,reject,frame_crossing+arena+ref_contact,4.949,5.29,14.68,8.028,1.202,5.951,1.873,1.0,0.0
train,203263,reject,frame_crossing+arena+ref_contact,4.895,6.474,14.648,5.661,1.471,7.202,1.403,3.0,0.0
train,203264,reject,arena,4.276,5.019,14.795,7.433,1.141,4.877,1.337,0.0,0.038
train,203265,reject,frame_crossing+ref_contact,4.633,5.271,14.711,5.948,1.198,5.55,1.461,2.0,0.0
train,203266,reject,frame_crossing+arena+ref_contact,4.038,4.532,14.661,5.888,1.03,4.159,1.148,2.0,0.0
train,203267,reject,frame_crossing+arena+ref_contact,4.854,6.402,14.718,9.079,1.455,7.062,2.256,4.0,0.0
train,203268,reject,arena+ref_contact,5.062,6.22,14.584,7.316,1.414,7.156,1.951,0.0,0.0
train,203269,reject,arena+frame_margin,4.118,5.791,14.657,8.346,1.316,5.42,1.453,0.0,0.028
train,203270,reject,frame_crossing+arena+ref_contact,4.675,6.002,14.583,6.911,1.364,6.377,1.148,2.0,0.0
train,203271,reject,frame_crossing+arena+ref_contact,4.179,5.157,14.721,7.78,1.172,4.898,1.073,1.0,0.0
train,203272,reject,frame_crossing+arena+ref_contact,4.411,5.204,14.717,8.294,1.183,5.217,1.96,1.0,0.0
train,203273,reject,frame_crossing+arena+ref_contact,4.53,6.03,14.767,9.569,1.37,6.208,1.475,2.0,0.0
train,203274,reject,frame_crossing+arena+ref_contact,4.634,5.696,14.768,10.445,1.295,6.0,1.545,2.0,0.0
train,203275,reject,arena,4.067,4.932,14.722,6.069,1.121,4.559,1.663,0.0,0.047
train,203276,pass,,3.903,4.344,14.8,8.723,1.0,3.903,1.723,0.0,0.037
train,203277,reject,arena,4.388,3.726,14.66,6.565,1.0,4.388,1.205,0.0,0.038
train,203278,reject,frame_crossing+arena+ref_contact,4.86,6.468,14.747,6.262,1.47,7.143,1.058,2.0,0.0
train,203279,reject,frame_crossing+arena+ref_contact,4.633,5.024,14.698,7.464,1.142,5.29,1.109,1.0,0.0
train,203280,reject,frame_crossing+frame_margin,4.382,5.972,14.758,6.38,1.357,5.948,1.936,1.0,0.009
train,203281,reject,frame_crossing+arena+ref_contact,4.773,4.918,14.727,7.101,1.118,5.336,1.073,2.0,0.0
train,203282,reject,frame_crossing+arena+ref_contact,4.412,6.158,14.648,9.398,1.4,6.174,1.311,2.0,0.0
train,203283,reject,frame_crossing+arena+ref_contact,3.986,4.494,14.662,6.165,1.021,4.071,1.032,1.0,0.0
train,203284,reject,frame_crossing+arena+ref_contact,4.952,6.017,14.57,7.494,1.368,6.772,1.636,2.0,0.0
train,203285,reject,frame_crossing+arena+ref_contact,4.519,5.162,14.722,9.458,1.173,5.302,1.451,2.0,0.0
train,203286,reject,frame_crossing+arena+ref_contact,4.928,5.137,14.692,9.532,1.167,5.753,1.362,2.0,0.0
train,203287,reject,frame_crossing+arena+ref_contact,4.54,6.23,14.686,8.753,1.416,6.429,1.267,2.0,0.0
train,203288,reject,frame_crossing+arena+ref_contact,4.577,5.383,14.643,7.541,1.223,5.6,1.073,1.0,0.0
train,203289,reject,frame_crossing+arena+ref_contact,4.862,6.051,14.631,9.415,1.375,6.687,1.153,3.0,0.0
train,203290,reject,frame_crossing+arena+ref_contact,4.877,6.336,14.712,10.581,1.44,7.023,1.893,1.0,0.0
train,203291,reject,arena+ref_contact,4.769,5.882,14.506,7.103,1.337,6.376,1.172,0.0,0.0
train,203292,reject,frame_crossing+arena+ref_contact,4.025,4.878,14.57,6.438,1.109,4.462,1.026,2.0,0.0
train,203293,reject,frame_crossing+arena+ref_contact,4.379,5.289,14.768,6.285,1.202,5.264,1.171,1.0,0.0
train,203294,reject,frame_crossing+arena+ref_contact,4.918,6.499,14.677,8.677,1.477,7.264,1.596,2.0,0.0
train,203295,reject,frame_crossing+arena+ref_contact,4.487,5.849,14.689,6.874,1.329,5.965,1.571,1.0,0.0
train,203296,reject,frame_crossing+arena+ref_contact,4.874,4.868,14.677,9.267,1.106,5.392,1.077,2.0,0.0
train,203297,reject,frame_crossing+arena+ref_contact,4.604,4.779,14.749,7.8,1.086,5.0,1.153,2.0,0.0
train,203298,reject,frame_crossing+arena+ref_contact,4.74,5.445,14.467,7.055,1.238,5.865,1.043,2.0,0.0
train,203299,reject,frame_crossing+arena+ref_contact,4.495,5.591,14.78,8.618,1.271,5.711,1.029,2.0,0.0
train,203300,reject,frame_crossing+ref_contact,4.443,4.784,14.764,10.533,1.087,4.831,1.545,1.0,0.0
train,203301,reject,frame_crossing+arena+ref_contact,4.615,5.483,14.754,7.813,1.246,5.75,1.62,2.0,0.0
train,203302,reject,frame_crossing+arena+ref_contact,4.896,6.128,14.536,7.298,1.393,6.818,1.171,1.0,0.0
train,203303,reject,frame_crossing+arena+ref_contact,4.528,6.127,14.714,7.562,1.392,6.305,1.671,2.0,0.0
train,203304,reject,frame_crossing+arena+ref_contact,4.891,5.218,14.715,8.226,1.186,5.8,1.987,2.0,0.0
train,203305,reject,frame_crossing+arena+ref_contact,4.406,4.677,14.541,5.22,1.063,4.684,1.35,2.0,0.0
train,203306,reject,arena,4.118,4.175,14.664,6.839,1.0,4.118,1.128,0.0,0.037
train,203307,reject,arena,3.723,3.806,14.702,5.988,1.0,3.723,1.337,0.0,0.045
train,203308,reject,frame_crossing+arena+ref_contact,4.618,5.817,14.655,9.168,1.322,6.105,2.067,2.0,0.0
train,203309,reject,frame_crossing+arena+ref_contact,4.602,6.34,14.535,7.341,1.441,6.631,1.198,2.0,0.0
train,203310,reject,frame_crossing+arena+ref_contact,4.643,5.239,14.675,8.731,1.191,5.528,1.228,3.0,0.0
train,203311,reject,arena,4.346,5.596,14.753,9.779,1.272,5.527,1.219,0.0,0.036
train,203312,reject,frame_crossing+arena+ref_contact,4.9,5.139,14.753,7.729,1.168,5.723,1.754,1.0,0.0
train,203313,reject,frame_crossing+arena+ref_contact,4.433,4.323,14.523,7.698,1.0,4.433,1.383,1.0,0.0
train,203314,reject,frame_crossing+arena+ref_contact,4.268,4.959,14.757,9.18,1.127,4.81,1.816,2.0,0.0
train,203315,reject,frame_crossing+arena+ref_contact,4.84,5.242,14.705,10.217,1.191,5.765,2.065,2.0,0.0
train,203316,reject,frame_crossing+arena+ref_contact,4.444,6.351,14.64,6.344,1.443,6.415,1.419,1.0,0.0
train,203317,reject,frame_crossing+arena+ref_contact,4.309,5.668,14.652,6.835,1.288,5.551,1.176,1.0,0.0
train,203318,reject,frame_crossing+arena+ref_contact,4.604,4.245,14.683,8.696,1.0,4.604,1.71,1.0,0.0
train,203319,reject,arena,4.658,6.275,14.759,5.947,1.426,6.643,1.433,0.0,0.038
train,203320,reject,arena+frame_margin,4.238,5.607,14.617,5.832,1.274,5.4,1.189,0.0,0.008
train,203321,reject,arena,4.018,4.314,14.809,5.907,1.0,4.018,1.015,0.0,0.037
train,203322,reject,frame_crossing+arena+ref_contact,4.254,6.23,14.663,5.582,1.416,6.024,1.474,2.0,0.0
train,203323,reject,frame_crossing+arena+ref_contact,4.6,6.147,14.699,8.858,1.397,6.426,1.405,1.0,0.0
train,203324,reject,frame_crossing+arena+ref_contact,4.48,4.064,14.432,7.675,1.0,4.48,1.337,1.0,0.0
train,203325,reject,frame_crossing+arena+ref_contact,4.524,6.036,14.68,7.714,1.372,6.206,1.327,2.0,0.0
train,203326,reject,frame_crossing+arena+ref_contact,4.295,5.629,14.635,5.805,1.279,5.494,1.263,2.0,0.0
train,203327,reject,frame_crossing+arena+ref_contact,4.214,6.273,14.721,8.298,1.426,6.008,1.419,1.0,0.0
train,203328,reject,frame_crossing+arena+ref_contact,4.37,4.308,14.549,7.911,1.0,4.37,1.047,1.0,0.0
train,203329,reject,frame_crossing+arena+ref_contact,5.384,5.883,14.663,10.729,1.337,7.199,2.813,4.0,0.0
train,203330,reject,arena,3.713,4.499,14.596,8.033,1.022,3.796,1.405,0.0,0.042
train,203331,reject,frame_crossing+arena+ref_contact,4.828,4.937,14.572,7.031,1.122,5.417,1.491,3.0,0.0
train,203332,reject,frame_crossing+arena+ref_contact,4.442,6.231,14.733,5.834,1.416,6.29,1.952,1.0,0.0
train,203333,reject,frame_crossing+arena+ref_contact,4.702,5.437,14.64,7.301,1.236,5.81,1.219,1.0,0.0
train,203334,reject,arena+ref_contact,4.408,4.965,14.721,8.979,1.128,4.974,1.644,0.0,0.0
train,203335,reject,frame_crossing+frame_margin,4.386,5.922,14.757,7.443,1.346,5.903,1.545,1.0,0.029
train,203336,reject,frame_crossing+arena+ref_contact,3.955,3.864,14.69,5.792,1.0,3.955,1.4,1.0,0.0
train,203337,reject,frame_crossing+arena+frame_margin,4.574,4.899,14.776,7.364,1.113,5.093,1.569,1.0,0.011
train,203338,reject,frame_crossing+ref_contact,4.712,5.299,14.717,10.192,1.204,5.675,1.301,1.0,0.0
train,203339,reject,frame_crossing+arena+ref_contact,4.631,5.581,14.666,9.216,1.269,5.875,1.47,3.0,0.0
train,203340,reject,frame_crossing+arena+ref_contact,4.768,4.92,14.581,8.189,1.118,5.332,1.523,1.0,0.0
train,203341,reject,frame_crossing+arena+ref_contact,4.479,4.587,14.727,6.66,1.043,4.67,1.015,1.0,0.0
train,203342,reject,frame_crossing+ref_contact,4.747,4.953,14.708,9.658,1.126,5.344,1.569,1.0,0.0
train,203343,reject,frame_crossing+arena+ref_contact,4.284,4.546,14.679,8.458,1.033,4.427,1.799,1.0,0.0
train,203344,reject,frame_crossing+arena+ref_contact,5.439,5.464,14.679,7.715,1.242,6.753,2.156,1.0,0.0
train,203345,reject,frame_crossing+arena+frame_margin,4.819,5.718,14.719,8.872,1.3,6.262,1.991,1.0,0.004
train,203346,pass,,4.588,5.55,14.672,8.366,1.261,5.787,1.5,0.0,0.036
train,203347,reject,frame_crossing+arena+ref_contact,4.546,5.153,14.758,7.377,1.171,5.323,1.333,2.0,0.0
train,203348,reject,frame_crossing+arena+ref_contact,4.372,4.409,14.703,7.016,1.002,4.381,1.71,2.0,0.0
train,203349,reject,frame_crossing+arena+ref_contact,5.098,5.792,14.692,6.76,1.316,6.711,1.073,2.0,0.0
train,203350,reject,frame_crossing+arena+ref_contact,4.119,4.136,14.586,6.147,1.0,4.119,1.032,2.0,0.0
train,203351,reject,frame_crossing+arena+ref_contact,5.093,5.339,14.705,7.906,1.213,6.179,2.062,3.0,0.0
train,203352,reject,frame_crossing+arena+ref_contact,4.584,5.244,14.757,5.857,1.192,5.463,1.744,2.0,0.0
train,203353,reject,frame_crossing+arena+ref_contact,4.318,5.473,14.719,6.23,1.244,5.372,1.362,1.0,0.0
train,203354,reject,frame_crossing+arena+ref_contact,4.654,5.565,14.717,8.778,1.265,5.885,1.491,2.0,0.0
train,203355,reject,frame_crossing+arena+ref_contact,4.946,4.739,14.474,9.128,1.077,5.327,1.488,1.0,0.0
train,203356,reject,frame_crossing+ref_contact,4.802,4.818,14.7,7.238,1.095,5.258,1.35,1.0,0.0
train,203357,reject,frame_crossing+ref_contact,4.778,5.875,14.739,6.042,1.335,6.379,1.249,1.0,0.0
train,203358,reject,arena+frame_margin,4.117,5.163,14.75,5.467,1.173,4.831,1.733,0.0,0.016
train,203359,reject,frame_crossing+arena+ref_contact,4.758,5.263,14.575,7.544,1.196,5.691,1.595,2.0,0.0
train,203360,reject,frame_crossing+arena+ref_contact,4.678,5.622,14.705,10.419,1.278,5.978,1.35,3.0,0.0
train,203361,reject,arena,4.584,5.227,14.704,7.554,1.188,5.445,1.694,0.0,0.037
train,203362,reject,frame_crossing+frame_margin,4.406,5.449,14.541,6.208,1.238,5.456,1.13,1.0,0.006
train,203363,reject,frame_crossing+arena+ref_contact,4.908,5.814,14.531,8.149,1.321,6.485,1.829,2.0,0.0
train,203364,reject,frame_crossing+arena+ref_contact,4.683,4.91,14.69,7.864,1.116,5.226,1.043,2.0,0.0
train,203365,reject,frame_crossing+arena+ref_contact,4.377,4.991,14.587,8.462,1.134,4.965,1.058,3.0,0.0
train,203366,reject,frame_crossing+arena+ref_contact,4.319,3.383,14.627,4.421,1.0,4.319,1.13,1.0,0.0
train,203367,reject,frame_crossing+arena+ref_contact,4.863,5.924,14.665,8.27,1.346,6.548,1.172,1.0,0.0
train,203368,reject,arena+frame_margin,4.439,5.458,14.727,8.901,1.24,5.506,1.801,0.0,0.016
train,203369,reject,frame_crossing+arena+ref_contact,4.602,6.349,14.764,10.014,1.443,6.64,1.263,3.0,0.0
train,203370,reject,frame_crossing+arena+ref_contact,4.528,5.575,14.691,7.741,1.267,5.737,1.706,2.0,0.0
train,203371,reject,frame_crossing+arena+ref_contact,4.931,4.909,14.736,8.258,1.116,5.502,1.293,3.0,0.0
train,203372,reject,frame_crossing+arena+ref_contact,4.342,4.481,14.746,9.243,1.018,4.422,1.128,1.0,0.0
train,203373,reject,frame_crossing+arena+ref_contact,4.649,4.587,14.644,7.781,1.043,4.847,1.077,2.0,0.0
train,203374,reject,frame_crossing+arena+ref_contact,4.95,5.201,14.746,9.558,1.182,5.851,1.53,3.0,0.0
train,203375,reject,frame_crossing+arena+ref_contact,4.901,5.659,14.739,5.738,1.286,6.304,1.204,2.0,0.0
train,203376,reject,frame_crossing+arena+ref_contact,4.766,5.066,14.666,8.637,1.151,5.488,1.372,1.0,0.0
train,203377,reject,frame_crossing+arena+ref_contact,4.365,4.779,14.6,6.205,1.086,4.74,1.47,1.0,0.0
train,203378,reject,frame_crossing+arena+ref_contact,4.346,5.064,14.731,8.975,1.151,5.002,1.13,2.0,0.0
train,203379,reject,arena,3.861,3.569,14.748,6.01,1.0,3.861,1.118,0.0,0.069
train,203380,reject,arena,4.568,5.677,14.72,5.833,1.29,5.894,1.181,0.0,0.036
train,203381,reject,frame_crossing+arena+ref_contact,4.221,5.557,14.752,7.052,1.263,5.331,1.893,2.0,0.0
train,203382,reject,frame_crossing+arena+frame_margin,4.871,5.792,14.568,6.492,1.316,6.411,1.712,1.0,0.003
train,203383,reject,frame_crossing+ref_contact,4.788,5.39,14.728,6.699,1.225,5.865,1.339,2.0,0.0
train,203384,reject,arena,4.123,3.521,14.627,5.227,1.0,4.123,1.301,0.0,0.037
train,203385,reject,frame_crossing+arena+ref_contact,4.314,5.476,14.693,8.412,1.245,5.369,1.253,1.0,0.0
train,203386,reject,arena,4.102,4.561,14.683,6.523,1.037,4.253,1.031,0.0,0.033
train,203387,reject,frame_crossing+arena+ref_contact,5.0,6.229,14.607,6.223,1.416,7.079,1.205,1.0,0.0
train,203388,reject,arena,4.179,5.249,14.716,8.819,1.193,4.985,1.274,0.0,0.045
train,203389,reject,frame_crossing+arena+frame_margin,4.042,6.158,14.756,5.515,1.4,5.657,1.107,1.0,0.012
train,203390,reject,frame_crossing+arena+ref_contact,4.986,5.791,14.631,6.931,1.316,6.562,1.837,1.0,0.0
train,203391,reject,arena+frame_margin,4.348,3.971,14.588,6.884,1.0,4.348,1.107,0.0,0.015
train,203392,reject,frame_crossing+arena+ref_contact,4.128,5.208,14.526,8.537,1.184,4.887,1.058,2.0,0.0
train,203393,reject,frame_crossing+arena+ref_contact,4.352,4.801,14.636,7.86,1.091,4.748,1.801,1.0,0.0
train,203394,pass,,4.323,5.786,14.715,7.537,1.315,5.685,1.109,0.0,0.037
train,203395,reject,frame_crossing+arena+ref_contact,4.149,4.989,14.683,8.799,1.134,4.704,1.992,2.0,0.0
train,203396,reject,frame_crossing+arena+ref_contact,3.903,5.034,14.642,7.012,1.144,4.465,1.328,1.0,0.0
train,203397,reject,frame_crossing+arena+ref_contact,5.359,5.646,14.614,9.322,1.283,6.877,2.063,2.0,0.0
train,203398,reject,frame_crossing+arena+ref_contact,4.661,5.203,14.691,8.472,1.183,5.512,1.328,1.0,0.0
train,203399,reject,frame_crossing+arena+ref_contact,4.868,4.756,14.65,9.237,1.081,5.262,1.794,1.0,0.0
train,203400,reject,frame_crossing+arena+ref_contact,5.061,6.435,14.705,9.068,1.463,7.403,2.118,4.0,0.0
train,203401,reject,frame_crossing+arena+ref_contact,4.338,5.15,14.623,6.929,1.17,5.077,1.118,1.0,0.0
train,203402,reject,arena+ref_contact,4.738,6.224,14.742,5.818,1.414,6.702,1.171,0.0,0.0
train,203403,reject,frame_crossing+arena+ref_contact,4.482,5.526,14.731,5.769,1.256,5.629,1.118,1.0,0.0
train,203404,reject,frame_crossing+ref_contact,4.749,4.094,14.662,6.725,1.0,4.749,1.473,2.0,0.0
train,203405,reject,frame_crossing+ref_contact,4.685,6.08,14.553,6.083,1.382,6.474,1.641,3.0,0.0
train,203406,reject,frame_crossing+arena+ref_contact,4.691,6.609,14.746,7.4,1.502,7.047,1.153,2.0,0.0
train,203407,reject,frame_crossing+arena+ref_contact,4.413,4.902,14.582,5.281,1.114,4.916,1.271,2.0,0.0
train,203408,reject,frame_crossing+arena+ref_contact,4.102,5.708,14.678,7.393,1.297,5.322,1.44,1.0,0.0
train,203409,reject,frame_crossing+arena+ref_contact,4.302,4.901,14.516,9.046,1.114,4.792,1.072,1.0,0.0
train,203410,reject,frame_crossing+arena+ref_contact,5.056,5.323,14.54,7.862,1.21,6.116,2.248,2.0,0.0
train,203411,reject,frame_crossing+arena+ref_contact,4.913,4.806,14.742,10.119,1.092,5.366,1.779,3.0,0.0
train,203412,reject,frame_crossing+arena+ref_contact,4.854,4.743,14.671,7.205,1.078,5.232,1.774,1.0,0.0
train,203413,reject,frame_crossing+arena+ref_contact,5.089,6.427,14.733,10.392,1.461,7.433,1.849,2.0,0.0
train,203414,reject,frame_crossing+ref_contact,4.741,5.23,14.607,7.737,1.189,5.636,1.072,2.0,0.0
train,203415,reject,frame_crossing+arena+ref_contact,4.333,4.908,14.722,8.617,1.116,4.834,1.228,3.0,0.0
train,203416,reject,frame_crossing+arena+ref_contact,4.46,5.962,14.653,8.397,1.355,6.044,1.553,3.0,0.0
train,203417,reject,arena,3.71,5.029,14.679,5.941,1.143,4.241,1.5,0.0,0.051
train,203418,reject,frame_crossing+arena+ref_contact,4.259,4.874,14.678,9.104,1.108,4.718,1.733,2.0,0.0
train,203419,reject,frame_crossing+arena+ref_contact,4.235,5.527,14.634,6.947,1.256,5.32,1.694,3.0,0.0
train,203420,reject,frame_crossing+ref_contact,4.354,6.119,14.634,5.801,1.391,6.055,1.249,1.0,0.0
train,203421,reject,frame_crossing+arena+ref_contact,4.643,6.847,14.664,5.863,1.556,7.226,1.451,1.0,0.0
train,203422,reject,frame_crossing+arena+ref_contact,4.452,5.582,14.704,5.833,1.269,5.648,1.128,1.0,0.0
train,203423,reject,frame_crossing+arena+ref_contact,5.067,5.921,14.678,9.0,1.346,6.819,1.204,1.0,0.0
train,203424,reject,frame_crossing+ref_contact,4.546,4.821,14.59,9.246,1.096,4.981,1.687,1.0,0.0
train,203425,reject,frame_crossing+ref_contact,4.878,3.759,14.581,5.501,1.0,4.878,1.032,2.0,0.0
train,203426,reject,arena+frame_margin,4.52,6.222,14.568,7.029,1.414,6.392,1.383,0.0,0.018
train,203427,reject,frame_crossing+arena+ref_contact,4.364,6.544,14.607,5.836,1.487,6.491,1.13,1.0,0.0
train,203428,reject,frame_crossing+arena+ref_contact,4.846,6.445,14.709,6.55,1.465,7.097,1.895,1.0,0.0
train,203429,reject,frame_crossing+arena+ref_contact,4.167,4.588,14.569,7.201,1.043,4.345,1.107,1.0,0.0
train,203430,reject,frame_crossing+arena+ref_contact,5.163,6.54,14.735,7.688,1.486,7.675,1.816,2.0,0.0
train,203431,reject,frame_crossing+arena+ref_contact,4.616,5.052,14.699,8.582,1.148,5.299,1.249,1.0,0.0
train,203432,reject,frame_crossing+arena+ref_contact,4.564,5.235,14.667,9.584,1.19,5.431,2.216,1.0,0.0
train,203433,reject,arena,3.79,3.84,14.686,5.583,1.0,3.79,1.198,0.0,0.039
train,203434,reject,frame_crossing+arena+ref_contact,4.343,5.656,14.61,6.049,1.285,5.583,1.654,1.0,0.0
train,203435,reject,frame_crossing+arena+ref_contact,4.771,4.89,14.527,8.272,1.111,5.303,1.133,1.0,0.0
train,203436,reject,arena+frame_margin,4.375,4.624,14.636,7.952,1.051,4.598,1.228,0.0,0.006
train,203437,reject,frame_crossing+arena+ref_contact,4.739,4.819,14.692,6.963,1.095,5.191,1.626,3.0,0.0
train,203438,reject,frame_crossing+arena+ref_contact,4.574,4.844,14.731,8.067,1.101,5.035,1.569,1.0,0.0
train,203439,reject,frame_crossing+arena+ref_contact,4.048,3.995,14.639,6.016,1.0,4.048,1.4,1.0,0.0
train,203440,reject,frame_crossing+arena+ref_contact,4.741,5.53,14.653,6.542,1.257,5.958,1.617,2.0,0.0
train,203441,reject,arena,4.6,4.198,14.657,6.018,1.0,4.6,1.172,0.0,0.04
train,203442,reject,frame_crossing+arena+ref_contact,4.463,5.381,14.68,7.264,1.223,5.458,1.339,1.0,0.0
train,203443,reject,frame_crossing+ref_contact,4.969,5.476,14.705,8.42,1.245,6.184,2.497,2.0,0.0
train,203444,pass,,3.632,3.791,14.695,5.228,1.0,3.632,1.249,0.0,0.03
train,203445,reject,frame_crossing+arena+ref_contact,4.703,5.863,14.691,5.998,1.332,6.266,1.235,1.0,0.0
train,203446,reject,frame_crossing+ref_contact,4.94,5.129,14.707,7.109,1.166,5.759,1.13,2.0,0.0
train,203447,reject,frame_crossing+arena+ref_contact,4.47,4.894,14.624,9.297,1.112,4.972,1.172,1.0,0.0
train,203448,reject,frame_crossing+arena+ref_contact,4.556,4.687,14.689,7.444,1.065,4.854,1.107,1.0,0.0
train,203449,reject,frame_crossing+arena+frame_margin,4.138,4.83,14.665,5.898,1.098,4.542,1.072,1.0,0.001
train,203450,reject,frame_crossing+arena+ref_contact,4.337,4.536,14.715,8.238,1.031,4.472,1.063,2.0,0.0
train,203451,reject,frame_crossing+ref_contact,4.411,5.485,14.702,6.26,1.247,5.498,1.641,1.0,0.0
train,203452,reject,frame_crossing+ref_contact,4.725,4.479,14.642,8.877,1.018,4.81,1.133,3.0,0.0
train,203453,reject,frame_crossing+arena+ref_contact,4.713,5.397,14.6,6.652,1.227,5.781,1.473,1.0,0.0
train,203454,reject,frame_crossing+arena+ref_contact,4.397,5.198,14.78,6.764,1.181,5.195,1.035,2.0,0.0
train,203455,reject,frame_crossing+arena+ref_contact,4.655,5.194,14.688,8.168,1.181,5.495,1.13,1.0,0.0
train,203456,reject,frame_crossing+arena+ref_contact,5.028,4.888,14.584,7.727,1.111,5.586,1.327,2.0,0.0
train,203457,reject,frame_crossing+ref_contact,4.23,4.995,14.645,8.594,1.135,4.802,1.266,1.0,0.0
train,203458,reject,frame_crossing+arena+ref_contact,4.61,4.811,14.716,9.481,1.093,5.04,1.328,2.0,0.0
train,203459,reject,frame_crossing+arena+ref_contact,4.9,4.76,14.69,7.078,1.082,5.3,1.271,2.0,0.0
train,203460,reject,frame_crossing+ref_contact,4.643,4.698,14.458,7.707,1.068,4.957,1.13,2.0,0.0
train,203461,reject,frame_crossing+arena+ref_contact,5.252,5.796,14.692,8.426,1.317,6.918,1.205,3.0,0.0
train,203462,reject,frame_crossing+arena+ref_contact,4.463,5.105,14.517,7.29,1.16,5.178,1.176,1.0,0.0
train,203463,reject,frame_crossing+ref_contact,4.993,4.736,14.677,7.611,1.076,5.375,1.5,2.0,0.0
train,203464,reject,arena+frame_margin,4.492,6.504,14.793,6.124,1.478,6.64,1.162,0.0,0.008
train,203465,reject,frame_crossing+arena+ref_contact,5.103,6.264,14.744,8.315,1.424,7.264,1.073,1.0,0.0
train,203466,reject,frame_crossing+arena+ref_contact,4.849,5.571,14.705,9.681,1.266,6.14,1.333,2.0,0.0
train,203467,reject,frame_crossing+arena+ref_contact,5.123,5.651,14.688,9.555,1.284,6.58,2.213,3.0,0.0
train,203468,reject,frame_crossing+arena+ref_contact,5.003,5.425,14.746,7.995,1.233,6.168,1.28,3.0,0.0
train,203469,reject,frame_crossing+arena+ref_contact,4.785,6.393,14.576,7.019,1.453,6.953,1.293,1.0,0.0
train,203470,reject,frame_crossing+arena+ref_contact,4.076,5.894,14.746,5.529,1.34,5.461,1.133,1.0,0.0
train,203471,reject,frame_crossing+arena+ref_contact,4.714,5.633,14.76,9.656,1.28,6.035,2.377,2.0,0.0
train,203472,reject,frame_crossing+arena+ref_contact,4.47,5.944,14.663,6.454,1.351,6.038,1.69,2.0,0.0
train,203473,reject,arena,4.411,4.55,14.645,6.414,1.034,4.561,1.582,0.0,0.037
train,203474,reject,frame_crossing+arena+ref_contact,4.622,5.121,14.758,8.212,1.164,5.379,1.032,2.0,0.0
train,203475,reject,frame_crossing+arena+ref_contact,4.774,5.207,14.663,10.908,1.183,5.65,1.592,2.0,0.0
train,203476,reject,frame_crossing+arena+ref_contact,5.189,5.55,14.7,8.8,1.261,6.544,2.718,2.0,0.0
train,203477,reject,frame_crossing+arena+ref_contact,4.611,4.196,14.713,6.004,1.0,4.611,1.035,2.0,0.0
train,203478,reject,frame_crossing+ref_contact,4.256,4.305,14.766,7.613,1.0,4.256,1.153,1.0,0.0
train,203479,reject,frame_crossing+arena+ref_contact,4.687,5.843,14.716,8.865,1.328,6.223,1.047,4.0,0.0
train,203480,reject,frame_crossing+arena+ref_contact,4.309,5.843,14.746,6.442,1.328,5.722,1.921,2.0,0.0
train,203481,reject,frame_crossing+arena+ref_contact,4.336,4.938,14.714,6.883,1.122,4.867,1.029,1.0,0.0
train,203482,reject,frame_crossing+ref_contact,4.324,3.749,14.586,5.14,1.0,4.324,1.032,1.0,0.0
train,203483,reject,frame_crossing+arena+ref_contact,4.697,5.739,14.635,6.608,1.304,6.127,1.107,2.0,0.0
train,203484,reject,frame_crossing+arena+ref_contact,4.98,5.425,14.607,9.892,1.233,6.14,1.058,1.0,0.0
train,203485,reject,arena+frame_margin,4.206,5.164,14.739,7.94,1.174,4.936,1.026,0.0,0.016
train,203486,reject,arena,3.97,4.217,14.739,7.17,1.0,3.97,1.665,0.0,0.039
train,203487,reject,frame_crossing+arena+ref_contact,4.849,5.702,14.644,6.859,1.296,6.284,1.47,1.0,0.0
train,203488,reject,frame_crossing+arena+ref_contact,4.688,6.269,14.756,8.234,1.425,6.679,1.969,2.0,0.0
train,203489,reject,frame_crossing+arena+ref_contact,4.344,4.718,14.711,6.9,1.072,4.657,1.047,1.0,0.0
train,203490,reject,frame_crossing+arena+ref_contact,4.339,4.856,14.726,6.76,1.104,4.789,1.198,1.0,0.0
train,203491,reject,frame_crossing+arena+ref_contact,4.529,5.202,14.678,7.187,1.182,5.355,1.434,1.0,0.0
train,203492,reject,frame_crossing+arena+ref_contact,4.62,5.809,14.734,7.195,1.32,6.099,1.571,2.0,0.0
train,203493,reject,arena+ref_contact,5.035,4.995,14.673,6.662,1.135,5.716,1.198,0.0,0.0
train,203494,reject,frame_crossing+arena+ref_contact,4.785,5.76,14.669,6.573,1.309,6.263,2.177,1.0,0.0
train,203495,reject,frame_crossing+arena+ref_contact,4.402,5.729,14.713,9.678,1.302,5.731,1.153,3.0,0.0
train,203496,reject,frame_crossing+arena+ref_contact,4.387,5.286,14.706,6.271,1.201,5.27,1.37,2.0,0.0
train,203497,reject,frame_crossing+ref_contact,4.586,4.527,14.766,6.186,1.029,4.718,1.035,1.0,0.0
train,203498,reject,frame_crossing+arena+ref_contact,4.564,4.171,14.575,7.615,1.0,4.564,1.133,2.0,0.0
train,203499,pass,,3.967,5.248,14.68,5.816,1.193,4.731,1.205,0.0,0.039
train,203500,reject,frame_crossing+arena+ref_contact,4.407,5.014,14.7,7.132,1.14,5.022,1.348,3.0,0.0
train,203501,reject,frame_crossing+arena+ref_contact,4.158,4.155,14.687,6.898,1.0,4.158,1.398,1.0,0.0
train,203502,reject,frame_crossing+ref_contact,5.042,6.021,14.637,8.133,1.368,6.899,1.72,1.0,0.0
train,203503,reject,frame_crossing+arena+ref_contact,4.225,5.001,14.648,9.876,1.137,4.802,1.35,2.0,0.0
train,203504,reject,arena+frame_margin,4.77,5.89,14.742,7.718,1.339,6.386,1.754,0.0,0.021
train,203505,reject,frame_crossing+arena+ref_contact,5.146,6.327,14.666,7.342,1.438,7.4,1.228,3.0,0.0
train,203506,reject,frame_crossing+arena+ref_contact,5.31,6.72,14.746,8.707,1.527,8.109,2.618,2.0,0.0
train,203507,reject,frame_crossing+arena+ref_contact,4.308,4.877,14.518,7.878,1.108,4.775,1.031,1.0,0.0
train,203508,reject,frame_crossing+arena+ref_contact,4.64,6.721,14.686,5.651,1.528,7.088,1.595,2.0,0.0
train,203509,reject,frame_crossing+arena+ref_contact,4.309,6.505,14.624,6.053,1.478,6.371,1.301,2.0,0.0
train,203510,reject,frame_crossing+arena+ref_contact,4.598,5.974,14.804,6.8,1.358,6.243,1.542,1.0,0.0
train,203511,reject,arena+frame_margin,4.195,4.333,14.589,6.12,1.0,4.195,1.577,0.0,0.004
train,203512,reject,frame_crossing+arena+ref_contact,5.181,5.857,14.66,8.319,1.331,6.897,1.133,2.0,0.0
train,203513,reject,frame_crossing+arena+frame_margin,4.316,4.429,14.601,6.122,1.007,4.344,1.097,1.0,0.011
train,203514,reject,frame_crossing+arena+ref_contact,4.799,4.846,14.711,7.573,1.101,5.285,1.029,2.0,0.0
train,203515,reject,frame_crossing+ref_contact,4.783,4.96,14.73,8.947,1.127,5.392,1.772,2.0,0.0
train,203516,reject,frame_crossing+arena+ref_contact,4.785,4.696,14.726,10.855,1.067,5.106,1.368,3.0,0.0
train,203517,reject,frame_crossing+arena+ref_contact,4.974,4.744,14.74,9.838,1.078,5.363,1.128,1.0,0.0
train,203518,reject,arena,4.302,4.343,14.702,5.567,1.0,4.302,1.047,0.0,0.046
train,203519,reject,frame_crossing+arena+ref_contact,4.659,5.098,14.695,8.094,1.159,5.398,1.148,2.0,0.0
train,203520,reject,frame_crossing+arena+ref_contact,4.822,5.098,14.459,6.633,1.159,5.587,1.496,2.0,0.0
train,203521,reject,frame_crossing+arena+ref_contact,4.508,4.805,14.786,10.376,1.092,4.924,1.072,2.0,0.0
train,203522,reject,frame_crossing+arena+ref_contact,4.012,5.15,14.617,7.094,1.17,4.696,1.077,1.0,0.0
train,203523,reject,arena+frame_margin,4.724,4.701,14.676,7.508,1.069,5.047,1.026,0.0,0.001
train,203524,reject,frame_crossing+arena+ref_contact,4.726,6.125,14.729,10.454,1.392,6.579,1.405,1.0,0.0
train,203525,pass,,3.716,4.439,14.622,8.328,1.009,3.749,1.035,0.0,0.042
train,203526,reject,frame_crossing+ref_contact,4.269,5.26,14.673,10.274,1.195,5.104,1.097,3.0,0.0
train,203527,reject,frame_crossing+arena+ref_contact,4.919,5.924,14.622,8.496,1.346,6.623,1.228,3.0,0.0
train,203528,reject,frame_crossing+arena+ref_contact,4.824,5.657,14.711,7.186,1.286,6.202,1.577,3.0,0.0
train,203529,reject,frame_crossing+arena+ref_contact,5.095,5.111,14.618,8.514,1.161,5.917,1.695,2.0,0.0
train,203530,reject,frame_crossing+ref_contact,4.892,5.308,14.68,6.589,1.206,5.901,1.451,2.0,0.0
train,203531,reject,ref_contact,4.456,4.864,14.559,7.489,1.106,4.926,1.912,0.0,0.0
train,203532,reject,frame_crossing+ref_contact,4.579,5.156,14.618,7.608,1.172,5.366,1.077,1.0,0.0
train,203533,reject,arena,4.378,3.643,14.665,7.829,1.0,4.378,1.235,0.0,0.033
train,203534,reject,frame_crossing+arena+ref_contact,4.375,5.437,14.575,9.034,1.236,5.406,1.031,3.0,0.0
train,203535,reject,arena+ref_contact,4.553,5.857,14.712,6.033,1.331,6.061,1.44,0.0,0.0
train,203536,reject,frame_crossing+frame_margin,4.65,5.42,14.756,7.041,1.232,5.727,1.015,1.0,0.023
train,203537,reject,arena,3.993,3.664,14.611,5.609,1.0,3.993,1.035,0.0,0.039
train,203538,reject,frame_crossing+ref_contact,4.28,4.195,14.614,5.256,1.0,4.28,1.015,2.0,0.0
train,203539,reject,frame_crossing+ref_contact,5.061,5.516,14.683,9.162,1.254,6.344,1.235,1.0,0.0
train,203540,reject,arena+frame_margin,3.978,4.246,14.634,7.051,1.0,3.978,1.13,0.0,0.001
train,203541,reject,frame_crossing+arena+ref_contact,4.613,5.862,14.767,9.213,1.332,6.146,1.109,2.0,0.0
train,203542,reject,frame_crossing+ref_contact,4.584,5.207,14.712,9.357,1.183,5.425,1.035,1.0,0.0
train,203543,reject,frame_crossing+arena+ref_contact,4.754,5.617,14.631,6.397,1.277,6.069,1.107,1.0,0.0
train,203544,pass,,4.148,5.183,14.654,8.129,1.178,4.886,1.235,0.0,0.043
train,203545,reject,frame_crossing+arena+ref_contact,4.176,5.222,14.718,8.517,1.187,4.957,1.772,1.0,0.0
train,203546,reject,frame_crossing+ref_contact,3.923,4.822,14.663,7.557,1.096,4.3,1.267,1.0,0.0
train,203547,reject,frame_crossing+arena+ref_contact,4.327,4.745,14.681,6.341,1.078,4.666,1.453,2.0,0.0
train,203548,reject,arena+frame_margin,4.63,5.01,14.749,7.941,1.139,5.272,1.035,0.0,0.026
train,203549,reject,frame_crossing+ref_contact,4.11,4.808,14.687,7.669,1.093,4.491,1.311,1.0,0.0
train,203550,reject,frame_crossing+arena+ref_contact,5.059,4.567,14.571,9.091,1.038,5.251,1.898,2.0,0.0
train,203551,reject,frame_crossing+ref_contact,4.428,4.994,14.675,7.464,1.135,5.025,1.651,1.0,0.0
train,203552,reject,frame_crossing+arena+ref_contact,4.246,5.332,14.697,8.64,1.212,5.145,1.433,1.0,0.0
train,203553,reject,frame_crossing+arena+ref_contact,4.298,4.852,14.62,8.129,1.103,4.739,1.031,3.0,0.0
train,203554,reject,frame_crossing+arena+ref_contact,4.774,5.088,14.688,5.563,1.156,5.521,1.553,2.0,0.0
train,203555,reject,frame_crossing+arena+ref_contact,4.908,6.091,14.741,7.223,1.384,6.794,1.408,1.0,0.0
train,203556,reject,frame_crossing+arena+ref_contact,4.764,6.097,14.724,8.199,1.386,6.601,1.44,1.0,0.0
train,203557,reject,frame_crossing+arena+ref_contact,4.477,4.676,14.732,6.607,1.063,4.757,1.362,2.0,0.0
train,203558,reject,frame_crossing+arena+ref_contact,5.284,4.905,14.509,7.799,1.115,5.89,1.984,4.0,0.0
train,203559,reject,frame_crossing+arena+ref_contact,4.909,3.691,14.616,5.04,1.0,4.909,1.072,2.0,0.0
train,203560,reject,frame_crossing+arena+ref_contact,4.556,6.43,14.721,6.861,1.461,6.659,1.453,1.0,0.0
train,203561,reject,frame_crossing+arena+ref_contact,4.456,4.406,14.613,6.037,1.001,4.462,1.058,2.0,0.0
train,203562,reject,frame_margin,3.988,5.303,14.73,5.667,1.205,4.807,1.171,0.0,0.006
train,203563,reject,frame_crossing+arena+ref_contact,4.317,4.955,14.682,9.134,1.126,4.862,2.049,1.0,0.0
train,203564,reject,frame_crossing+arena+ref_contact,4.46,4.964,14.747,8.304,1.128,5.032,1.772,2.0,0.0
train,203565,reject,frame_crossing+arena+ref_contact,4.719,4.142,14.689,7.287,1.0,4.719,1.44,1.0,0.0
train,203566,reject,arena,3.856,5.619,14.779,6.505,1.277,4.925,1.723,0.0,0.037
train,203567,reject,frame_crossing+arena+ref_contact,4.015,5.022,14.688,7.59,1.141,4.582,1.53,1.0,0.0
train,203568,reject,frame_crossing+arena+frame_margin,4.407,5.092,14.673,7.982,1.157,5.099,1.609,1.0,0.009
train,203569,reject,frame_crossing+ref_contact,3.999,4.268,14.464,5.396,1.0,3.999,1.235,1.0,0.0
train,203570,reject,frame_crossing+ref_contact,4.967,5.554,14.661,6.646,1.262,6.27,1.461,3.0,0.0
train,203571,reject,frame_crossing+arena+ref_contact,4.882,5.43,14.727,7.219,1.234,6.025,1.96,1.0,0.0
train,203572,reject,frame_crossing+arena+ref_contact,4.638,4.255,14.543,7.375,1.0,4.638,1.481,3.0,0.0
train,203573,reject,frame_crossing+arena+ref_contact,4.533,5.051,14.626,6.985,1.148,5.203,1.846,1.0,0.0
train,203574,reject,frame_crossing+arena+ref_contact,4.41,5.109,14.61,7.301,1.161,5.121,1.026,2.0,0.0
train,203575,reject,frame_crossing+ref_contact,4.146,4.555,14.722,5.931,1.035,4.292,1.103,1.0,0.0
train,203576,reject,frame_crossing+arena+ref_contact,4.063,4.186,14.621,8.133,1.0,4.063,1.496,1.0,0.0
train,203577,reject,frame_crossing+ref_contact,4.325,5.566,14.695,7.827,1.265,5.471,1.609,2.0,0.0
train,203578,reject,frame_crossing+arena+ref_contact,4.371,5.02,14.66,9.827,1.141,4.988,1.538,2.0,0.0
train,203579,reject,frame_crossing+ref_contact,4.774,4.382,14.644,8.151,1.0,4.774,1.072,2.0,0.0
train,203580,reject,frame_crossing+arena+ref_contact,4.813,6.443,14.747,5.824,1.464,7.048,1.026,3.0,0.0
train,203581,reject,arena+frame_margin,4.073,4.499,14.737,7.641,1.023,4.165,1.987,0.0,0.001
train,203582,reject,frame_crossing+arena+ref_contact,4.639,3.67,14.475,6.529,1.0,4.639,1.097,2.0,0.0
train,203583,reject,frame_crossing+arena+ref_contact,4.176,5.487,14.725,6.656,1.247,5.207,1.569,1.0,0.0
train,203584,reject,arena,4.243,5.589,14.682,5.826,1.27,5.39,1.189,0.0,0.055
train,203585,reject,frame_crossing+arena+ref_contact,4.391,5.521,14.633,6.765,1.255,5.509,1.614,1.0,0.0
train,203586,reject,frame_crossing+arena+ref_contact,4.389,4.778,14.727,7.429,1.086,4.766,1.671,1.0,0.0
train,203587,reject,frame_crossing+arena+ref_contact,4.603,4.905,14.671,9.289,1.115,5.13,1.396,2.0,0.0
train,203588,reject,frame_crossing+ref_contact,4.288,4.513,14.721,8.462,1.026,4.398,1.032,1.0,0.0
train,203589,reject,frame_crossing+arena+ref_contact,4.666,4.737,14.661,8.235,1.076,5.023,1.362,1.0,0.0
train,203590,reject,frame_crossing+arena+ref_contact,4.837,5.05,14.725,10.795,1.148,5.552,1.205,3.0,0.0
train,203591,reject,arena,4.052,5.033,14.722,7.449,1.144,4.635,1.172,0.0,0.038
train,203592,reject,frame_crossing+arena+ref_contact,4.841,5.361,14.465,6.51,1.218,5.898,1.228,1.0,0.0
train,203593,reject,frame_crossing+arena+ref_contact,4.789,5.067,14.745,10.205,1.152,5.515,2.002,2.0,0.0
train,203594,reject,frame_crossing+arena+ref_contact,4.534,5.248,14.706,11.118,1.193,5.408,1.097,2.0,0.0
train,203595,reject,frame_crossing+arena+ref_contact,4.819,5.616,14.758,6.829,1.276,6.151,1.663,2.0,0.0
train,203596,reject,frame_crossing+arena+ref_contact,4.656,4.967,14.611,6.645,1.129,5.256,1.249,1.0,0.0
train,203597,reject,frame_crossing+arena+ref_contact,4.418,3.73,14.506,6.414,1.0,4.418,1.029,1.0,0.0
train,203598,reject,arena+ref_contact,4.693,5.337,14.719,7.824,1.213,5.692,1.694,0.0,0.0
train,203599,reject,frame_crossing+arena+ref_contact,4.465,4.987,14.676,7.393,1.133,5.06,1.293,1.0,0.0
train,203600,reject,frame_crossing+arena+ref_contact,4.256,4.834,14.669,8.425,1.099,4.675,1.582,2.0,0.0
train,203601,reject,arena+ref_contact,4.857,4.981,14.71,9.147,1.132,5.498,1.972,0.0,0.0
train,203602,reject,frame_crossing+arena+ref_contact,4.509,5.436,14.47,9.639,1.235,5.57,1.3,2.0,0.0
train,203603,pass,,4.018,4.089,14.759,7.574,1.0,4.018,1.451,0.0,0.053
train,203604,reject,frame_crossing+ref_contact,4.991,4.901,14.648,7.721,1.114,5.559,1.37,2.0,0.0
train,203605,reject,arena,3.907,5.446,14.613,7.329,1.238,4.836,1.911,0.0,0.039
train,203606,reject,frame_crossing+arena+ref_contact,4.184,4.68,14.643,8.362,1.064,4.45,1.523,1.0,0.0
train,203607,reject,frame_crossing+arena+ref_contact,4.791,5.961,14.651,8.847,1.355,6.491,1.894,1.0,0.0
train,203608,reject,frame_crossing+arena+ref_contact,4.422,4.664,14.609,7.394,1.06,4.688,1.56,2.0,0.0
train,203609,reject,frame_crossing+arena+ref_contact,4.468,4.918,14.74,9.346,1.118,4.994,1.723,2.0,0.0
train,203610,reject,frame_crossing+arena+ref_contact,4.953,4.774,14.647,8.525,1.085,5.374,2.049,1.0,0.0
train,203611,reject,frame_crossing+arena+ref_contact,3.834,4.969,14.72,5.925,1.129,4.33,1.072,2.0,0.0
train,203612,reject,arena+ref_contact,4.291,5.496,14.614,7.528,1.249,5.359,1.597,0.0,0.0
train,203613,reject,frame_crossing+arena+ref_contact,4.216,4.949,14.714,5.969,1.125,4.742,1.032,1.0,0.0
train,203614,reject,frame_crossing+arena+ref_contact,4.171,5.521,14.73,5.505,1.255,5.234,1.301,2.0,0.0
train,203615,reject,frame_crossing+ref_contact,4.675,5.771,14.631,6.452,1.312,6.131,1.148,3.0,0.0
train,203616,reject,frame_crossing+arena+ref_contact,4.413,4.586,14.703,8.924,1.042,4.6,1.128,1.0,0.0
train,203617,reject,frame_crossing+arena+ref_contact,4.787,4.718,14.448,6.994,1.072,5.133,1.029,1.0,0.0
train,203618,reject,frame_crossing+arena+frame_margin,4.742,5.182,14.558,7.902,1.178,5.585,1.434,1.0,0.008
train,203619,reject,frame_crossing+arena+ref_contact,4.831,5.396,14.655,9.535,1.226,5.924,2.443,2.0,0.0
train,203620,reject,frame_crossing+arena+frame_margin,4.896,6.368,14.6,6.453,1.447,7.085,1.451,1.0,0.008
train,203621,reject,frame_crossing+arena+ref_contact,4.231,6.053,14.61,6.712,1.376,5.821,1.403,2.0,0.0
train,203622,reject,arena,4.528,5.47,14.431,6.905,1.243,5.629,1.204,0.0,0.049
train,203623,reject,frame_crossing+arena+ref_contact,5.119,5.815,14.722,8.833,1.321,6.765,2.61,1.0,0.0
train,203624,reject,frame_crossing+arena+ref_contact,4.245,3.975,14.702,5.504,1.0,4.245,1.133,1.0,0.0
train,203625,reject,frame_crossing+arena+ref_contact,4.234,4.627,14.73,8.698,1.052,4.452,1.542,1.0,0.0
train,203626,reject,frame_crossing+ref_contact,4.361,4.542,14.709,7.585,1.032,4.502,1.118,1.0,0.0
train,203627,reject,frame_crossing+arena+ref_contact,4.093,5.063,14.598,7.147,1.151,4.71,1.47,1.0,0.0
train,203628,reject,frame_crossing+arena+ref_contact,4.36,5.017,14.748,8.234,1.14,4.972,1.579,2.0,0.0
train,203629,reject,frame_crossing+arena+ref_contact,4.844,5.658,14.723,6.398,1.286,6.229,1.595,1.0,0.0
train,203630,reject,frame_crossing+arena+ref_contact,4.132,4.407,14.676,5.938,1.002,4.139,1.13,1.0,0.0
train,203631,reject,frame_crossing+arena+ref_contact,4.591,5.393,14.638,6.275,1.226,5.627,1.176,2.0,0.0
train,203632,reject,arena+frame_margin,4.653,5.447,14.619,9.135,1.238,5.76,1.058,0.0,0.011
train,203633,reject,frame_crossing+arena+ref_contact,4.375,5.354,14.751,8.968,1.217,5.323,1.072,1.0,0.0
train,203634,reject,frame_crossing+arena+ref_contact,4.676,6.118,14.693,6.879,1.39,6.502,1.205,2.0,0.0
train,203635,reject,arena,4.082,5.948,14.678,5.705,1.352,5.518,1.133,0.0,0.049
train,203636,reject,frame_crossing+arena+ref_contact,4.706,5.285,14.741,9.256,1.201,5.652,1.073,2.0,0.0
train,203637,reject,frame_crossing+arena+ref_contact,4.604,5.238,14.717,8.965,1.19,5.481,1.153,2.0,0.0
train,203638,reject,frame_crossing+arena+ref_contact,5.111,6.0,14.682,6.363,1.364,6.97,1.553,1.0,0.0
train,203639,pass,,4.33,4.729,14.729,5.63,1.075,4.654,1.109,0.0,0.037
train,203640,reject,frame_crossing+arena+ref_contact,5.004,4.313,14.492,8.16,1.0,5.004,1.408,2.0,0.0
train,203641,reject,frame_crossing+arena+ref_contact,4.303,4.588,14.612,8.832,1.043,4.486,1.107,2.0,0.0
train,203642,reject,frame_crossing+arena+ref_contact,5.034,5.745,14.627,8.726,1.306,6.573,1.28,2.0,0.0
train,203643,reject,frame_crossing+arena+ref_contact,5.048,4.949,14.558,8.452,1.125,5.677,1.13,2.0,0.0
train,203644,reject,frame_crossing+arena+ref_contact,4.693,4.518,14.729,6.769,1.027,4.819,1.109,2.0,0.0
train,203645,reject,frame_crossing+ref_contact,4.358,3.613,14.787,6.524,1.0,4.358,1.118,2.0,0.0
train,203646,reject,frame_crossing+arena+ref_contact,5.144,5.641,14.753,8.103,1.282,6.594,1.176,4.0,0.0
train,203647,reject,frame_crossing+arena+ref_contact,3.799,4.665,14.655,6.816,1.06,4.028,1.816,1.0,0.0
train,203648,reject,frame_crossing+arena+ref_contact,4.697,5.658,14.714,6.231,1.286,6.04,1.235,1.0,0.0
train,203649,reject,arena+ref_contact,4.443,4.655,14.589,7.101,1.058,4.701,1.333,0.0,0.0
train,203650,reject,frame_crossing+arena+frame_margin,4.19,3.445,14.582,4.574,1.0,4.19,1.015,1.0,0.017
train,203651,reject,frame_crossing+arena+ref_contact,5.009,4.795,14.564,7.376,1.09,5.459,1.162,2.0,0.0
train,203652,reject,frame_crossing+arena+ref_contact,4.809,5.436,14.675,6.552,1.235,5.941,1.396,2.0,0.0
train,203653,reject,frame_crossing+arena+ref_contact,4.355,4.213,14.748,7.443,1.0,4.355,1.047,2.0,0.0
train,203654,reject,frame_crossing+arena+ref_contact,4.084,4.387,14.739,6.926,1.0,4.084,1.043,3.0,0.0
train,203655,reject,frame_crossing+ref_contact,4.353,4.438,14.58,7.636,1.009,4.391,1.204,2.0,0.0
train,203656,reject,arena+frame_margin,4.55,4.875,14.704,8.975,1.108,5.042,1.496,0.0,0.026
train,203657,reject,frame_crossing+arena+ref_contact,4.85,5.762,14.714,7.341,1.31,6.351,1.077,1.0,0.0
train,203658,reject,frame_crossing+arena+ref_contact,5.18,3.589,14.552,6.027,1.0,5.18,1.553,3.0,0.0
train,203659,reject,arena+frame_margin,5.046,5.443,14.724,8.124,1.237,6.242,1.592,0.0,0.003
train,203660,reject,frame_crossing+ref_contact,5.016,5.29,14.59,8.772,1.202,6.03,1.596,2.0,0.0
train,203661,reject,frame_crossing+arena+ref_contact,4.921,5.307,14.672,10.443,1.206,5.935,1.031,2.0,0.0
train,203662,reject,frame_crossing+arena+ref_contact,4.554,5.775,14.778,7.19,1.312,5.977,1.644,1.0,0.0
train,203663,reject,arena+ref_contact,4.435,4.656,14.713,6.565,1.058,4.693,1.176,0.0,0.0
train,203664,reject,frame_crossing+arena+ref_contact,4.466,5.379,14.701,6.336,1.222,5.459,1.267,1.0,0.0
train,203665,reject,frame_crossing+ref_contact,4.44,4.635,14.695,5.698,1.053,4.677,1.077,1.0,0.0
train,203666,reject,frame_crossing+arena+ref_contact,4.749,5.448,14.621,6.714,1.238,5.88,1.35,3.0,0.0
train,203667,reject,frame_crossing+arena+ref_contact,5.113,6.008,14.656,10.218,1.365,6.981,2.177,3.0,0.0
train,203668,reject,frame_crossing+arena+ref_contact,4.741,6.065,14.7,8.637,1.378,6.536,1.849,2.0,0.0
train,203669,reject,frame_crossing+arena+ref_contact,4.676,5.595,14.738,10.004,1.272,5.946,1.474,1.0,0.0
train,203670,reject,frame_crossing+arena+ref_contact,4.419,5.121,14.634,6.905,1.164,5.144,1.148,1.0,0.0
train,203671,reject,arena,4.588,4.269,14.566,4.54,1.0,4.588,1.109,0.0,0.037
train,203672,reject,frame_crossing+arena+ref_contact,4.808,4.926,14.601,5.894,1.12,5.383,1.231,3.0,0.0
train,203673,reject,frame_crossing+arena+ref_contact,4.619,4.999,14.713,9.592,1.136,5.248,1.712,1.0,0.0
train,203674,pass,,4.065,5.189,14.659,9.542,1.179,4.794,1.172,0.0,0.047
train,203675,reject,frame_crossing+arena+ref_contact,4.772,5.698,14.55,9.02,1.295,6.181,2.322,2.0,0.0
train,203676,reject,frame_crossing+arena+ref_contact,4.672,5.517,14.646,8.198,1.254,5.859,1.433,2.0,0.0
train,203677,reject,frame_crossing+arena+ref_contact,4.912,4.949,14.537,8.617,1.125,5.525,1.072,4.0,0.0
train,203678,pass,,3.983,5.119,14.694,5.9,1.163,4.634,1.4,0.0,0.044
train,203679,reject,frame_crossing+arena+ref_contact,4.47,5.331,14.733,9.41,1.212,5.416,1.663,2.0,0.0
train,203680,reject,frame_crossing+arena+ref_contact,4.847,5.616,14.634,6.889,1.276,6.186,1.473,2.0,0.0
train,203681,reject,arena,3.989,4.286,14.694,5.167,1.0,3.989,1.026,0.0,0.05
train,203682,reject,frame_crossing+arena+ref_contact,3.899,5.066,14.649,5.821,1.151,4.489,1.204,1.0,0.0
train,203683,reject,arena+ref_contact,4.498,4.952,14.755,8.098,1.126,5.062,1.641,0.0,0.0
train,203684,reject,frame_crossing+arena+ref_contact,4.524,5.753,14.727,6.645,1.307,5.915,1.015,2.0,0.0
train,203685,reject,frame_crossing+arena+ref_contact,4.622,4.759,14.707,8.832,1.082,5.0,1.949,1.0,0.0
train,203686,reject,frame_crossing+arena+ref_contact,4.366,5.331,14.641,5.898,1.212,5.29,1.072,2.0,0.0
train,203687,reject,arena+frame_margin,5.108,4.99,14.697,7.377,1.134,5.794,1.756,0.0,0.007
train,203688,reject,arena,3.256,3.913,14.605,4.347,1.0,3.256,1.015,0.0,0.052
train,203689,reject,frame_crossing+arena+ref_contact,4.682,5.919,14.55,6.847,1.345,6.298,1.015,2.0,0.0
train,203690,reject,frame_crossing+arena+ref_contact,4.867,6.499,14.73,9.064,1.477,7.188,1.665,2.0,0.0
train,203691,reject,arena,3.978,4.962,14.507,9.632,1.128,4.487,1.4,0.0,0.037
train,203692,reject,frame_crossing+arena+ref_contact,3.877,4.666,14.745,8.99,1.06,4.111,1.228,2.0,0.0
train,203693,reject,frame_crossing+arena+ref_contact,4.394,6.123,14.639,5.812,1.392,6.115,1.795,1.0,0.0
train,203694,reject,arena,4.336,5.82,14.661,5.842,1.323,5.735,1.592,0.0,0.037
train,203695,reject,frame_crossing+arena+ref_contact,4.741,6.255,14.628,8.439,1.422,6.74,2.217,2.0,0.0
train,203696,reject,frame_crossing+arena+ref_contact,4.543,4.872,14.551,7.843,1.107,5.03,1.029,1.0,0.0
train,203697,reject,frame_crossing+arena+ref_contact,4.155,5.801,14.636,5.768,1.318,5.478,2.118,1.0,0.0
train,203698,reject,arena,4.584,5.496,14.757,8.799,1.249,5.726,1.271,0.0,0.046
train,203699,reject,frame_crossing+arena+ref_contact,4.53,5.135,14.732,9.212,1.167,5.286,1.031,2.0,0.0
train,203700,reject,frame_crossing+arena+ref_contact,4.832,4.442,14.593,7.489,1.009,4.878,1.047,1.0,0.0
train,203701,reject,arena+frame_margin,4.726,4.891,14.699,6.78,1.112,5.253,1.032,0.0,0.016
train,203702,reject,frame_crossing+arena+ref_contact,4.396,4.968,14.57,6.611,1.129,4.964,2.002,1.0,0.0
train,203703,reject,frame_crossing+arena+ref_contact,4.817,5.333,14.673,9.755,1.212,5.838,1.911,3.0,0.0
train,203704,reject,arena+ref_contact,4.211,4.703,14.424,7.53,1.069,4.501,1.47,0.0,0.0
train,203705,reject,frame_crossing+arena+ref_contact,4.351,4.541,14.659,6.948,1.032,4.49,1.564,1.0,0.0
train,203706,reject,frame_crossing+arena+ref_contact,4.738,4.942,14.758,7.632,1.123,5.321,1.582,1.0,0.0
train,203707,reject,frame_crossing+arena+ref_contact,5.078,4.899,14.552,7.153,1.113,5.654,1.477,1.0,0.0
train,203708,reject,frame_crossing+arena+ref_contact,4.652,5.954,14.637,9.145,1.353,6.294,1.553,2.0,0.0
train,203709,reject,frame_crossing+arena+ref_contact,4.759,4.807,14.628,7.686,1.093,5.199,1.058,2.0,0.0
train,203710,reject,frame_crossing+arena+ref_contact,4.692,5.88,14.711,8.699,1.336,6.27,2.259,1.0,0.0
train,203711,reject,arena,4.281,4.428,14.696,4.791,1.006,4.308,1.433,0.0,0.039
train,203712,reject,arena,4.573,6.565,14.743,8.485,1.492,6.824,1.026,0.0,0.037
train,203713,reject,frame_crossing+arena+ref_contact,4.593,4.325,14.738,6.363,1.0,4.593,1.189,1.0,0.0
train,203714,reject,frame_crossing+arena+ref_contact,4.582,4.364,14.543,9.755,1.0,4.582,1.663,2.0,0.0
train,203715,reject,frame_crossing+arena+ref_contact,4.287,5.116,14.75,9.26,1.163,4.985,1.545,1.0,0.0
train,203716,reject,frame_crossing+arena+ref_contact,4.965,4.792,14.52,9.028,1.089,5.407,1.436,1.0,0.0
train,203717,reject,frame_crossing+arena+ref_contact,4.521,5.221,14.654,8.533,1.187,5.365,1.031,1.0,0.0
train,203718,reject,frame_crossing+arena+ref_contact,4.022,4.581,14.652,6.261,1.041,4.187,1.245,1.0,0.0
train,203719,reject,arena+frame_margin,4.52,5.444,14.599,8.825,1.237,5.593,1.793,0.0,0.009
train,203720,reject,frame_crossing+ref_contact,4.682,5.753,14.699,6.435,1.307,6.122,1.95,2.0,0.0
train,203721,reject,frame_crossing+arena+ref_contact,4.589,6.081,14.751,7.214,1.382,6.342,1.836,2.0,0.0
train,203722,reject,arena+ref_contact,4.904,5.279,14.747,8.29,1.2,5.883,2.108,0.0,0.0
train,203723,reject,arena,4.004,4.123,14.659,7.444,1.0,4.004,1.323,0.0,0.04
train,203724,reject,frame_crossing+arena+ref_contact,4.331,5.616,14.699,7.786,1.276,5.529,1.963,1.0,0.0
train,203725,reject,frame_crossing+arena+ref_contact,4.552,5.013,14.63,7.795,1.139,5.186,1.403,1.0,0.0
train,203726,reject,frame_crossing+frame_margin,4.308,4.761,14.518,8.133,1.082,4.661,1.073,1.0,0.018
train,203727,reject,frame_crossing+arena+ref_contact,4.764,5.778,14.756,9.886,1.313,6.256,1.906,3.0,0.0
train,203728,reject,frame_crossing+arena+ref_contact,4.089,5.081,14.587,5.742,1.155,4.722,1.473,1.0,0.0
train,203729,reject,frame_crossing+arena+ref_contact,3.956,3.784,14.676,6.917,1.0,3.956,1.398,1.0,0.0
train,203730,reject,arena,4.693,6.343,14.745,5.826,1.442,6.765,1.654,0.0,0.036
train,203731,reject,frame_crossing+arena+ref_contact,4.494,3.661,14.574,6.771,1.0,4.494,1.266,1.0,0.0
train,203732,reject,frame_crossing+arena+ref_contact,4.376,4.435,14.657,7.293,1.008,4.411,1.109,1.0,0.0
train,203733,reject,frame_crossing+arena+ref_contact,4.669,5.459,14.646,6.841,1.241,5.793,1.043,3.0,0.0
train,203734,reject,frame_crossing+arena+ref_contact,4.173,5.723,14.714,8.572,1.301,5.428,1.72,1.0,0.0
train,203735,reject,frame_crossing+arena+ref_contact,4.659,5.312,14.661,8.14,1.207,5.626,1.072,2.0,0.0
train,203736,reject,frame_crossing+arena+ref_contact,4.243,4.458,14.759,7.835,1.013,4.299,1.434,2.0,0.0
train,203737,reject,frame_crossing+arena+ref_contact,4.925,5.628,14.67,8.94,1.279,6.299,1.488,2.0,0.0
train,203738,reject,frame_crossing+arena+ref_contact,4.835,4.928,14.468,7.478,1.12,5.416,1.564,1.0,0.0
train,203739,reject,frame_crossing+arena+ref_contact,4.388,3.957,14.574,7.326,1.0,4.388,1.032,1.0,0.0
train,203740,reject,frame_crossing+arena+ref_contact,4.476,5.046,14.629,7.255,1.147,5.133,1.66,2.0,0.0
train,203741,reject,frame_crossing+arena+ref_contact,4.736,6.211,14.672,8.193,1.412,6.685,2.008,2.0,0.0
train,203742,reject,frame_crossing+ref_contact,5.024,3.555,14.625,5.898,1.0,5.024,1.249,2.0,0.0
train,203743,reject,frame_crossing+arena+ref_contact,4.621,5.662,14.722,10.255,1.287,5.947,1.301,3.0,0.0
train,203744,reject,frame_crossing+arena+ref_contact,4.623,5.133,14.719,6.685,1.166,5.392,1.043,1.0,0.0
train,203745,reject,frame_crossing+arena+ref_contact,4.312,4.94,14.696,7.126,1.123,4.842,1.158,2.0,0.0
train,203746,reject,frame_crossing+arena+ref_contact,4.935,5.679,14.743,8.152,1.291,6.369,1.072,2.0,0.0
train,203747,reject,frame_crossing+arena+frame_margin,4.315,5.791,14.534,10.204,1.316,5.678,1.372,1.0,0.023
train,203748,reject,frame_crossing+arena+ref_contact,4.713,4.709,14.7,10.304,1.07,5.044,2.086,3.0,0.0
train,203749,reject,frame_crossing+arena+ref_contact,4.584,5.515,14.672,9.871,1.253,5.745,1.032,3.0,0.0
train,203750,reject,frame_crossing+arena+ref_contact,4.322,4.398,14.547,7.655,1.0,4.322,1.654,1.0,0.0
train,203751,reject,frame_crossing+ref_contact,4.541,5.852,14.745,6.803,1.33,6.039,1.37,2.0,0.0
train,203752,reject,frame_crossing+arena+ref_contact,4.534,5.818,14.732,6.239,1.322,5.995,1.103,2.0,0.0
train,203753,reject,frame_crossing+arena+frame_margin,4.443,4.752,14.755,8.5,1.08,4.798,1.097,1.0,0.01
train,203754,reject,frame_crossing+arena+ref_contact,4.622,4.555,14.525,8.221,1.035,4.785,1.543,1.0,0.0
train,203755,reject,frame_crossing+arena+ref_contact,4.502,5.18,14.579,8.17,1.177,5.3,1.118,1.0,0.0
train,203756,reject,frame_crossing+arena+ref_contact,4.229,5.499,14.792,7.467,1.25,5.285,2.125,2.0,0.0
train,203757,reject,frame_crossing+arena+ref_contact,4.299,5.834,14.725,7.104,1.326,5.701,2.259,2.0,0.0
train,203758,reject,arena+ref_contact,4.178,6.44,14.652,5.98,1.464,6.114,1.758,0.0,0.0
train,203759,reject,frame_crossing+arena+ref_contact,4.775,6.366,14.728,7.211,1.447,6.909,1.118,2.0,0.0
train,203760,reject,frame_crossing+arena+ref_contact,5.306,4.795,14.617,7.988,1.09,5.782,1.077,2.0,0.0
train,203761,reject,frame_crossing+arena+ref_contact,4.923,5.78,14.729,8.965,1.314,6.467,2.482,3.0,0.0
train,203762,reject,arena,4.08,4.821,14.677,6.078,1.096,4.471,1.231,0.0,0.037
train,203763,reject,arena,4.161,5.059,14.629,5.858,1.15,4.784,1.128,0.0,0.04
train,203764,reject,frame_crossing+arena+ref_contact,4.609,6.4,14.646,7.391,1.455,6.704,1.311,2.0,0.0
train,203765,pass,,3.946,4.094,14.716,7.282,1.0,3.946,1.031,0.0,0.034
train,203766,reject,frame_crossing+arena+ref_contact,4.8,6.116,14.603,8.548,1.39,6.672,1.148,5.0,0.0
train,203767,reject,frame_crossing+ref_contact,4.298,6.059,14.758,6.805,1.377,5.919,2.266,1.0,0.0
train,203768,reject,frame_crossing+arena+ref_contact,4.37,5.79,14.769,6.978,1.316,5.751,1.873,2.0,0.0
train,203769,reject,frame_crossing+arena+ref_contact,4.804,4.928,14.71,7.275,1.12,5.38,1.015,1.0,0.0
train,203770,reject,frame_crossing+arena+ref_contact,4.416,5.039,14.755,6.837,1.145,5.058,1.396,2.0,0.0
train,203771,reject,frame_crossing+arena+ref_contact,4.476,5.913,14.639,5.812,1.344,6.015,1.654,1.0,0.0
train,203772,reject,arena,4.62,5.501,14.684,6.133,1.25,5.776,1.595,0.0,0.047
train,203773,reject,frame_crossing+arena+ref_contact,4.652,6.013,14.725,9.263,1.367,6.359,1.807,3.0,0.0
train,203774,reject,arena+ref_contact,4.07,4.327,14.686,7.12,1.0,4.07,1.952,0.0,0.0
train,203775,reject,frame_crossing+arena+ref_contact,5.166,5.738,14.714,10.261,1.304,6.737,2.351,1.0,0.0
train,203776,reject,frame_crossing+arena+ref_contact,4.05,5.796,14.685,6.531,1.317,5.335,1.723,1.0,0.0
train,203777,reject,frame_crossing+arena+ref_contact,4.429,4.302,14.703,6.786,1.0,4.429,1.984,1.0,0.0
train,203778,reject,frame_crossing+arena+ref_contact,5.006,5.445,14.546,7.746,1.237,6.194,1.758,4.0,0.0
train,203779,reject,frame_crossing+arena+ref_contact,4.735,5.433,14.682,8.599,1.235,5.846,1.323,1.0,0.0
train,203780,reject,frame_crossing+arena+ref_contact,4.706,4.905,14.737,8.344,1.115,5.247,1.032,3.0,0.0
train,203781,reject,frame_crossing+arena+ref_contact,4.862,5.341,14.699,8.372,1.214,5.902,1.641,1.0,0.0
train,203782,reject,frame_crossing+arena+ref_contact,4.62,6.239,14.768,8.772,1.418,6.55,1.766,3.0,0.0
train,203783,reject,frame_crossing+arena+ref_contact,4.272,5.057,14.704,5.904,1.149,4.91,1.176,2.0,0.0
train,203784,reject,frame_crossing+arena+ref_contact,4.685,5.073,14.611,7.9,1.153,5.401,1.644,1.0,0.0
train,203785,reject,arena,4.381,6.264,14.753,5.906,1.424,6.237,1.172,0.0,0.036
train,203786,reject,frame_crossing+arena+ref_contact,4.202,5.445,14.661,6.841,1.237,5.2,1.181,1.0,0.0
train,203787,reject,frame_crossing+arena+ref_contact,4.527,4.891,14.688,7.125,1.112,5.032,1.058,3.0,0.0
train,203788,reject,arena,4.693,5.203,14.754,8.644,1.182,5.549,1.107,0.0,0.037
train,203789,reject,frame_crossing+arena+ref_contact,4.21,4.904,14.677,6.863,1.115,4.693,1.684,1.0,0.0
train,203790,reject,arena,4.287,4.787,14.772,6.738,1.088,4.664,1.231,0.0,0.036
train,203791,reject,frame_crossing+ref_contact,4.442,4.727,14.747,10.164,1.074,4.773,1.189,1.0,0.0
train,203792,reject,frame_crossing+arena+ref_contact,4.614,5.735,14.483,6.322,1.303,6.014,1.311,1.0,0.0
train,203793,reject,arena,3.804,4.916,14.554,4.743,1.117,4.25,1.063,0.0,0.039
train,203794,reject,arena,4.313,4.465,14.642,6.483,1.015,4.377,1.772,0.0,0.046
train,203795,reject,frame_crossing+ref_contact,4.616,4.77,14.593,7.248,1.084,5.004,1.181,2.0,0.0
train,203796,reject,frame_crossing+arena+ref_contact,4.871,5.547,14.76,6.926,1.261,6.141,1.271,3.0,0.0
train,203797,reject,frame_crossing+arena+ref_contact,4.312,6.156,14.674,6.842,1.399,6.033,1.323,2.0,0.0
train,203798,reject,frame_crossing+arena+ref_contact,4.347,5.192,14.692,9.543,1.18,5.129,1.035,3.0,0.0
train,203799,reject,frame_crossing+arena+ref_contact,4.961,5.997,14.764,8.555,1.363,6.762,1.072,2.0,0.0
train,203800,reject,frame_crossing+arena+ref_contact,4.821,5.145,14.735,7.604,1.169,5.637,1.505,2.0,0.0
train,203801,reject,arena+ref_contact,4.582,5.589,14.597,6.115,1.27,5.819,1.015,0.0,0.0
train,203802,reject,frame_crossing+arena+ref_contact,5.4,5.894,14.647,8.67,1.339,7.233,1.172,4.0,0.0
train,203803,reject,frame_crossing+arena+ref_contact,4.307,5.034,14.731,10.932,1.144,4.928,2.029,2.0,0.0
train,203804,reject,frame_crossing+arena+ref_contact,4.52,5.199,14.711,9.891,1.182,5.341,1.56,2.0,0.0
train,203805,reject,frame_crossing+arena+ref_contact,4.792,4.847,14.565,7.112,1.102,5.278,1.181,1.0,0.0
train,203806,reject,frame_crossing+arena+ref_contact,4.983,6.373,14.65,8.343,1.448,7.217,1.969,2.0,0.0
train,203807,reject,arena,3.898,5.911,14.673,6.121,1.343,5.237,1.641,0.0,0.037
train,203808,reject,frame_crossing+arena+ref_contact,4.338,6.443,14.77,7.006,1.464,6.352,1.118,1.0,0.0
train,203809,reject,arena,4.566,5.805,14.628,8.487,1.319,6.023,1.873,0.0,0.037
train,203810,reject,frame_crossing+arena+ref_contact,4.685,4.158,14.548,7.069,1.0,4.685,1.047,3.0,0.0
train,203811,reject,frame_crossing+arena+ref_contact,4.79,5.232,14.617,7.248,1.189,5.696,1.335,2.0,0.0
train,203812,reject,frame_crossing+ref_contact,4.268,5.093,14.714,9.553,1.157,4.939,1.266,2.0,0.0
train,203813,reject,frame_crossing+arena+ref_contact,4.604,4.008,14.546,7.157,1.0,4.604,1.235,1.0,0.0
train,203814,reject,frame_crossing+arena+ref_contact,3.956,4.787,14.605,7.033,1.088,4.303,1.133,1.0,0.0
train,203815,reject,frame_crossing+arena+ref_contact,4.917,6.256,14.711,8.619,1.422,6.991,1.44,2.0,0.0
train,203816,reject,frame_crossing+arena+ref_contact,4.47,4.833,14.745,10.859,1.098,4.909,1.047,1.0,0.0
train,203817,reject,frame_crossing+ref_contact,4.067,5.156,14.726,5.747,1.172,4.766,1.569,1.0,0.0
train,203818,reject,frame_crossing+arena+ref_contact,4.788,5.448,14.557,6.587,1.238,5.929,1.158,2.0,0.0
train,203819,reject,frame_crossing+arena+ref_contact,5.052,5.26,14.662,7.268,1.195,6.04,1.228,1.0,0.0
train,203820,reject,frame_crossing+arena+ref_contact,4.674,4.608,14.738,9.187,1.047,4.895,1.245,3.0,0.0
train,203821,reject,frame_crossing+ref_contact,4.978,5.586,14.679,6.866,1.269,6.319,1.403,2.0,0.0
train,203822,reject,frame_crossing+arena+ref_contact,4.813,5.855,14.72,8.658,1.331,6.404,1.337,1.0,0.0
train,203823,reject,arena,3.906,5.601,14.629,6.313,1.273,4.972,1.697,0.0,0.037
train,203824,reject,arena,4.273,4.96,14.67,5.75,1.127,4.817,1.434,0.0,0.036
train,203825,reject,frame_crossing+arena+ref_contact,4.626,5.753,14.69,8.099,1.308,6.048,1.274,1.0,0.0
train,203826,reject,frame_crossing+arena+ref_contact,4.666,5.646,14.689,7.194,1.283,5.987,1.118,1.0,0.0
train,203827,reject,frame_crossing+arena+ref_contact,4.553,5.39,14.68,6.588,1.225,5.577,1.47,2.0,0.0
train,203828,reject,frame_crossing+arena+ref_contact,4.692,6.022,14.681,10.058,1.369,6.421,1.744,3.0,0.0
train,203829,reject,frame_crossing+arena+ref_contact,4.494,6.602,14.564,7.007,1.501,6.744,1.032,1.0,0.0
train,203830,reject,arena,4.012,3.918,14.616,3.999,1.0,4.012,1.35,0.0,0.036
train,203831,reject,arena,4.426,4.657,14.717,8.102,1.058,4.684,1.072,0.0,0.037
train,203832,reject,frame_crossing+arena+ref_contact,4.086,5.769,14.729,8.232,1.311,5.358,1.529,2.0,0.0
train,203833,reject,frame_crossing+arena+ref_contact,5.531,6.458,14.626,7.603,1.468,8.117,2.075,2.0,0.0
train,203834,reject,frame_crossing+arena+ref_contact,4.592,6.806,14.662,5.699,1.547,7.102,1.547,2.0,0.0
train,203835,reject,frame_crossing+arena+ref_contact,4.236,4.488,14.679,8.201,1.02,4.32,1.592,1.0,0.0
train,203836,reject,frame_crossing+arena+ref_contact,4.796,5.508,14.692,8.571,1.252,6.004,2.195,1.0,0.0
train,203837,reject,frame_crossing+arena+ref_contact,5.029,5.593,14.569,7.333,1.271,6.393,1.723,2.0,0.0
train,203838,reject,frame_crossing+arena+ref_contact,4.848,5.921,14.713,8.832,1.346,6.524,1.854,3.0,0.0
train,203839,reject,frame_crossing+arena+ref_contact,4.615,6.027,14.668,9.264,1.37,6.322,2.368,2.0,0.0
train,203840,reject,arena,4.143,5.106,14.666,8.201,1.16,4.807,1.384,0.0,0.048
train,203841,reject,frame_crossing+arena+ref_contact,4.846,5.108,14.728,9.538,1.161,5.625,1.451,1.0,0.0
train,203842,reject,frame_crossing+arena+ref_contact,4.511,5.405,14.723,10.25,1.229,5.542,1.699,2.0,0.0
train,203843,reject,frame_crossing+arena+ref_contact,4.324,5.056,14.627,10.168,1.149,4.969,2.213,2.0,0.0
train,203844,reject,frame_crossing+arena+ref_contact,4.776,5.231,14.722,10.325,1.189,5.678,1.972,1.0,0.0
train,203845,reject,frame_crossing+arena+ref_contact,4.243,4.205,14.699,6.546,1.0,4.243,1.398,1.0,0.0
train,203846,reject,frame_crossing+arena+ref_contact,5.242,5.351,14.562,7.403,1.216,6.375,1.032,2.0,0.0
train,203847,reject,frame_crossing+arena+ref_contact,4.652,4.985,14.703,7.325,1.133,5.271,2.002,1.0,0.0
train,203848,reject,frame_crossing+arena+ref_contact,4.757,5.897,14.532,6.626,1.34,6.377,1.204,1.0,0.0
train,203849,reject,frame_crossing+arena+ref_contact,4.46,5.032,14.618,9.814,1.144,5.101,1.419,3.0,0.0
train,203850,reject,frame_crossing+arena+ref_contact,4.716,6.036,14.722,8.141,1.372,6.47,2.086,1.0,0.0
train,203851,reject,frame_crossing+arena+ref_contact,4.723,6.104,14.709,6.284,1.387,6.552,1.249,1.0,0.0
train,203852,reject,frame_crossing+arena+ref_contact,4.456,6.351,14.638,7.362,1.444,6.432,1.327,1.0,0.0
train,203853,reject,frame_crossing+arena+ref_contact,4.699,5.234,14.751,8.286,1.189,5.589,2.062,1.0,0.0
train,203854,reject,arena,4.237,6.111,14.759,6.994,1.389,5.884,1.477,0.0,0.058
train,203855,reject,frame_crossing+arena+ref_contact,4.463,4.835,14.672,8.699,1.099,4.904,1.433,1.0,0.0
train,203856,reject,frame_crossing+arena+ref_contact,5.024,5.659,14.709,9.692,1.286,6.461,1.148,2.0,0.0
train,203857,reject,frame_crossing+arena+ref_contact,4.677,5.335,14.727,8.896,1.213,5.671,1.031,2.0,0.0
train,203858,reject,frame_crossing+arena+ref_contact,4.676,6.027,14.538,7.038,1.37,6.405,1.053,3.0,0.0
train,203859,reject,arena,4.089,5.519,14.723,6.349,1.254,5.13,1.596,0.0,0.058
train,203860,reject,frame_crossing+arena+ref_contact,4.883,4.37,14.624,7.255,1.0,4.883,1.245,2.0,0.0
train,203861,reject,frame_crossing+arena+ref_contact,4.604,6.265,14.802,5.789,1.424,6.556,1.073,1.0,0.0
train,203862,reject,frame_crossing+arena+ref_contact,4.646,3.836,14.707,6.055,1.0,4.646,1.128,2.0,0.0
train,203863,reject,frame_crossing+arena+ref_contact,5.013,5.999,14.691,6.961,1.363,6.835,1.204,3.0,0.0
train,203864,reject,frame_crossing+arena+ref_contact,4.323,5.319,14.641,8.424,1.209,5.226,1.043,2.0,0.0
train,203865,reject,frame_crossing+arena+ref_contact,5.01,5.787,14.742,8.832,1.315,6.589,1.148,1.0,0.0
train,203866,reject,frame_crossing+arena+ref_contact,4.346,5.045,14.684,6.221,1.147,4.984,1.063,1.0,0.0
train,203867,reject,arena,4.835,5.807,14.722,7.632,1.32,6.382,1.097,0.0,0.037
train,203868,reject,frame_crossing+arena+ref_contact,4.633,6.001,14.637,6.573,1.364,6.319,1.109,3.0,0.0
train,203869,reject,frame_crossing+arena+ref_contact,4.225,4.773,14.677,8.023,1.085,4.583,1.109,2.0,0.0
train,203870,reject,frame_crossing+arena+ref_contact,4.746,5.527,14.707,7.3,1.256,5.962,1.073,1.0,0.0
train,203871,reject,arena+frame_margin,3.964,4.807,14.719,5.169,1.092,4.331,1.301,0.0,0.001
train,203872,reject,frame_crossing+arena+ref_contact,4.378,4.237,14.581,7.915,1.0,4.378,1.029,2.0,0.0
train,203873,reject,frame_crossing+ref_contact,4.401,5.628,14.717,6.306,1.279,5.629,1.553,1.0,0.0
train,203874,reject,frame_crossing+arena+ref_contact,4.93,5.439,14.685,7.226,1.236,6.094,1.047,2.0,0.0
train,203875,reject,frame_crossing+arena+ref_contact,4.428,5.157,14.756,7.363,1.172,5.191,1.543,2.0,0.0
train,203876,reject,frame_crossing+ref_contact,4.503,5.612,14.682,6.214,1.275,5.743,1.301,2.0,0.0
train,203877,reject,arena+ref_contact,4.087,3.872,14.514,8.595,1.0,4.087,1.3,0.0,0.0
train,203878,reject,frame_crossing+arena+ref_contact,4.82,5.678,14.681,7.412,1.291,6.221,1.109,3.0,0.0
train,203879,reject,frame_crossing+arena+ref_contact,4.981,6.392,14.741,8.562,1.453,7.236,2.118,3.0,0.0
train,203880,reject,frame_crossing+arena+ref_contact,4.963,6.149,14.704,8.75,1.398,6.936,1.639,2.0,0.0
train,203881,reject,frame_crossing+arena+ref_contact,4.876,5.52,14.59,8.0,1.255,6.118,1.477,2.0,0.0
train,203882,reject,frame_crossing+arena+ref_contact,4.052,4.121,14.767,5.747,1.0,4.052,1.328,2.0,0.0
train,203883,reject,arena,4.723,5.747,14.741,6.025,1.306,6.169,1.181,0.0,0.036
train,203884,reject,arena,4.794,5.563,14.754,8.342,1.264,6.061,1.231,0.0,0.032
train,203885,reject,frame_crossing+arena+ref_contact,4.809,5.698,14.742,8.346,1.295,6.228,1.733,2.0,0.0
train,203886,reject,arena,4.382,4.814,14.695,6.268,1.094,4.795,1.228,0.0,0.041
train,203887,reject,frame_crossing+arena+ref_contact,4.993,6.278,14.706,8.648,1.427,7.124,1.641,2.0,0.0
train,203888,reject,frame_crossing+arena+ref_contact,4.523,4.682,14.752,8.862,1.064,4.813,1.219,1.0,0.0
train,203889,reject,frame_crossing+ref_contact,4.301,4.431,14.71,4.918,1.007,4.331,1.043,2.0,0.0
train,203890,reject,frame_crossing+arena+ref_contact,4.665,6.286,14.753,8.26,1.429,6.665,1.894,1.0,0.0
train,203891,reject,arena+ref_contact,4.411,6.208,14.666,5.774,1.411,6.224,1.274,0.0,0.0
train,203892,reject,frame_crossing+arena+ref_contact,4.53,5.036,14.731,6.832,1.145,5.185,1.189,1.0,0.0
train,203893,reject,frame_crossing+arena+ref_contact,4.632,6.625,14.735,6.053,1.506,6.975,1.031,1.0,0.0
train,203894,reject,arena,4.32,4.468,14.678,7.285,1.015,4.386,1.794,0.0,0.037
train,203895,reject,frame_crossing+arena+ref_contact,4.772,4.828,14.575,9.747,1.097,5.236,1.807,2.0,0.0
train,203896,reject,frame_crossing+arena+ref_contact,4.517,4.955,14.629,7.559,1.126,5.087,1.609,1.0,0.0
train,203897,reject,frame_crossing+arena+ref_contact,4.654,5.419,14.649,7.809,1.232,5.732,1.754,3.0,0.0
train,203898,reject,frame_crossing+arena+ref_contact,4.503,4.867,14.569,7.058,1.106,4.981,1.077,2.0,0.0
train,203899,reject,frame_crossing+ref_contact,4.402,4.222,14.708,7.708,1.0,4.402,1.053,1.0,0.0
train,203900,reject,frame_crossing+ref_contact,4.754,5.894,14.621,7.863,1.34,6.369,1.756,2.0,0.0
train,203901,reject,frame_crossing+ref_contact,4.184,6.338,14.765,5.964,1.441,6.028,1.031,1.0,0.0
train,203902,reject,frame_crossing+arena+ref_contact,4.723,6.122,14.715,6.708,1.391,6.571,1.617,2.0,0.0
train,203903,reject,frame_crossing+arena+ref_contact,4.318,5.296,14.723,7.434,1.204,5.198,1.644,1.0,0.0
train,203904,reject,arena,4.537,6.279,14.732,5.765,1.427,6.474,1.153,0.0,0.041
train,203905,reject,frame_crossing+arena+ref_contact,4.443,4.263,14.619,5.175,1.0,4.443,1.626,2.0,0.0
train,203906,reject,frame_crossing+ref_contact,4.596,3.856,14.518,7.465,1.0,4.596,1.035,2.0,0.0
train,203907,reject,frame_crossing+arena+ref_contact,3.832,4.263,14.732,5.284,1.0,3.832,1.072,1.0,0.0
train,203908,reject,frame_crossing+arena+ref_contact,4.904,5.646,14.726,8.53,1.283,6.292,2.36,2.0,0.0
train,203909,reject,frame_crossing+arena+ref_contact,5.092,6.177,14.541,7.519,1.404,7.149,1.311,2.0,0.0
train,203910,reject,frame_crossing+arena+ref_contact,4.308,4.996,14.645,7.711,1.135,4.891,1.128,2.0,0.0
train,203911,reject,arena,3.915,4.104,14.685,6.638,1.0,3.915,1.13,0.0,0.036
train,203912,reject,frame_crossing+arena+ref_contact,4.811,5.808,14.622,5.686,1.32,6.35,1.274,1.0,0.0
train,203913,reject,frame_crossing+arena+ref_contact,4.265,4.901,14.721,7.932,1.114,4.75,1.37,1.0,0.0
train,203914,reject,frame_crossing+ref_contact,5.199,5.771,14.614,9.262,1.312,6.819,1.974,2.0,0.0
train,203915,reject,arena,4.182,4.523,14.719,6.107,1.028,4.299,1.172,0.0,0.037
train,203916,reject,frame_crossing+arena+ref_contact,4.771,6.037,14.68,6.842,1.372,6.546,1.854,2.0,0.0
train,203917,reject,arena,4.495,4.627,14.542,5.901,1.052,4.728,1.043,0.0,0.037
train,203918,reject,frame_crossing+arena+ref_contact,4.377,4.781,14.754,7.628,1.086,4.755,1.072,1.0,0.0
train,203919,reject,frame_crossing+arena+ref_contact,4.676,4.938,14.746,6.755,1.122,5.248,1.043,2.0,0.0
train,203920,reject,frame_crossing+arena+ref_contact,4.628,4.254,14.752,7.641,1.0,4.628,1.328,2.0,0.0
train,203921,reject,arena,3.862,4.466,14.694,7.807,1.015,3.92,2.125,0.0,0.039
train,203922,reject,arena+frame_margin,4.492,6.095,14.703,7.484,1.385,6.223,1.35,0.0,0.007
train,203923,reject,arena,4.85,5.483,14.636,7.736,1.246,6.044,1.941,0.0,0.038
train,203924,reject,frame_crossing+arena+ref_contact,4.525,5.425,14.705,5.743,1.233,5.579,1.029,2.0,0.0
train,203925,reject,arena,3.94,4.362,14.542,6.934,1.0,3.94,1.936,0.0,0.059
train,203926,reject,frame_crossing+arena+ref_contact,4.728,5.487,14.73,10.428,1.247,5.896,1.816,1.0,0.0
train,203927,reject,frame_crossing+arena+ref_contact,4.782,5.724,14.688,10.665,1.301,6.221,1.911,3.0,0.0
train,203928,reject,frame_crossing+arena+ref_contact,4.4,4.133,14.44,7.11,1.0,4.4,1.873,1.0,0.0
train,203929,reject,frame_crossing+arena+ref_contact,4.222,4.971,14.7,5.851,1.13,4.77,1.029,3.0,0.0
train,203930,reject,frame_crossing+ref_contact,4.538,5.686,14.686,6.663,1.292,5.864,1.293,2.0,0.0
train,203931,reject,arena,4.148,5.109,14.726,7.946,1.161,4.817,1.053,0.0,0.041
train,203932,reject,frame_crossing+arena+ref_contact,4.816,6.0,14.713,6.829,1.364,6.567,1.103,1.0,0.0
train,203933,reject,arena,4.846,5.503,14.652,8.581,1.251,6.061,2.067,0.0,0.039
train,203934,reject,frame_crossing+arena+ref_contact,4.797,5.815,14.761,9.21,1.322,6.339,1.994,4.0,0.0
train,203935,reject,frame_crossing+ref_contact,5.219,6.09,14.74,7.047,1.384,7.223,1.029,2.0,0.0
train,203936,reject,frame_crossing+arena+ref_contact,4.682,6.369,14.749,8.174,1.447,6.777,1.103,3.0,0.0
train,203937,reject,frame_crossing+arena+ref_contact,4.835,5.901,14.529,7.744,1.341,6.484,1.35,2.0,0.0
train,203938,reject,frame_crossing+frame_margin,4.017,5.986,14.659,6.349,1.36,5.465,1.665,1.0,0.004
train,203939,reject,frame_crossing+arena+ref_contact,4.62,5.726,14.73,8.852,1.301,6.012,1.408,1.0,0.0
train,203940,reject,frame_crossing+arena+ref_contact,4.231,3.59,14.739,5.054,1.0,4.231,1.073,1.0,0.0
train,203941,reject,frame_crossing+arena+ref_contact,4.544,5.39,14.689,6.567,1.225,5.567,1.477,1.0,0.0
train,203942,reject,arena+ref_contact,4.044,4.003,14.663,5.28,1.0,4.044,1.063,0.0,0.0
train,203943,reject,frame_crossing+arena+ref_contact,4.265,4.902,14.756,5.783,1.114,4.752,1.577,2.0,0.0
train,203944,reject,frame_crossing+arena+ref_contact,5.05,5.782,14.757,8.644,1.314,6.636,1.029,3.0,0.0
train,203945,reject,frame_crossing+arena+ref_contact,4.614,5.662,14.672,5.871,1.287,5.937,1.744,2.0,0.0
train,203946,reject,frame_crossing+arena+ref_contact,5.023,6.276,14.73,5.605,1.426,7.164,1.153,4.0,0.0
train,203947,reject,frame_crossing+arena+ref_contact,4.485,4.84,14.709,7.912,1.1,4.933,1.545,1.0,0.0
train,203948,reject,frame_crossing+arena+ref_contact,4.612,5.302,14.708,6.582,1.205,5.558,1.894,3.0,0.0
train,203949,reject,frame_crossing+arena+ref_contact,4.703,5.344,14.742,8.308,1.215,5.711,1.249,2.0,0.0
train,203950,reject,frame_crossing+arena+ref_contact,5.266,5.819,14.625,8.221,1.322,6.963,1.687,2.0,0.0
train,203951,reject,frame_crossing+arena+ref_contact,5.04,5.692,14.721,8.074,1.294,6.52,2.298,2.0,0.0
train,203952,reject,frame_crossing+arena+ref_contact,4.601,5.757,14.648,7.736,1.308,6.019,2.266,2.0,0.0
train,203953,reject,frame_crossing+arena+ref_contact,4.276,4.25,14.614,6.451,1.0,4.276,1.043,2.0,0.0
train,203954,reject,frame_crossing+arena+ref_contact,4.524,5.153,14.728,8.541,1.171,5.298,1.335,2.0,0.0
train,203955,reject,arena,4.958,6.094,14.696,7.214,1.385,6.867,2.054,0.0,0.038
train,203956,reject,frame_crossing+arena+ref_contact,4.976,5.842,14.718,9.213,1.328,6.607,1.228,2.0,0.0
train,203957,reject,arena+frame_margin,4.839,5.271,14.604,8.795,1.198,5.798,2.232,0.0,0.014
train,203958,reject,frame_crossing+ref_contact,3.821,4.148,14.767,9.436,1.0,3.821,1.029,1.0,0.0
train,203959,reject,frame_crossing+arena+ref_contact,4.3,5.734,14.703,8.404,1.303,5.604,1.148,2.0,0.0
train,203960,reject,frame_crossing+arena+ref_contact,4.155,4.996,14.677,8.658,1.135,4.717,1.644,1.0,0.0
train,203961,reject,frame_crossing+arena+ref_contact,4.738,6.198,14.706,9.111,1.409,6.674,1.772,3.0,0.0
train,203962,reject,frame_crossing+arena+ref_contact,4.561,6.57,14.779,5.917,1.493,6.811,1.153,1.0,0.0
train,203963,reject,arena,4.929,5.94,14.698,6.709,1.35,6.654,1.047,0.0,0.036
train,203964,reject,frame_crossing+ref_contact,4.738,5.442,14.693,8.436,1.237,5.86,1.073,2.0,0.0
train,203965,reject,frame_crossing+arena+ref_contact,4.478,6.163,14.7,7.044,1.401,6.273,1.228,2.0,0.0
train,203966,reject,arena+frame_margin,4.353,5.427,14.48,8.439,1.233,5.369,1.694,0.0,0.023
train,203967,reject,frame_crossing+arena+ref_contact,4.678,4.678,14.697,6.969,1.063,4.973,1.109,2.0,0.0
train,203968,reject,frame_crossing+arena+ref_contact,5.007,5.528,14.749,8.953,1.256,6.291,1.043,1.0,0.0
train,203969,reject,frame_crossing+arena+ref_contact,5.372,5.447,14.633,7.237,1.238,6.65,1.597,3.0,0.0
train,203970,reject,frame_crossing+arena+ref_contact,4.759,4.351,14.664,7.092,1.0,4.759,1.077,2.0,0.0
train,203971,reject,frame_crossing+arena+ref_contact,4.639,6.483,14.624,8.453,1.473,6.835,1.158,3.0,0.0
train,203972,reject,frame_crossing+arena+ref_contact,4.563,5.171,14.705,9.969,1.175,5.363,1.266,2.0,0.0
train,203973,reject,frame_crossing+arena+ref_contact,4.242,4.592,14.572,8.522,1.044,4.427,1.148,2.0,0.0
train,203974,reject,frame_crossing+arena+ref_contact,4.431,5.854,14.638,8.634,1.33,5.895,1.363,1.0,0.0
train,203975,reject,frame_crossing+ref_contact,4.495,5.55,14.6,6.207,1.261,5.67,1.029,2.0,0.0
train,203976,reject,frame_crossing+ref_contact,4.66,4.844,14.742,6.83,1.101,5.131,1.153,1.0,0.0
train,203977,reject,frame_crossing+arena+ref_contact,4.69,5.887,14.699,8.687,1.338,6.274,1.794,1.0,0.0
train,203978,reject,frame_crossing+arena+ref_contact,4.797,4.924,14.753,8.391,1.119,5.368,1.073,2.0,0.0
train,203979,reject,frame_crossing+arena+ref_contact,3.981,4.712,14.68,6.981,1.071,4.263,1.107,1.0,0.0
train,203980,reject,frame_crossing+arena+ref_contact,4.247,4.464,14.772,5.195,1.014,4.309,1.372,1.0,0.0
train,203981,reject,arena+frame_margin,4.539,4.753,14.67,7.956,1.08,4.902,1.337,0.0,0.026
train,203982,reject,frame_crossing+arena+ref_contact,4.545,4.898,14.7,7.83,1.113,5.06,1.301,1.0,0.0
train,203983,reject,frame_crossing+arena+ref_contact,4.622,6.43,14.648,7.207,1.461,6.755,1.451,2.0,0.0
train,203984,reject,frame_crossing+ref_contact,5.101,5.693,14.627,6.846,1.294,6.601,1.453,2.0,0.0
train,203985,reject,frame_crossing+arena+ref_contact,4.44,4.617,14.724,7.947,1.049,4.658,1.69,2.0,0.0
train,203986,reject,frame_crossing+ref_contact,4.482,4.782,14.646,8.389,1.087,4.871,1.271,3.0,0.0
train,203987,reject,frame_crossing+arena+ref_contact,4.402,5.319,14.598,6.655,1.209,5.321,1.529,1.0,0.0
train,203988,reject,arena+ref_contact,4.529,6.185,14.604,6.263,1.406,6.366,1.974,0.0,0.0
train,203989,reject,frame_crossing+arena+ref_contact,4.622,4.703,14.709,8.802,1.069,4.94,1.176,1.0,0.0
train,203990,reject,arena,4.327,5.0,14.683,7.699,1.136,4.918,1.072,0.0,0.036
train,203991,pass,,4.317,4.501,14.69,5.362,1.023,4.416,1.5,0.0,0.038
train,203992,reject,frame_crossing+arena+ref_contact,4.493,4.847,14.694,8.135,1.102,4.95,1.13,1.0,0.0
train,203993,reject,arena,4.084,4.912,14.73,8.398,1.116,4.559,1.176,0.0,0.037
train,203994,reject,frame_crossing+arena+ref_contact,4.703,6.346,14.592,9.487,1.442,6.784,2.019,2.0,0.0
train,203995,reject,frame_crossing+arena+ref_contact,4.735,6.643,14.698,5.964,1.51,7.149,1.263,2.0,0.0
train,203996,reject,frame_crossing+ref_contact,4.727,3.986,14.54,6.429,1.0,4.727,1.031,1.0,0.0
train,203997,reject,frame_crossing+arena+ref_contact,4.857,5.352,14.739,10.78,1.216,5.907,1.697,3.0,0.0
train,203998,reject,arena+frame_margin,4.225,5.077,14.691,9.281,1.154,4.875,1.651,0.0,0.001
train,203999,reject,frame_crossing+arena+ref_contact,4.517,5.204,14.736,6.894,1.183,5.343,1.671,3.0,0.0
train,204000,reject,frame_crossing+arena+ref_contact,4.306,5.752,14.661,8.574,1.307,5.629,1.107,1.0,0.0
train,204001,reject,frame_crossing+arena+ref_contact,4.806,6.089,14.517,8.775,1.384,6.651,2.205,1.0,0.0
train,204002,reject,frame_crossing+arena+ref_contact,4.477,4.316,14.697,7.015,1.0,4.477,1.029,2.0,0.0
train,204003,reject,frame_crossing+arena+ref_contact,4.636,5.827,14.553,7.318,1.324,6.139,1.073,2.0,0.0
train,204004,reject,frame_crossing+arena+ref_contact,5.088,5.283,14.706,7.013,1.201,6.11,1.744,3.0,0.0
train,204005,pass,,4.22,3.871,14.74,5.721,1.0,4.22,1.035,0.0,0.039
train,204006,reject,arena,4.868,5.607,14.606,7.491,1.274,6.203,1.609,0.0,0.048
train,204007,reject,frame_crossing+arena+ref_contact,4.601,5.457,14.746,9.924,1.24,5.706,2.083,2.0,0.0
train,204008,reject,frame_crossing+arena+ref_contact,4.72,6.047,14.724,6.731,1.374,6.486,1.035,3.0,0.0
train,204009,reject,frame_crossing+arena+ref_contact,3.852,5.529,14.735,6.195,1.256,4.839,1.204,1.0,0.0
train,204010,reject,frame_crossing+arena+ref_contact,4.603,5.17,14.734,8.157,1.175,5.409,1.821,1.0,0.0
train,204011,reject,frame_crossing+arena+ref_contact,4.857,5.612,14.729,6.593,1.275,6.195,1.043,4.0,0.0
train,204012,reject,frame_crossing+arena+ref_contact,5.02,4.274,14.63,8.913,1.0,5.02,1.461,3.0,0.0
train,204013,reject,arena+ref_contact,4.229,4.386,14.716,7.559,1.0,4.229,1.37,0.0,0.0
train,204014,pass,,4.321,3.837,14.796,5.717,1.0,4.321,1.372,0.0,0.036
train,204015,reject,frame_crossing+arena+ref_contact,4.988,6.535,14.699,6.107,1.485,7.408,1.026,2.0,0.0
train,204016,reject,frame_crossing+arena+ref_contact,3.893,4.886,14.702,7.792,1.11,4.323,1.073,1.0,0.0
train,204017,reject,frame_crossing+arena+ref_contact,4.381,4.857,14.583,7.324,1.104,4.835,1.158,2.0,0.0
train,204018,reject,frame_crossing+arena+ref_contact,5.104,5.537,14.646,9.207,1.258,6.423,1.031,3.0,0.0
train,204019,reject,frame_crossing+arena+ref_contact,4.756,6.435,14.705,9.244,1.462,6.955,2.343,1.0,0.0
train,204020,reject,frame_crossing+arena+ref_contact,4.572,5.749,14.688,7.822,1.306,5.973,1.595,1.0,0.0
train,204021,reject,frame_crossing+arena+ref_contact,4.517,5.032,14.758,8.94,1.144,5.166,1.266,1.0,0.0
train,204022,reject,arena,4.451,5.168,14.737,9.806,1.174,5.228,1.162,0.0,0.033
train,204023,reject,frame_crossing+arena+ref_contact,4.353,6.072,14.654,5.778,1.38,6.007,1.398,1.0,0.0
train,204024,reject,frame_crossing+arena+ref_contact,5.413,6.141,14.649,8.735,1.396,7.556,3.211,3.0,0.0
train,204025,reject,frame_crossing+arena+ref_contact,4.551,5.069,14.722,9.909,1.152,5.242,1.097,1.0,0.0
train,204026,reject,frame_crossing+arena+ref_contact,4.449,6.56,14.552,5.927,1.491,6.634,1.015,1.0,0.0
train,204027,reject,frame_crossing+ref_contact,4.409,4.374,14.686,6.389,1.0,4.409,1.266,2.0,0.0
train,204028,reject,frame_crossing+arena+ref_contact,4.757,4.882,14.686,7.996,1.11,5.278,1.267,2.0,0.0
train,204029,reject,frame_crossing+arena+ref_contact,4.875,6.079,14.678,7.348,1.382,6.735,1.267,2.0,0.0
train,204030,reject,arena+frame_margin,4.221,4.566,14.597,7.419,1.038,4.38,1.231,0.0,0.001
train,204031,reject,frame_crossing+arena+ref_contact,4.744,5.415,14.534,6.162,1.231,5.838,1.553,2.0,0.0
train,204032,reject,frame_crossing+arena+ref_contact,4.469,6.159,14.677,8.406,1.4,6.255,1.274,1.0,0.0
train,204033,reject,frame_crossing+ref_contact,4.81,4.833,14.725,6.322,1.098,5.283,1.015,1.0,0.0
train,204034,reject,frame_crossing+arena+frame_margin,4.329,5.241,14.643,5.795,1.191,5.156,1.031,1.0,0.0
train,204035,reject,arena+ref_contact,4.549,6.16,14.743,6.76,1.4,6.369,1.984,0.0,0.0
train,204036,reject,frame_crossing+arena+ref_contact,5.013,4.586,14.701,6.355,1.042,5.225,1.015,2.0,0.0
train,204037,reject,arena+ref_contact,4.679,5.792,14.65,7.546,1.316,6.159,1.47,0.0,0.0
train,204038,reject,frame_crossing+ref_contact,4.601,5.38,14.642,7.572,1.223,5.625,1.015,1.0,0.0
train,204039,reject,frame_crossing+arena+ref_contact,4.566,6.505,14.745,6.113,1.478,6.751,1.543,2.0,0.0
train,204040,reject,frame_crossing+arena+ref_contact,4.731,6.139,14.634,9.312,1.395,6.601,1.545,2.0,0.0
train,204041,reject,frame_crossing+frame_margin,4.712,5.137,14.73,8.457,1.167,5.501,1.171,1.0,0.006
train,204042,reject,frame_crossing+arena+ref_contact,4.486,5.343,14.694,8.42,1.214,5.448,1.097,2.0,0.0
train,204043,reject,frame_crossing+ref_contact,4.745,5.721,14.689,9.864,1.3,6.169,1.198,3.0,0.0
train,204044,reject,frame_crossing+arena+ref_contact,4.676,5.837,14.716,8.214,1.327,6.203,1.337,2.0,0.0
train,204045,reject,frame_crossing+ref_contact,4.595,4.705,14.699,7.843,1.069,4.914,1.333,1.0,0.0
train,204046,reject,frame_crossing+ref_contact,4.014,5.95,14.619,5.869,1.352,5.428,1.362,2.0,0.0
train,204047,reject,arena,4.362,5.091,14.729,7.011,1.157,5.047,1.133,0.0,0.043
train,204048,reject,frame_crossing+arena+ref_contact,4.593,4.849,14.505,8.391,1.102,5.061,1.473,1.0,0.0
train,204049,reject,frame_crossing+arena+ref_contact,4.482,5.529,14.746,6.907,1.257,5.633,1.47,2.0,0.0
train,204050,reject,arena+ref_contact,4.845,5.82,14.77,8.669,1.323,6.408,1.952,0.0,0.0
train,204051,reject,frame_crossing+arena+ref_contact,4.466,4.842,14.776,9.537,1.1,4.915,1.362,1.0,0.0
train,204052,reject,frame_crossing+arena+ref_contact,4.692,5.124,14.613,9.899,1.164,5.464,1.47,1.0,0.0
train,204053,reject,frame_crossing+arena+ref_contact,5.13,5.464,14.732,8.798,1.242,6.371,1.992,1.0,0.0
train,204054,pass,,4.281,4.005,14.662,6.749,1.0,4.281,1.542,0.0,0.036
train,204055,reject,frame_crossing+arena+ref_contact,4.682,4.933,14.65,8.155,1.121,5.249,1.107,2.0,0.0
train,204056,reject,arena,4.225,5.113,14.65,6.86,1.162,4.909,1.293,0.0,0.047
train,204057,reject,frame_crossing+arena+ref_contact,5.158,5.748,14.751,8.222,1.306,6.739,1.529,1.0,0.0
train,204058,reject,frame_crossing+ref_contact,4.684,4.695,14.499,8.073,1.067,4.998,1.5,4.0,0.0
train,204059,reject,arena,4.457,4.7,14.698,6.844,1.068,4.76,1.133,0.0,0.046
train,204060,reject,frame_crossing+arena+ref_contact,4.548,5.3,14.722,7.749,1.205,5.479,1.553,1.0,0.0
train,204061,reject,frame_crossing+arena+ref_contact,4.604,6.265,14.732,6.382,1.424,6.555,1.436,1.0,0.0
train,204062,reject,frame_crossing+arena+ref_contact,4.579,5.804,14.762,7.397,1.319,6.04,1.821,1.0,0.0
train,204063,reject,arena,4.312,5.035,14.55,6.459,1.144,4.934,1.453,0.0,0.052
train,204064,reject,frame_crossing+arena+ref_contact,4.637,5.588,14.705,10.215,1.27,5.89,1.362,2.0,0.0
train,204065,reject,frame_crossing+arena+ref_contact,4.715,4.845,14.633,7.879,1.101,5.191,1.107,1.0,0.0
train,204066,reject,frame_crossing+arena+ref_contact,4.715,5.544,14.653,7.338,1.26,5.941,2.396,1.0,0.0
train,204067,reject,frame_crossing+arena+ref_contact,4.715,6.535,14.807,6.983,1.485,7.002,1.505,2.0,0.0
train,204068,reject,frame_crossing+arena+ref_contact,4.428,4.605,14.755,6.156,1.047,4.635,1.553,1.0,0.0
train,204069,reject,frame_crossing+arena+ref_contact,4.37,5.625,14.563,8.612,1.278,5.586,1.029,3.0,0.0
train,204070,pass,,3.953,4.554,14.703,8.545,1.035,4.091,1.434,0.0,0.041
train,204071,reject,frame_crossing+arena+ref_contact,4.455,5.413,14.641,7.396,1.23,5.48,1.026,2.0,0.0
train,204072,reject,frame_crossing+arena+ref_contact,4.515,5.738,14.616,8.826,1.304,5.888,1.53,1.0,0.0
train,204073,reject,frame_crossing+arena+ref_contact,4.589,4.842,14.657,8.112,1.101,5.051,1.047,2.0,0.0
train,204074,reject,arena+frame_margin,4.322,4.121,14.533,8.435,1.0,4.322,1.072,0.0,0.028
train,204075,reject,frame_crossing+arena+ref_contact,4.593,3.838,14.663,6.534,1.0,4.593,1.162,2.0,0.0
train,204076,reject,frame_crossing+arena+ref_contact,5.114,5.781,14.724,7.192,1.314,6.718,1.118,3.0,0.0
train,204077,reject,frame_crossing+arena+ref_contact,4.76,5.087,14.695,6.057,1.156,5.503,1.694,2.0,0.0
train,204078,reject,frame_margin,4.106,3.688,14.667,7.052,1.0,4.106,1.249,0.0,0.017
train,204079,reject,frame_crossing+arena+ref_contact,4.697,5.411,14.758,10.215,1.23,5.776,2.146,2.0,0.0
train,204080,reject,frame_crossing+arena+ref_contact,4.6,6.126,14.688,6.811,1.392,6.404,1.398,2.0,0.0
train,204081,reject,frame_crossing+arena+frame_margin,4.174,4.45,14.584,6.613,1.011,4.221,1.103,1.0,0.02
train,204082,reject,arena,4.533,4.967,14.588,6.528,1.129,5.117,1.072,0.0,0.036
train,204083,reject,arena,4.316,5.975,14.595,6.287,1.358,5.861,1.293,0.0,0.037
train,204084,reject,arena+ref_contact,4.583,4.159,14.701,4.855,1.0,4.583,1.031,0.0,0.0
train,204085,reject,frame_crossing+arena+ref_contact,5.141,5.662,14.543,8.03,1.287,6.616,1.694,3.0,0.0
train,204086,reject,frame_crossing+arena+ref_contact,4.29,5.251,14.62,5.961,1.193,5.119,1.176,1.0,0.0
train,204087,reject,arena,4.422,4.337,14.597,5.927,1.0,4.422,1.205,0.0,0.038
train,204088,reject,frame_crossing+ref_contact,4.251,5.022,14.619,9.164,1.141,4.852,1.109,1.0,0.0
train,204089,reject,arena+ref_contact,4.524,5.031,14.658,7.391,1.143,5.172,1.434,0.0,0.0
train,204090,reject,frame_crossing+arena+ref_contact,4.417,5.85,14.748,5.659,1.329,5.872,1.405,1.0,0.0
train,204091,reject,frame_crossing+arena+ref_contact,5.077,6.17,14.705,8.138,1.402,7.118,2.639,3.0,0.0
train,204092,reject,arena,4.314,4.911,14.673,6.67,1.116,4.815,1.436,0.0,0.039
train,204093,reject,frame_crossing+frame_margin,4.236,5.014,14.667,6.058,1.14,4.827,1.047,1.0,0.016
train,204094,reject,frame_crossing+arena+ref_contact,4.936,5.435,14.722,10.681,1.235,6.097,1.792,2.0,0.0
train,204095,reject,frame_crossing+arena+ref_contact,4.359,5.938,14.722,8.217,1.349,5.883,1.461,2.0,0.0
train,204096,reject,frame_crossing+ref_contact,4.858,5.287,14.655,9.603,1.202,5.838,2.051,2.0,0.0
train,204097,reject,frame_crossing+arena+frame_margin,4.59,6.527,14.752,5.889,1.483,6.809,1.103,1.0,0.019
train,204098,reject,frame_crossing+arena+ref_contact,4.653,5.085,14.681,6.777,1.156,5.378,1.398,2.0,0.0
train,204099,reject,frame_crossing+arena+ref_contact,4.737,5.071,14.652,9.851,1.153,5.46,1.617,2.0,0.0
train,204100,reject,frame_crossing+arena+ref_contact,4.87,6.375,14.698,8.64,1.449,7.057,2.075,2.0,0.0
train,204101,reject,frame_crossing+arena+ref_contact,4.987,5.59,14.716,7.514,1.27,6.336,1.984,1.0,0.0
train,204102,reject,frame_crossing+ref_contact,4.83,6.216,14.646,9.713,1.413,6.823,2.049,2.0,0.0
train,204103,reject,frame_crossing+arena+ref_contact,4.706,6.681,14.608,5.947,1.519,7.147,1.274,2.0,0.0
train,204104,pass,,4.521,5.161,14.69,7.914,1.173,5.304,1.335,0.0,0.047
train,204105,reject,frame_crossing+arena+frame_margin,4.965,5.633,14.702,7.082,1.28,6.356,2.361,1.0,0.004
train,204106,reject,frame_crossing+arena+ref_contact,4.701,5.029,14.748,9.502,1.143,5.374,1.697,1.0,0.0
train,204107,reject,frame_crossing+ref_contact,4.765,5.559,14.631,5.963,1.263,6.019,1.073,1.0,0.0
train,204108,reject,frame_crossing+arena+ref_contact,5.002,5.228,14.651,7.677,1.188,5.944,2.356,2.0,0.0
train,204109,reject,frame_crossing+arena+ref_contact,4.372,5.418,14.63,6.139,1.231,5.383,1.368,2.0,0.0
train,204110,reject,frame_crossing+arena+ref_contact,4.561,6.239,14.598,7.047,1.418,6.467,1.267,3.0,0.0
train,204111,reject,frame_crossing+arena+ref_contact,4.748,5.746,14.648,8.164,1.306,6.199,1.543,1.0,0.0
train,204112,reject,arena+ref_contact,5.182,6.405,14.714,8.226,1.456,7.543,3.127,0.0,0.0
train,204113,reject,frame_crossing+arena+ref_contact,4.677,5.225,14.667,8.008,1.187,5.554,1.926,1.0,0.0
train,204114,reject,frame_crossing+arena+ref_contact,4.655,6.273,14.617,6.499,1.426,6.637,1.13,3.0,0.0
train,204115,reject,frame_crossing+arena+frame_margin,3.727,3.679,14.665,7.89,1.0,3.727,1.327,1.0,0.007
train,204116,reject,frame_crossing+arena+ref_contact,4.92,6.602,14.727,9.842,1.5,7.382,1.994,2.0,0.0
train,204117,reject,frame_crossing+arena+ref_contact,3.999,5.178,14.712,5.824,1.177,4.706,1.491,1.0,0.0
train,204118,reject,frame_crossing+arena+ref_contact,4.83,6.352,14.667,8.922,1.444,6.972,2.054,1.0,0.0
train,204119,reject,arena,4.534,4.978,14.725,8.678,1.131,5.13,1.687,0.0,0.037
train,204120,reject,frame_crossing+arena+ref_contact,4.75,6.045,14.57,6.295,1.374,6.525,1.266,1.0,0.0
train,204121,reject,frame_crossing+arena+ref_contact,4.077,4.699,14.682,7.944,1.068,4.354,1.026,1.0,0.0
train,204122,reject,frame_crossing+arena+ref_contact,4.376,5.283,14.687,7.542,1.201,5.253,1.396,1.0,0.0
train,204123,reject,frame_crossing+arena+ref_contact,4.488,5.875,14.777,8.884,1.335,5.993,1.266,2.0,0.0
train,204124,reject,arena+frame_margin,4.979,4.915,14.596,7.38,1.117,5.562,2.462,0.0,0.022
train,204125,reject,arena,4.871,4.651,14.72,8.885,1.057,5.149,1.231,0.0,0.038
train,204126,reject,frame_crossing+arena+ref_contact,5.265,5.102,14.698,8.818,1.16,6.105,1.148,1.0,0.0
train,204127,reject,arena,4.286,6.071,14.615,6.981,1.38,5.913,1.481,0.0,0.037
train,204128,reject,frame_crossing+arena+ref_contact,4.77,5.696,14.72,8.788,1.294,6.175,1.348,1.0,0.0
train,204129,reject,arena+frame_margin,4.482,4.147,14.583,8.248,1.0,4.482,1.153,0.0,0.006
train,204130,reject,frame_crossing+arena+ref_contact,4.817,5.262,14.587,6.355,1.196,5.76,1.235,2.0,0.0
train,204131,reject,frame_crossing+arena+ref_contact,4.679,5.105,14.581,9.485,1.16,5.429,1.434,1.0,0.0
train,204132,reject,frame_crossing+arena+ref_contact,4.304,4.393,14.719,9.783,1.0,4.304,1.058,3.0,0.0
train,204133,reject,frame_crossing+arena+ref_contact,4.531,3.92,14.651,6.48,1.0,4.531,1.436,1.0,0.0
train,204134,reject,frame_crossing+arena+ref_contact,4.586,5.178,14.679,7.484,1.177,5.397,1.37,1.0,0.0
train,204135,reject,frame_crossing+arena+ref_contact,4.167,4.097,14.775,9.688,1.0,4.167,1.37,2.0,0.0
train,204136,reject,arena,3.887,4.952,14.602,5.852,1.125,4.374,1.263,0.0,0.041
train,204137,reject,frame_crossing+frame_margin,4.143,4.604,14.503,5.709,1.046,4.335,1.063,1.0,0.012
train,204138,reject,arena+ref_contact,4.359,4.952,14.709,6.723,1.125,4.905,1.44,0.0,0.0
train,204139,reject,frame_crossing+arena+ref_contact,4.375,5.654,14.707,8.816,1.285,5.622,1.641,1.0,0.0
train,204140,reject,frame_crossing+arena+ref_contact,5.162,5.834,14.655,8.687,1.326,6.844,2.276,1.0,0.0
train,204141,reject,frame_crossing+ref_contact,4.909,5.503,14.664,10.18,1.251,6.139,2.195,3.0,0.0
train,204142,reject,frame_crossing+arena+ref_contact,4.566,5.748,14.736,6.26,1.306,5.965,2.259,3.0,0.0
train,204143,reject,arena,4.447,4.85,14.58,7.133,1.102,4.902,1.496,0.0,0.039
train,204144,reject,arena,4.149,4.93,14.676,6.371,1.12,4.649,1.44,0.0,0.051
train,204145,reject,frame_crossing+arena+ref_contact,3.712,5.388,14.622,6.752,1.225,4.546,1.263,1.0,0.0
train,204146,reject,frame_crossing+arena+ref_contact,4.615,5.716,14.581,10.488,1.299,5.995,1.488,2.0,0.0
train,204147,reject,frame_crossing+arena+ref_contact,4.382,5.891,14.593,6.881,1.339,5.867,1.266,1.0,0.0
train,204148,reject,arena,4.281,5.458,14.725,5.802,1.24,5.31,1.118,0.0,0.045
train,204149,reject,frame_crossing+arena+ref_contact,4.292,4.807,14.729,7.344,1.093,4.689,1.328,1.0,0.0
train,204150,reject,frame_crossing+arena+ref_contact,4.586,6.114,14.674,6.929,1.39,6.373,1.073,1.0,0.0
train,204151,reject,frame_crossing+arena+ref_contact,4.455,4.897,14.734,7.888,1.113,4.958,1.118,1.0,0.0
train,204152,reject,frame_crossing+arena+ref_contact,4.227,4.465,14.666,7.574,1.015,4.289,1.363,1.0,0.0
train,204153,reject,frame_crossing+arena+ref_contact,4.312,4.567,14.644,6.075,1.038,4.475,1.035,1.0,0.0
train,204154,reject,frame_crossing+arena+ref_contact,4.556,4.213,14.528,6.369,1.0,4.556,1.109,2.0,0.0
train,204155,reject,frame_crossing+arena+ref_contact,4.421,5.154,14.704,6.812,1.171,5.179,1.073,1.0,0.0
train,204156,reject,frame_crossing+arena+ref_contact,4.833,5.661,14.74,9.976,1.287,6.218,1.895,4.0,0.0
train,204157,reject,arena+frame_margin,4.543,4.161,14.501,6.647,1.0,4.543,1.031,0.0,0.028
train,204158,reject,frame_crossing+arena+ref_contact,5.238,5.669,14.732,7.8,1.288,6.748,1.109,2.0,0.0
train,204159,reject,frame_margin,4.139,3.633,14.759,6.884,1.0,4.139,1.047,0.0,0.02
train,204160,reject,arena+frame_margin,4.374,4.08,14.752,5.85,1.0,4.374,1.383,0.0,0.015
train,204161,reject,arena+ref_contact,3.789,4.125,14.777,5.438,1.0,3.789,1.3,0.0,0.0
train,204162,reject,frame_crossing+arena+ref_contact,4.424,5.622,14.678,6.648,1.278,5.653,1.475,2.0,0.0
train,204163,reject,frame_crossing+arena+ref_contact,5.003,4.71,14.501,8.022,1.071,5.356,1.71,2.0,0.0
train,204164,reject,frame_crossing+arena+ref_contact,4.867,5.276,14.782,9.622,1.199,5.836,1.405,2.0,0.0
train,204165,reject,arena+frame_margin,4.768,6.233,14.741,8.99,1.417,6.754,2.259,0.0,0.028
train,204166,reject,frame_crossing+arena+ref_contact,4.389,5.723,14.686,8.973,1.301,5.709,1.396,2.0,0.0
train,204167,reject,arena,4.186,4.023,14.592,6.532,1.0,4.186,1.78,0.0,0.039
train,204168,reject,arena,4.186,6.032,14.731,6.865,1.371,5.738,1.026,0.0,0.036
train,204169,reject,frame_crossing+arena+ref_contact,4.765,5.126,14.496,8.708,1.165,5.551,1.172,2.0,0.0
train,204170,reject,arena,4.053,3.685,14.392,4.728,1.0,4.053,1.015,0.0,0.041
train,204171,reject,frame_crossing+arena+ref_contact,4.425,4.468,14.665,9.519,1.015,4.493,1.854,2.0,0.0
train,204172,reject,frame_crossing+arena+ref_contact,4.366,4.743,14.745,7.209,1.078,4.706,1.031,2.0,0.0
train,204173,reject,frame_crossing+arena+ref_contact,4.603,5.823,14.733,8.684,1.324,6.092,2.054,1.0,0.0
train,204174,reject,frame_crossing+arena+ref_contact,4.453,4.459,14.689,6.059,1.013,4.513,1.032,1.0,0.0
train,204175,reject,frame_crossing+arena+frame_margin,4.735,5.976,14.711,8.513,1.358,6.431,2.217,1.0,0.023
train,204176,reject,frame_crossing+arena+ref_contact,5.028,6.136,14.689,6.555,1.395,7.012,1.538,1.0,0.0
train,204177,reject,arena+frame_margin,4.588,5.533,14.719,8.494,1.258,5.77,1.491,0.0,0.026
train,204178,reject,frame_crossing+arena+ref_contact,4.418,6.114,14.632,7.705,1.39,6.138,1.162,2.0,0.0
train,204179,reject,frame_crossing+arena+ref_contact,5.055,5.435,14.701,9.409,1.235,6.244,2.003,2.0,0.0
train,204180,reject,frame_crossing+arena+ref_contact,4.997,5.385,14.735,8.294,1.224,6.115,1.553,2.0,0.0
train,204181,reject,arena,4.577,4.324,14.77,5.281,1.0,4.577,1.153,0.0,0.036
train,204182,reject,frame_crossing+arena+ref_contact,4.196,5.163,14.748,8.207,1.173,4.924,1.072,1.0,0.0
train,204183,reject,frame_crossing+arena+ref_contact,5.028,5.242,14.72,9.468,1.191,5.99,2.027,2.0,0.0
train,204184,reject,frame_crossing+arena+ref_contact,4.776,5.564,14.774,7.855,1.265,6.039,2.146,2.0,0.0
train,204185,reject,frame_crossing+arena+ref_contact,4.211,4.534,14.731,7.622,1.03,4.34,1.3,2.0,0.0
train,204186,reject,arena+frame_margin,3.926,3.849,14.633,4.861,1.0,3.926,1.118,0.0,0.015
train,204187,reject,frame_crossing+ref_contact,4.556,4.953,14.646,9.422,1.126,5.129,1.235,3.0,0.0
train,204188,reject,arena,4.181,5.634,14.6,8.126,1.28,5.353,1.816,0.0,0.04
train,204189,reject,frame_crossing+arena+ref_contact,5.196,6.676,14.723,6.515,1.517,7.885,1.228,3.0,0.0
train,204190,reject,frame_crossing+arena+ref_contact,4.308,5.017,14.726,7.379,1.14,4.912,1.62,1.0,0.0
train,204191,reject,frame_crossing+ref_contact,4.563,4.769,14.531,5.878,1.084,4.945,1.3,1.0,0.0
train,204192,reject,frame_crossing+arena+ref_contact,4.453,4.079,14.68,5.549,1.0,4.453,1.162,1.0,0.0
train,204193,reject,frame_crossing+arena+ref_contact,5.193,6.241,14.609,7.105,1.418,7.366,1.271,3.0,0.0
train,204194,reject,frame_crossing+arena+ref_contact,5.156,5.022,14.619,8.788,1.141,5.885,1.235,3.0,0.0
train,204195,reject,frame_crossing+arena+ref_contact,4.693,5.342,14.647,6.292,1.214,5.697,1.311,2.0,0.0
train,204196,reject,frame_crossing+arena+ref_contact,4.491,5.942,14.697,6.4,1.351,6.066,1.663,1.0,0.0
train,204197,reject,frame_crossing+arena+ref_contact,4.773,5.886,14.606,7.084,1.338,6.385,1.506,1.0,0.0
train,204198,reject,frame_crossing+arena+ref_contact,4.561,5.741,14.507,8.219,1.305,5.951,1.176,2.0,0.0
train,204199,pass,,4.183,5.686,14.679,5.818,1.292,5.406,1.506,0.0,0.05
train,204200,pass,,4.517,4.549,14.621,7.447,1.034,4.67,1.614,0.0,0.038
train,204201,reject,arena,3.584,5.423,14.737,5.898,1.232,4.417,1.077,0.0,0.042
train,204202,reject,frame_crossing+arena+frame_margin,4.316,4.451,14.724,6.835,1.012,4.367,1.053,1.0,0.015
train,204203,reject,frame_crossing+arena+frame_margin,4.055,6.037,14.64,5.629,1.372,5.564,1.077,1.0,0.006
train,204204,reject,frame_crossing+arena+ref_contact,4.892,5.791,14.666,10.277,1.316,6.439,1.969,2.0,0.0
train,204205,reject,arena,4.201,4.906,14.668,10.213,1.115,4.684,1.148,0.0,0.037
train,204206,reject,frame_crossing+arena+ref_contact,4.735,5.371,14.726,9.048,1.221,5.779,1.687,2.0,0.0
train,204207,reject,frame_crossing+arena+ref_contact,4.819,5.588,14.735,9.391,1.27,6.12,1.301,2.0,0.0
train,204208,reject,frame_crossing+arena+ref_contact,4.324,4.878,14.649,6.622,1.109,4.793,1.328,1.0,0.0
train,204209,reject,arena+frame_margin,4.524,5.563,14.7,8.071,1.264,5.72,1.249,0.0,0.02
train,204210,reject,frame_crossing+ref_contact,4.482,5.327,14.619,6.638,1.211,5.426,1.337,1.0,0.0
train,204211,reject,frame_crossing+arena+ref_contact,4.622,5.009,14.614,7.331,1.139,5.263,1.651,1.0,0.0
train,204212,reject,frame_crossing+arena+ref_contact,4.278,5.918,14.715,8.24,1.345,5.754,1.405,1.0,0.0
train,204213,reject,frame_crossing+arena+ref_contact,4.72,5.697,14.688,9.745,1.295,6.111,1.189,1.0,0.0
train,204214,reject,frame_crossing+arena+ref_contact,4.757,5.851,14.695,7.012,1.33,6.325,1.398,1.0,0.0
train,204215,reject,arena+ref_contact,4.442,5.014,14.712,7.843,1.139,5.061,1.073,0.0,0.0
train,204216,reject,frame_crossing+arena+ref_contact,4.451,4.918,14.705,8.992,1.118,4.975,1.481,2.0,0.0
train,204217,reject,frame_crossing+arena+ref_contact,4.681,4.942,14.667,8.256,1.123,5.257,1.754,3.0,0.0
train,204218,reject,frame_crossing+arena+ref_contact,4.218,4.51,14.713,9.535,1.025,4.324,1.44,2.0,0.0
train,204219,reject,frame_crossing+arena+ref_contact,4.808,5.529,14.614,7.509,1.257,6.041,1.779,3.0,0.0
train,204220,reject,frame_crossing+arena+ref_contact,4.735,4.881,14.707,9.605,1.109,5.252,1.133,1.0,0.0
train,204221,reject,arena+frame_margin,4.083,3.82,14.681,5.94,1.0,4.083,1.073,0.0,0.022
train,204222,reject,frame_crossing+arena+ref_contact,4.879,6.186,14.704,5.963,1.406,6.859,1.687,1.0,0.0
train,204223,reject,frame_crossing+arena+ref_contact,4.122,6.254,14.705,5.743,1.421,5.858,1.831,1.0,0.0
train,204224,pass,,3.945,5.437,14.698,5.694,1.236,4.874,1.176,0.0,0.039
train,204225,reject,arena,4.063,5.224,14.718,6.114,1.187,4.823,1.171,0.0,0.037
train,204226,reject,frame_crossing+arena+ref_contact,5.476,5.743,14.702,9.656,1.305,7.147,1.906,2.0,0.0
train,204227,reject,arena,4.261,6.236,14.661,7.494,1.417,6.038,1.631,0.0,0.051
train,204228,reject,arena+frame_margin,4.454,3.921,14.733,6.136,1.0,4.454,1.172,0.0,0.026
train,204229,reject,arena,4.669,4.321,14.617,6.932,1.0,4.669,2.466,0.0,0.037
train,204230,reject,frame_crossing+arena+ref_contact,4.474,4.59,14.469,7.0,1.043,4.667,1.335,1.0,0.0
train,204231,reject,arena,4.902,5.083,14.56,8.117,1.155,5.663,1.952,0.0,0.041
train,204232,reject,frame_crossing+arena+ref_contact,4.63,4.521,14.723,9.901,1.028,4.757,1.348,2.0,0.0
train,204233,reject,arena,4.528,4.936,14.729,7.697,1.122,5.079,1.553,0.0,0.037
train,204234,reject,frame_crossing+arena+ref_contact,4.668,5.66,14.629,7.014,1.286,6.005,1.571,1.0,0.0
train,204235,reject,frame_crossing+arena+ref_contact,4.192,4.534,14.771,6.206,1.03,4.319,1.176,2.0,0.0
train,204236,reject,frame_crossing+arena+ref_contact,4.807,4.959,14.656,8.948,1.127,5.417,1.596,2.0,0.0
train,204237,reject,frame_crossing+arena+ref_contact,4.524,4.018,14.788,5.94,1.0,4.524,1.13,1.0,0.0
train,204238,reject,frame_crossing+arena+ref_contact,5.119,5.58,14.718,8.918,1.268,6.491,2.294,3.0,0.0
train,204239,reject,frame_crossing+arena+ref_contact,4.903,5.419,14.668,5.94,1.232,6.039,1.396,1.0,0.0
train,204240,reject,frame_crossing+arena+ref_contact,5.265,6.596,14.693,10.126,1.499,7.893,2.462,2.0,0.0
train,204241,reject,frame_crossing+arena+ref_contact,4.295,5.236,14.661,8.299,1.19,5.111,1.047,2.0,0.0
train,204242,reject,arena+ref_contact,4.812,5.697,14.665,7.221,1.295,6.231,1.097,0.0,0.0
train,204243,reject,arena+frame_margin,4.463,6.134,14.663,7.251,1.394,6.222,1.856,0.0,0.029
train,204244,reject,frame_crossing+arena+ref_contact,4.654,4.926,14.738,10.175,1.12,5.211,1.579,1.0,0.0
train,204245,reject,frame_crossing+ref_contact,4.461,5.918,14.755,5.968,1.345,6.001,1.654,1.0,0.0
train,204246,reject,frame_crossing+ref_contact,4.801,5.385,14.551,8.734,1.224,5.876,1.617,2.0,0.0
train,204247,reject,frame_margin,4.448,4.19,14.678,7.994,1.0,4.448,1.133,0.0,0.021
train,204248,reject,frame_crossing+arena+ref_contact,4.366,5.145,14.666,8.94,1.169,5.105,1.28,1.0,0.0
train,204249,reject,frame_crossing+arena+ref_contact,4.539,6.732,14.711,7.773,1.53,6.945,2.49,1.0,0.0
train,204250,pass,,4.301,3.491,14.601,5.691,1.0,4.301,1.339,0.0,0.036
train,204251,reject,arena,4.366,4.569,14.719,6.484,1.038,4.533,1.148,0.0,0.047
train,204252,reject,arena,4.687,5.165,14.741,8.965,1.174,5.501,1.109,0.0,0.036
train,204253,reject,frame_crossing+arena+ref_contact,4.75,5.372,14.606,8.129,1.221,5.799,1.807,1.0,0.0
train,204254,reject,frame_crossing+ref_contact,5.074,5.385,14.634,8.293,1.224,6.211,2.164,1.0,0.0
train,204255,reject,frame_crossing+arena+ref_contact,4.466,4.878,14.66,7.279,1.109,4.952,1.3,1.0,0.0
train,204256,reject,frame_crossing+arena+ref_contact,4.774,5.602,14.692,8.366,1.273,6.077,1.4,1.0,0.0
train,204257,reject,frame_crossing+arena+ref_contact,4.924,5.914,14.712,8.34,1.344,6.618,1.747,1.0,0.0
train,204258,reject,frame_crossing+arena+ref_contact,4.648,5.533,14.534,6.298,1.257,5.844,1.053,2.0,0.0
train,204259,reject,frame_crossing+arena+ref_contact,4.552,6.049,14.673,8.23,1.375,6.258,1.436,1.0,0.0
train,204260,reject,frame_crossing+arena+frame_margin,3.986,4.612,14.711,8.389,1.048,4.178,1.481,1.0,0.011
train,204261,reject,frame_crossing+arena+ref_contact,4.746,4.764,14.736,7.733,1.083,5.139,1.739,2.0,0.0
train,204262,reject,arena,4.256,4.805,14.709,8.442,1.092,4.648,1.301,0.0,0.051
train,204263,reject,frame_crossing+arena+ref_contact,4.341,5.738,14.609,6.819,1.304,5.661,1.176,1.0,0.0
train,204264,reject,frame_crossing+arena+ref_contact,5.165,5.988,14.576,7.237,1.361,7.029,1.219,3.0,0.0
train,204265,reject,frame_crossing+arena+ref_contact,4.929,4.878,14.688,5.836,1.109,5.465,1.153,2.0,0.0
train,204266,reject,frame_crossing+arena+ref_contact,4.817,4.213,14.726,5.734,1.0,4.817,1.015,1.0,0.0
train,204267,reject,frame_crossing+ref_contact,4.774,5.24,14.66,8.036,1.191,5.686,1.249,3.0,0.0
train,204268,reject,frame_crossing+arena+ref_contact,4.708,4.443,14.728,6.343,1.01,4.754,1.204,2.0,0.0
train,204269,reject,frame_crossing+arena+ref_contact,5.241,5.16,14.619,7.735,1.173,6.146,1.92,2.0,0.0
train,204270,reject,arena,4.64,5.673,14.723,7.364,1.289,5.982,1.043,0.0,0.036
train,204271,reject,frame_crossing+arena+ref_contact,4.236,5.537,14.702,6.379,1.258,5.33,1.148,2.0,0.0
train,204272,reject,frame_crossing+arena+ref_contact,4.862,5.748,14.744,8.937,1.306,6.352,1.733,2.0,0.0
train,204273,reject,frame_crossing+arena+ref_contact,4.764,5.227,14.636,9.727,1.188,5.66,1.461,2.0,0.0
train,204274,reject,arena+ref_contact,4.624,5.284,14.652,8.013,1.201,5.553,1.171,0.0,0.0
train,204275,reject,arena,4.051,4.712,14.686,7.722,1.071,4.338,1.542,0.0,0.048
train,204276,reject,frame_crossing+arena+ref_contact,4.503,5.787,14.659,6.49,1.315,5.923,1.553,1.0,0.0
train,204277,reject,frame_crossing+arena+ref_contact,5.058,6.034,14.75,7.874,1.371,6.937,2.641,1.0,0.0
train,204278,reject,frame_margin,4.392,3.888,14.683,7.385,1.0,4.392,1.228,0.0,0.026
train,204279,reject,frame_crossing+arena+ref_contact,4.204,4.502,14.697,6.898,1.023,4.301,1.337,1.0,0.0
train,204280,reject,frame_crossing+arena+ref_contact,4.661,5.62,14.733,6.679,1.277,5.954,1.176,1.0,0.0
train,204281,reject,frame_crossing+arena+ref_contact,4.934,5.773,14.57,6.82,1.312,6.473,1.072,3.0,0.0
train,204282,reject,frame_crossing+arena+ref_contact,4.299,5.387,14.649,5.964,1.224,5.264,1.301,1.0,0.0
train,204283,reject,frame_crossing+arena+ref_contact,4.71,5.029,14.704,8.416,1.143,5.384,1.671,2.0,0.0
train,204284,reject,arena,4.239,4.812,14.685,8.135,1.094,4.636,1.644,0.0,0.037
train,204285,reject,frame_crossing+arena+ref_contact,4.794,5.993,14.711,5.96,1.362,6.529,1.595,2.0,0.0
train,204286,reject,frame_crossing+arena+ref_contact,4.24,5.504,14.587,7.528,1.251,5.304,1.396,1.0,0.0
train,204287,reject,frame_crossing+ref_contact,4.622,5.456,14.725,10.776,1.24,5.732,1.3,3.0,0.0
train,204288,reject,frame_crossing+arena+ref_contact,4.716,4.656,14.62,7.489,1.058,4.99,1.133,1.0,0.0
train,204289,reject,frame_crossing+arena+ref_contact,4.864,6.121,14.534,6.822,1.391,6.766,1.204,2.0,0.0
train,204290,reject,frame_crossing+arena+ref_contact,4.851,5.188,14.717,9.699,1.179,5.72,1.538,1.0,0.0
train,204291,reject,frame_crossing+arena+ref_contact,4.542,5.479,14.753,5.848,1.245,5.656,1.744,1.0,0.0
train,204292,pass,,3.796,4.046,14.688,7.465,1.0,3.796,1.53,0.0,0.047
train,204293,reject,frame_crossing+arena+ref_contact,5.059,5.328,14.744,8.633,1.211,6.126,2.213,2.0,0.0
train,204294,reject,frame_crossing+arena+ref_contact,4.951,4.88,14.696,9.664,1.109,5.49,1.5,2.0,0.0
train,204295,reject,frame_crossing+arena+ref_contact,4.991,4.791,14.64,8.067,1.089,5.435,1.348,2.0,0.0
train,204296,reject,frame_crossing+ref_contact,4.467,4.487,14.704,8.521,1.02,4.555,1.015,2.0,0.0
train,204297,reject,frame_crossing+arena+ref_contact,4.953,5.394,14.676,10.184,1.226,6.073,2.232,2.0,0.0
train,204298,reject,frame_crossing+arena+ref_contact,4.629,5.247,14.714,8.625,1.192,5.519,1.569,1.0,0.0
train,204299,reject,frame_crossing+arena+ref_contact,4.731,5.261,14.553,8.715,1.196,5.656,1.103,1.0,0.0
train,204300,reject,frame_crossing+arena+ref_contact,4.468,5.983,14.761,8.212,1.36,6.075,1.44,1.0,0.0
train,204301,reject,arena+frame_margin,4.521,5.878,14.625,8.563,1.336,6.04,1.372,0.0,0.014
train,204302,reject,arena,4.737,5.967,14.715,7.574,1.356,6.425,1.333,0.0,0.039
train,204303,reject,frame_crossing+arena+ref_contact,4.397,5.726,14.691,8.129,1.301,5.722,1.569,1.0,0.0
train,204304,reject,frame_crossing+arena+ref_contact,4.684,5.871,14.598,6.909,1.334,6.25,1.133,1.0,0.0
train,204305,reject,arena,4.216,5.029,14.772,5.503,1.143,4.819,1.171,0.0,0.037
train,204306,reject,frame_crossing+arena+ref_contact,4.841,6.18,14.731,8.026,1.405,6.8,1.597,3.0,0.0
train,204307,reject,frame_crossing+arena+ref_contact,4.585,4.332,14.686,8.425,1.0,4.585,1.44,1.0,0.0
train,204308,reject,frame_crossing+arena+ref_contact,3.98,5.129,14.731,8.089,1.166,4.64,1.162,1.0,0.0
train,204309,reject,frame_crossing+arena+ref_contact,4.146,4.677,14.622,6.754,1.063,4.407,1.323,2.0,0.0
train,204310,reject,arena,4.096,4.59,14.638,6.724,1.043,4.273,1.249,0.0,0.042
train,204311,reject,frame_crossing+arena+ref_contact,3.819,4.766,14.683,6.508,1.083,4.137,1.4,1.0,0.0
train,204312,reject,frame_crossing+arena+ref_contact,4.595,4.982,14.746,5.413,1.132,5.203,1.569,2.0,0.0
train,204313,reject,frame_crossing+arena+ref_contact,4.278,5.22,14.729,10.276,1.186,5.074,1.323,1.0,0.0
train,204314,reject,arena+ref_contact,4.358,4.608,14.745,6.332,1.047,4.564,1.44,0.0,0.0
train,204315,reject,frame_crossing+arena+ref_contact,4.18,4.472,14.79,6.481,1.016,4.248,1.529,1.0,0.0
train,204316,reject,frame_crossing+ref_contact,4.926,4.511,14.537,6.963,1.025,5.05,1.031,2.0,0.0
train,204317,reject,frame_crossing+ref_contact,4.979,5.748,14.736,8.459,1.306,6.504,1.699,2.0,0.0
train,204318,reject,arena+frame_margin,4.019,4.629,14.65,6.499,1.052,4.229,1.031,0.0,0.017
train,204319,reject,frame_crossing+arena+ref_contact,4.067,4.436,14.741,8.863,1.008,4.101,1.337,1.0,0.0
train,204320,reject,frame_crossing+arena+ref_contact,5.022,5.533,14.662,7.881,1.257,6.315,1.204,2.0,0.0
train,204321,reject,frame_crossing+arena+ref_contact,4.418,6.576,14.658,5.785,1.495,6.603,1.795,1.0,0.0
train,204322,reject,frame_crossing+arena+ref_contact,4.665,6.034,14.709,6.855,1.371,6.396,1.761,2.0,0.0
train,204323,reject,frame_crossing+arena+ref_contact,4.357,5.75,14.733,6.221,1.307,5.694,1.348,1.0,0.0
train,204324,reject,frame_crossing+arena+ref_contact,5.022,5.544,14.757,10.979,1.26,6.327,1.695,2.0,0.0
train,204325,reject,frame_crossing+arena+ref_contact,4.118,4.172,14.709,8.197,1.0,4.118,1.577,1.0,0.0
train,204326,reject,frame_crossing+arena+ref_contact,4.806,4.155,14.555,6.556,1.0,4.806,1.181,3.0,0.0
train,204327,reject,frame_crossing+arena+ref_contact,4.758,5.175,14.717,7.746,1.176,5.596,1.333,2.0,0.0
train,204328,reject,arena+frame_margin,4.344,4.184,14.733,6.897,1.0,4.344,1.031,0.0,0.016
train,204329,reject,frame_crossing+ref_contact,4.172,4.792,14.639,9.205,1.089,4.544,1.172,2.0,0.0
train,204330,reject,frame_crossing+arena+ref_contact,4.779,5.112,14.718,8.452,1.162,5.552,1.898,1.0,0.0
train,204331,reject,arena+frame_margin,4.44,6.258,14.606,7.382,1.422,6.314,1.058,0.0,0.02
train,204332,reject,frame_crossing+arena+ref_contact,4.425,4.855,14.704,7.226,1.103,4.883,1.571,1.0,0.0
train,204333,reject,frame_crossing+arena+ref_contact,5.466,5.748,14.698,8.544,1.306,7.14,1.596,1.0,0.0
train,204334,reject,arena+frame_margin,4.632,6.094,14.675,7.666,1.385,6.415,2.134,0.0,0.025
train,204335,reject,frame_crossing+arena+ref_contact,4.754,5.031,14.729,6.458,1.143,5.437,1.569,2.0,0.0
train,204336,reject,arena,4.153,4.85,14.607,5.909,1.102,4.578,1.148,0.0,0.037
train,204337,reject,frame_crossing+arena+ref_contact,4.728,6.348,14.727,8.085,1.443,6.821,2.134,1.0,0.0
train,204338,reject,frame_crossing+arena+ref_contact,4.233,6.215,14.632,6.642,1.412,5.978,1.28,1.0,0.0
train,204339,reject,frame_crossing+arena+ref_contact,5.055,5.547,14.709,8.661,1.261,6.372,1.434,2.0,0.0
train,204340,reject,frame_crossing+arena+ref_contact,4.261,4.743,14.681,6.639,1.078,4.593,1.47,1.0,0.0
train,204341,reject,frame_crossing+arena+ref_contact,5.107,5.903,14.664,6.847,1.342,6.852,1.274,4.0,0.0
train,204342,reject,frame_crossing+arena+ref_contact,5.179,6.128,14.684,7.413,1.393,7.213,1.172,5.0,0.0
train,204343,reject,frame_crossing+arena+ref_contact,4.941,4.56,14.672,9.611,1.036,5.12,1.031,1.0,0.0
train,204344,reject,frame_crossing+arena+ref_contact,4.566,4.766,14.688,7.692,1.083,4.946,1.747,1.0,0.0
train,204345,reject,frame_crossing+arena+ref_contact,4.441,4.916,14.743,10.021,1.117,4.962,1.592,2.0,0.0
train,204346,reject,frame_crossing+arena+ref_contact,4.289,4.773,14.637,9.739,1.085,4.653,1.13,2.0,0.0
train,204347,reject,frame_crossing+arena+ref_contact,4.131,4.2,14.564,7.822,1.0,4.131,1.128,1.0,0.0
train,204348,reject,frame_crossing+arena+ref_contact,4.208,5.733,14.688,6.231,1.303,5.483,1.434,2.0,0.0
train,204349,reject,frame_crossing+arena+ref_contact,4.311,4.579,14.736,7.306,1.041,4.487,1.162,1.0,0.0
train,204350,reject,frame_crossing+arena+ref_contact,4.525,5.19,14.69,5.87,1.179,5.336,1.015,1.0,0.0
train,204351,reject,frame_crossing+arena+ref_contact,4.493,5.966,14.692,9.251,1.356,6.092,1.109,2.0,0.0
train,204352,reject,frame_crossing+arena+ref_contact,4.756,6.285,14.732,8.731,1.428,6.793,2.083,1.0,0.0
train,204353,reject,arena,3.757,4.884,14.735,5.534,1.11,4.171,1.37,0.0,0.044
train,204354,reject,frame_crossing+arena+ref_contact,4.101,4.865,14.601,6.004,1.106,4.534,1.181,1.0,0.0
train,204355,reject,frame_crossing+arena+ref_contact,5.037,5.993,14.668,7.191,1.362,6.86,1.758,2.0,0.0
train,204356,reject,frame_crossing+arena+ref_contact,4.676,6.568,14.77,6.037,1.493,6.979,1.694,1.0,0.0
train,204357,reject,frame_crossing+arena+ref_contact,4.228,4.786,14.75,5.766,1.088,4.599,1.026,1.0,0.0
train,204358,reject,arena+ref_contact,3.752,4.092,14.698,9.374,1.0,3.752,1.109,0.0,0.0
train,204359,reject,frame_crossing+arena+ref_contact,4.701,5.733,14.681,7.477,1.303,6.125,1.434,2.0,0.0
train,204360,reject,arena+ref_contact,4.674,4.212,14.71,6.525,1.0,4.674,1.107,0.0,0.0
train,204361,reject,frame_crossing,4.376,4.579,14.731,6.416,1.041,4.554,1.176,1.0,0.033
train,204362,reject,frame_crossing+arena+ref_contact,4.52,5.441,14.743,9.197,1.237,5.589,1.699,3.0,0.0
train,204363,reject,frame_crossing+arena+ref_contact,4.381,5.402,14.752,8.595,1.228,5.378,1.543,1.0,0.0
train,204364,reject,frame_crossing+arena+ref_contact,4.631,6.251,14.666,7.252,1.421,6.579,1.453,3.0,0.0
train,204365,reject,frame_crossing+arena+ref_contact,4.869,6.239,14.672,6.573,1.418,6.904,1.398,1.0,0.0
train,204366,reject,frame_crossing+arena+ref_contact,4.252,4.822,14.646,6.076,1.096,4.66,1.249,1.0,0.0
train,204367,reject,frame_crossing+arena+ref_contact,4.589,6.094,14.72,8.593,1.385,6.356,2.566,4.0,0.0
train,204368,reject,frame_crossing+arena+ref_contact,4.803,6.571,14.712,8.24,1.493,7.173,1.641,1.0,0.0
train,204369,reject,frame_crossing+arena+ref_contact,4.3,5.102,14.731,6.026,1.16,4.986,1.451,2.0,0.0
train,204370,reject,frame_crossing+arena+ref_contact,4.37,5.283,14.559,9.451,1.201,5.248,2.086,2.0,0.0
train,204371,reject,arena,3.657,3.991,14.575,5.739,1.0,3.657,1.684,0.0,0.057
train,204372,reject,frame_crossing+arena+ref_contact,4.611,5.731,14.757,7.09,1.302,6.006,1.153,1.0,0.0
train,204373,reject,frame_crossing+ref_contact,4.198,3.55,14.706,5.364,1.0,4.198,1.44,2.0,0.0
train,204374,reject,arena,4.694,5.617,14.712,8.252,1.277,5.992,2.067,0.0,0.036
train,204375,reject,frame_crossing+arena+ref_contact,4.769,4.168,14.571,7.317,1.0,4.769,1.118,1.0,0.0
train,204376,reject,frame_crossing+arena+ref_contact,4.413,5.005,14.684,9.147,1.137,5.019,1.654,1.0,0.0
train,204377,reject,frame_crossing+frame_margin,4.481,4.984,14.553,8.582,1.133,5.076,1.063,1.0,0.005
train,204378,reject,frame_crossing+arena+ref_contact,5.061,5.274,14.54,8.401,1.199,6.067,1.368,2.0,0.0
train,204379,reject,arena+frame_margin,4.564,5.409,14.71,7.154,1.229,5.611,1.687,0.0,0.004
train,204380,reject,frame_crossing+arena+ref_contact,4.669,4.742,14.804,7.439,1.078,5.032,1.015,2.0,0.0
train,204381,reject,frame_crossing+arena+ref_contact,4.814,4.893,14.761,8.091,1.112,5.353,1.189,2.0,0.0
train,204382,reject,arena,4.278,5.551,14.585,6.268,1.262,5.397,1.3,0.0,0.031
train,204383,reject,frame_crossing+arena+ref_contact,4.171,5.207,14.715,7.501,1.183,4.936,1.542,1.0,0.0
train,204384,reject,frame_crossing+arena+ref_contact,4.565,6.118,14.676,6.725,1.39,6.347,1.772,1.0,0.0
train,204385,reject,frame_crossing+arena+ref_contact,5.117,4.854,14.646,6.678,1.103,5.646,2.003,3.0,0.0
train,204386,reject,frame_crossing+arena+ref_contact,4.387,4.136,14.588,4.973,1.0,4.387,1.271,1.0,0.0
train,204387,reject,arena,4.246,4.849,14.743,6.698,1.102,4.679,1.176,0.0,0.04
train,204388,reject,frame_crossing+arena+ref_contact,4.634,5.987,14.68,5.922,1.361,6.305,1.337,1.0,0.0
train,204389,reject,frame_crossing+arena+ref_contact,4.935,6.508,14.62,6.829,1.479,7.3,1.171,1.0,0.0
train,204390,reject,arena,4.004,3.254,14.688,6.431,1.0,4.004,1.058,0.0,0.045
train,204391,reject,frame_crossing+arena+ref_contact,4.325,4.823,14.677,7.326,1.096,4.741,1.063,1.0,0.0
train,204392,reject,frame_crossing+arena+ref_contact,4.691,4.771,14.7,5.997,1.084,5.086,1.245,3.0,0.0
train,204393,reject,arena,4.515,4.691,14.602,7.733,1.066,4.813,2.215,0.0,0.04
train,204394,reject,frame_crossing+ref_contact,4.15,4.318,14.718,5.671,1.0,4.15,1.073,1.0,0.0
train,204395,reject,frame_crossing+arena+ref_contact,4.894,5.632,14.692,7.547,1.28,6.264,2.002,2.0,0.0
train,204396,reject,frame_crossing+arena+ref_contact,4.647,5.045,14.705,8.0,1.147,5.328,1.031,2.0,0.0
train,204397,reject,frame_crossing+arena+ref_contact,4.694,5.277,14.575,7.053,1.199,5.63,1.031,2.0,0.0
train,204398,reject,arena,4.614,5.686,14.683,8.509,1.292,5.963,1.032,0.0,0.038
train,204399,pass,,3.844,4.846,14.769,8.113,1.101,4.233,1.198,0.0,0.036
train,204400,reject,frame_crossing+arena+ref_contact,4.725,5.617,14.678,6.671,1.277,6.032,1.553,3.0,0.0
train,204401,reject,frame_crossing+arena+ref_contact,3.52,4.977,14.681,7.458,1.131,3.982,1.617,2.0,0.0
train,204402,reject,frame_crossing+arena+ref_contact,4.631,5.323,14.653,7.011,1.21,5.603,1.44,1.0,0.0
train,204403,reject,frame_crossing+arena+ref_contact,4.932,6.705,14.724,8.03,1.524,7.516,1.756,5.0,0.0
train,204404,reject,arena+frame_margin,4.875,5.078,14.584,6.381,1.154,5.626,1.053,0.0,0.013
train,204405,reject,frame_crossing+arena+ref_contact,4.578,5.888,14.66,6.877,1.338,6.127,2.156,1.0,0.0
train,204406,pass,,3.799,3.557,14.738,5.344,1.0,3.799,1.263,0.0,0.038
train,204407,reject,arena,4.444,4.429,14.579,7.797,1.007,4.474,1.073,0.0,0.038
train,204408,reject,frame_crossing+arena+ref_contact,4.705,5.467,14.71,9.038,1.243,5.847,1.506,1.0,0.0
train,204409,reject,arena,4.974,5.034,14.66,8.429,1.144,5.691,2.002,0.0,0.031
train,204410,reject,arena+frame_margin,4.717,5.662,14.59,7.071,1.287,6.069,1.053,0.0,0.011
train,204411,reject,frame_crossing+arena+ref_contact,4.837,6.65,14.605,6.137,1.511,7.31,1.198,3.0,0.0
train,204412,reject,frame_crossing+arena+frame_margin,4.69,4.829,14.653,6.574,1.098,5.148,1.171,1.0,0.014
train,204413,reject,frame_crossing+arena+ref_contact,4.885,5.56,14.76,6.002,1.264,6.173,1.496,1.0,0.0
train,204414,reject,frame_margin,4.528,5.16,14.71,5.874,1.173,5.31,1.538,0.0,0.021
train,204415,reject,frame_crossing+arena+ref_contact,4.951,6.189,14.672,9.152,1.407,6.964,1.837,1.0,0.0
train,204416,reject,frame_crossing+ref_contact,4.616,4.608,14.621,8.908,1.047,4.834,1.263,2.0,0.0
train,204417,reject,arena,4.089,5.452,14.61,8.905,1.239,5.067,1.118,0.0,0.037
train,204418,reject,frame_crossing+arena+ref_contact,4.526,5.46,14.653,6.336,1.241,5.617,1.133,2.0,0.0
train,204419,reject,frame_crossing+arena+ref_contact,4.504,5.016,14.762,7.008,1.14,5.134,1.37,2.0,0.0
train,204420,reject,frame_crossing+arena+ref_contact,4.523,5.587,14.673,9.321,1.27,5.743,1.569,1.0,0.0
train,204421,reject,arena,3.804,4.48,14.775,6.75,1.018,3.873,1.405,0.0,0.053
train,204422,reject,frame_crossing+arena+ref_contact,4.685,5.698,14.759,8.54,1.295,6.067,1.031,2.0,0.0
train,204423,reject,arena,4.043,4.003,14.693,6.758,1.0,4.043,1.35,0.0,0.054
train,204424,reject,frame_crossing+arena+ref_contact,4.688,5.292,14.672,8.508,1.203,5.639,1.176,1.0,0.0
train,204425,reject,frame_crossing+arena+ref_contact,4.535,5.496,14.621,8.094,1.249,5.664,2.245,1.0,0.0
train,204426,reject,frame_crossing+ref_contact,4.598,5.973,14.76,6.239,1.358,6.242,1.109,1.0,0.0
train,204427,reject,frame_crossing+arena+ref_contact,4.637,4.34,14.732,5.378,1.0,4.637,1.873,2.0,0.0
train,204428,reject,frame_crossing+arena+ref_contact,5.023,5.099,14.585,7.477,1.159,5.82,1.118,2.0,0.0
train,204429,reject,frame_crossing+arena+ref_contact,4.706,5.985,14.739,8.203,1.36,6.401,1.109,2.0,0.0
train,204430,reject,frame_crossing+ref_contact,4.487,5.216,14.746,5.477,1.186,5.319,1.571,2.0,0.0
train,204431,reject,arena,4.643,5.8,14.712,8.284,1.318,6.121,1.592,0.0,0.039
train,204432,reject,frame_crossing+arena+ref_contact,4.283,5.195,14.7,8.238,1.181,5.058,1.271,3.0,0.0
train,204433,reject,frame_crossing+arena+ref_contact,5.02,5.534,14.665,8.587,1.258,6.314,1.058,3.0,0.0
train,204434,reject,frame_crossing+arena+ref_contact,4.284,4.456,14.765,5.777,1.013,4.339,1.047,1.0,0.0
train,204435,reject,frame_crossing+ref_contact,5.069,5.676,14.703,10.541,1.29,6.538,2.317,3.0,0.0
train,204436,reject,frame_crossing+arena+frame_margin,4.331,5.799,14.544,6.666,1.318,5.708,1.35,1.0,0.003
train,204437,reject,frame_crossing+arena+ref_contact,5.172,5.651,14.723,6.177,1.284,6.642,1.419,1.0,0.0
train,204438,reject,arena,5.217,5.402,14.676,7.953,1.228,6.406,2.051,0.0,0.039
train,204439,reject,frame_crossing+arena+ref_contact,4.05,3.699,14.678,7.94,1.0,4.05,1.128,1.0,0.0
train,204440,reject,frame_margin,3.904,4.405,14.618,6.046,1.001,3.908,1.348,0.0,0.006
train,204441,reject,frame_crossing+ref_contact,4.629,5.885,14.76,8.708,1.338,6.192,1.408,1.0,0.0
train,204442,reject,frame_crossing+arena+frame_margin,3.836,4.563,14.7,8.111,1.037,3.978,1.348,1.0,0.003
train,204443,reject,frame_crossing+ref_contact,4.622,5.531,14.668,6.125,1.257,5.811,1.475,1.0,0.0
train,204444,reject,frame_crossing+ref_contact,4.628,5.017,14.698,9.025,1.14,5.277,1.636,2.0,0.0
train,204445,reject,frame_crossing+arena+frame_margin,5.019,6.385,14.616,7.312,1.451,7.283,1.328,1.0,0.009
train,204446,reject,frame_crossing+arena+ref_contact,4.715,5.756,14.632,5.842,1.308,6.168,1.274,1.0,0.0
train,204447,reject,frame_crossing+arena+ref_contact,4.342,5.688,14.497,9.409,1.293,5.613,1.026,2.0,0.0
train,204448,reject,arena+ref_contact,4.403,5.62,14.67,7.235,1.277,5.625,1.097,0.0,0.0
train,204449,reject,frame_crossing+arena+ref_contact,4.557,4.673,14.745,9.28,1.062,4.84,2.156,2.0,0.0
train,204450,reject,frame_crossing+arena+ref_contact,4.812,5.949,14.702,8.549,1.352,6.507,1.92,2.0,0.0
train,204451,reject,frame_crossing+arena+ref_contact,4.498,4.029,14.686,5.646,1.0,4.498,1.189,2.0,0.0
train,204452,reject,frame_crossing+arena+ref_contact,4.655,4.116,14.673,6.295,1.0,4.655,1.235,2.0,0.0
train,204453,reject,arena+frame_margin,4.119,4.993,14.581,8.742,1.135,4.674,1.219,0.0,0.015
train,204454,reject,arena+frame_margin,4.984,6.556,14.739,8.903,1.49,7.427,1.92,0.0,0.012
train,204455,reject,frame_crossing+arena+ref_contact,4.786,6.479,14.59,5.964,1.473,7.048,1.148,4.0,0.0
train,204456,reject,frame_crossing+arena+frame_margin,4.053,5.01,14.685,5.857,1.139,4.615,1.13,1.0,0.018
train,204457,reject,frame_margin,4.184,4.323,14.662,6.799,1.0,4.184,1.245,0.0,0.008
train,204458,reject,arena,4.236,4.254,14.7,7.446,1.0,4.236,1.496,0.0,0.055
train,204459,reject,frame_crossing+arena+ref_contact,4.524,4.575,14.671,10.459,1.04,4.703,1.3,1.0,0.0
train,204460,reject,frame_crossing+arena+frame_margin,4.533,4.665,14.761,7.521,1.06,4.805,1.047,1.0,0.018
train,204461,reject,frame_crossing+arena+ref_contact,4.918,5.557,14.731,7.055,1.263,6.212,1.363,2.0,0.0
train,204462,reject,frame_crossing+ref_contact,4.205,5.254,14.62,6.866,1.194,5.022,1.274,2.0,0.0
train,204463,reject,arena+ref_contact,4.586,6.111,14.781,7.912,1.389,6.37,1.461,0.0,0.0
train,204464,reject,frame_crossing+arena+ref_contact,4.507,4.439,14.659,8.777,1.009,4.548,1.697,2.0,0.0
train,204465,reject,frame_crossing+arena+ref_contact,4.646,5.979,14.626,5.841,1.359,6.313,1.204,1.0,0.0
train,204466,reject,frame_crossing+arena+ref_contact,3.921,4.914,14.67,8.62,1.117,4.379,1.733,1.0,0.0
train,204467,reject,frame_crossing+arena+ref_contact,4.444,4.836,14.699,9.484,1.099,4.884,1.327,1.0,0.0
train,204468,reject,frame_crossing+arena+ref_contact,4.925,5.961,14.539,6.93,1.355,6.672,1.097,2.0,0.0
train,204469,reject,frame_crossing+arena+ref_contact,4.259,5.256,14.72,5.674,1.195,5.087,1.477,2.0,0.0
train,204470,reject,frame_crossing+arena+ref_contact,4.699,5.309,14.709,8.083,1.207,5.669,1.204,2.0,0.0
train,204471,reject,arena,4.547,5.621,14.678,6.191,1.278,5.809,1.063,0.0,0.041
train,204472,reject,arena,4.313,5.226,14.718,7.716,1.188,5.123,1.844,0.0,0.037
train,204473,reject,frame_crossing+arena+ref_contact,4.238,3.767,14.558,7.596,1.0,4.238,1.063,1.0,0.0
train,204474,reject,frame_crossing+arena+ref_contact,4.699,4.684,14.684,7.835,1.064,5.002,1.047,1.0,0.0
train,204475,reject,frame_crossing+arena+ref_contact,3.943,4.709,14.609,6.94,1.07,4.22,1.073,1.0,0.0
train,204476,reject,frame_crossing+arena+ref_contact,4.438,5.55,14.726,8.236,1.261,5.598,1.053,1.0,0.0
train,204477,reject,frame_crossing+arena+ref_contact,4.294,4.865,14.684,8.784,1.106,4.748,1.477,2.0,0.0
train,204478,reject,frame_crossing+ref_contact,4.473,5.13,14.751,8.491,1.166,5.215,1.644,1.0,0.0
train,204479,reject,frame_crossing+arena+ref_contact,4.423,4.937,14.658,7.967,1.122,4.963,1.109,1.0,0.0
train,204480,reject,frame_crossing+arena+ref_contact,4.272,5.884,14.716,8.742,1.337,5.712,1.941,1.0,0.0
train,204481,reject,frame_crossing+arena+ref_contact,4.597,5.176,14.692,7.936,1.176,5.408,1.015,1.0,0.0
train,204482,reject,frame_crossing+arena+ref_contact,4.436,5.481,14.705,7.517,1.246,5.526,1.181,1.0,0.0
train,204483,reject,frame_crossing+arena+frame_margin,4.837,4.764,14.746,7.039,1.083,5.237,1.5,1.0,0.02
train,204484,reject,arena,4.189,4.932,14.566,6.144,1.121,4.696,1.031,0.0,0.04
train,204485,reject,frame_crossing+arena+ref_contact,4.127,5.515,14.676,6.666,1.253,5.172,1.545,1.0,0.0
train,204486,reject,frame_crossing+arena+ref_contact,4.457,5.161,14.573,7.975,1.173,5.229,1.873,1.0,0.0
train,204487,reject,frame_crossing+arena+ref_contact,4.625,6.276,14.748,6.61,1.426,6.597,1.031,1.0,0.0
train,204488,reject,frame_crossing+arena+frame_margin,4.405,4.629,14.599,7.723,1.052,4.633,1.564,1.0,0.004
train,204489,reject,frame_crossing+arena+ref_contact,4.536,5.732,14.778,9.925,1.303,5.909,1.436,1.0,0.0
train,204490,reject,frame_crossing+arena+ref_contact,4.286,4.976,14.622,10.707,1.131,4.847,1.384,3.0,0.0
train,204491,reject,arena,4.131,4.773,14.742,8.243,1.085,4.481,2.075,0.0,0.05
train,204492,reject,frame_crossing+arena+ref_contact,4.105,4.327,14.739,5.283,1.0,4.105,1.231,1.0,0.0
train,204493,reject,frame_crossing+arena+ref_contact,4.997,5.899,14.702,7.355,1.341,6.698,2.18,1.0,0.0
train,204494,reject,frame_crossing+ref_contact,4.738,5.147,14.753,8.08,1.17,5.543,1.403,1.0,0.0
train,204495,reject,frame_crossing+arena+ref_contact,5.598,5.715,14.525,7.143,1.299,7.271,2.695,1.0,0.0
train,204496,reject,frame_crossing+arena+ref_contact,5.218,5.501,14.627,8.663,1.25,6.523,1.926,2.0,0.0
train,204497,reject,arena,4.635,5.057,14.744,8.061,1.149,5.327,1.488,0.0,0.039
train,204498,reject,frame_crossing+arena+ref_contact,4.991,6.079,14.561,6.911,1.382,6.895,1.097,1.0,0.0
train,204499,reject,frame_crossing+arena+ref_contact,4.4,4.394,14.587,6.615,1.0,4.4,1.529,1.0,0.0
train,204500,reject,frame_crossing+arena+ref_contact,5.083,5.805,14.734,7.139,1.319,6.707,1.031,2.0,0.0
train,204501,reject,frame_crossing+arena+ref_contact,4.771,4.933,14.722,9.543,1.121,5.349,1.488,2.0,0.0
train,204502,reject,frame_crossing+arena+frame_margin,4.157,4.717,14.728,6.65,1.072,4.457,1.189,1.0,0.005
train,204503,reject,frame_crossing+arena+ref_contact,4.163,4.854,14.645,6.647,1.103,4.593,1.477,1.0,0.0
train,204504,reject,frame_crossing+arena+ref_contact,4.803,5.519,14.701,8.273,1.254,6.025,2.313,2.0,0.0
train,204505,reject,arena+ref_contact,4.466,3.912,14.704,4.836,1.0,4.466,1.073,0.0,0.0
train,204506,reject,frame_crossing+arena+ref_contact,4.289,5.742,14.567,6.691,1.305,5.597,1.198,2.0,0.0
train,204507,reject,frame_crossing+ref_contact,4.444,5.119,14.748,8.566,1.163,5.171,1.073,1.0,0.0
train,204508,reject,frame_crossing+arena+ref_contact,4.375,3.387,14.652,7.429,1.0,4.375,1.153,2.0,0.0
train,204509,reject,frame_crossing+arena+ref_contact,5.06,5.704,14.693,8.163,1.296,6.56,1.481,3.0,0.0
train,204510,reject,frame_crossing+arena+ref_contact,4.284,6.292,14.703,6.628,1.43,6.126,1.858,2.0,0.0
train,204511,reject,frame_crossing+arena+frame_margin,4.506,5.214,14.732,9.078,1.185,5.34,1.266,1.0,0.011
train,204512,reject,frame_crossing+arena+ref_contact,4.333,4.529,14.629,8.36,1.029,4.46,1.198,3.0,0.0
train,204513,reject,frame_crossing+arena+ref_contact,4.679,6.219,14.657,7.211,1.413,6.613,2.125,3.0,0.0
train,204514,reject,frame_crossing+arena+ref_contact,4.6,5.999,14.63,6.739,1.363,6.271,1.109,3.0,0.0
train,204515,reject,frame_crossing+arena+ref_contact,4.292,4.782,14.672,6.765,1.087,4.665,1.263,1.0,0.0
train,204516,reject,frame_crossing+arena+ref_contact,4.133,6.483,14.641,6.576,1.473,6.09,1.058,1.0,0.0
train,204517,pass,,4.026,4.814,14.585,6.566,1.094,4.406,1.162,0.0,0.053
train,204518,reject,frame_crossing+arena+ref_contact,5.026,5.338,14.74,8.266,1.213,6.098,1.764,2.0,0.0
train,204519,reject,frame_crossing+arena+ref_contact,4.576,5.543,14.674,8.178,1.26,5.765,1.747,2.0,0.0
train,204520,reject,frame_crossing+ref_contact,4.714,5.56,14.721,6.031,1.264,5.956,1.172,1.0,0.0
train,204521,reject,frame_crossing+arena+ref_contact,4.599,3.875,14.577,5.51,1.0,4.599,1.035,1.0,0.0
train,204522,reject,frame_crossing+arena+ref_contact,4.298,4.419,14.68,6.065,1.004,4.317,1.133,1.0,0.0
train,204523,reject,frame_crossing+arena+ref_contact,4.696,4.878,14.572,6.913,1.109,5.206,1.029,2.0,0.0
train,204524,reject,frame_crossing+arena+ref_contact,4.492,5.532,14.7,6.671,1.257,5.648,1.015,1.0,0.0
train,204525,reject,arena,4.804,5.936,14.73,6.537,1.349,6.481,1.44,0.0,0.038
train,204526,reject,frame_crossing+arena+ref_contact,4.668,6.379,14.578,6.03,1.45,6.767,1.362,2.0,0.0
train,204527,reject,frame_crossing+arena+ref_contact,5.035,5.474,14.622,10.313,1.244,6.264,2.154,3.0,0.0
train,204528,reject,frame_crossing+arena+ref_contact,4.406,5.785,14.62,6.956,1.315,5.794,1.13,1.0,0.0
train,204529,reject,frame_crossing+arena+ref_contact,4.733,5.983,14.644,6.357,1.36,6.437,1.029,1.0,0.0
train,204530,reject,frame_crossing+arena+ref_contact,4.763,5.945,14.636,6.816,1.351,6.436,1.453,1.0,0.0
train,204531,reject,arena+ref_contact,4.219,5.24,14.728,9.238,1.191,5.024,1.987,0.0,0.0
train,204532,reject,arena,4.519,6.261,14.605,5.887,1.423,6.43,1.461,0.0,0.037
train,204533,reject,frame_crossing+ref_contact,4.891,6.026,14.778,9.687,1.37,6.699,1.994,3.0,0.0
train,204534,reject,frame_crossing+arena+ref_contact,4.648,5.81,14.755,7.149,1.32,6.137,1.636,2.0,0.0
train,204535,reject,frame_crossing+arena+ref_contact,4.439,4.991,14.752,9.12,1.134,5.034,1.181,1.0,0.0
train,204536,reject,frame_crossing+arena+ref_contact,4.116,4.338,14.756,6.57,1.0,4.116,1.267,1.0,0.0
train,204537,reject,frame_crossing+arena+ref_contact,4.491,5.289,14.632,6.955,1.202,5.398,1.831,1.0,0.0
train,204538,reject,frame_crossing+arena+ref_contact,4.547,5.407,14.709,9.08,1.229,5.587,1.44,2.0,0.0
train,204539,reject,arena+ref_contact,4.717,4.917,14.675,6.97,1.118,5.272,1.37,0.0,0.0
train,204540,reject,frame_crossing+arena+ref_contact,4.615,6.496,14.7,8.256,1.476,6.813,1.651,3.0,0.0
train,204541,reject,frame_crossing+arena+ref_contact,4.443,4.006,14.498,7.769,1.0,4.443,1.063,1.0,0.0
train,204542,reject,frame_crossing+arena+ref_contact,4.151,3.669,14.627,5.097,1.0,4.151,1.408,1.0,0.0
train,204543,reject,frame_crossing+arena+ref_contact,4.789,6.451,14.689,9.265,1.466,7.022,1.253,1.0,0.0
train,204544,reject,arena+frame_margin,4.622,5.002,14.69,7.449,1.137,5.254,1.542,0.0,0.015
train,204545,reject,frame_crossing+arena+ref_contact,4.22,5.738,14.729,7.088,1.304,5.502,2.471,2.0,0.0
train,204546,reject,frame_crossing+arena+ref_contact,5.021,6.398,14.631,8.4,1.454,7.301,2.049,1.0,0.0
train,204547,reject,frame_crossing+ref_contact,4.775,5.535,14.68,6.524,1.258,6.006,1.053,2.0,0.0
train,204548,reject,frame_crossing+arena+ref_contact,4.87,5.866,14.659,6.143,1.333,6.493,1.031,2.0,0.0
train,204549,reject,frame_crossing+arena+ref_contact,5.094,5.856,14.714,9.54,1.331,6.78,1.626,2.0,0.0
train,204550,reject,frame_crossing+arena+ref_contact,4.701,5.399,14.78,10.594,1.227,5.768,1.991,1.0,0.0
train,204551,reject,arena+frame_margin,4.954,5.413,14.753,8.817,1.23,6.093,1.328,0.0,0.007
train,204552,reject,frame_crossing+arena+ref_contact,4.27,5.81,14.521,6.954,1.32,5.638,1.043,1.0,0.0
train,204553,reject,frame_crossing+arena+ref_contact,4.904,5.338,14.723,8.335,1.213,5.949,1.684,1.0,0.0
train,204554,reject,frame_crossing+arena+ref_contact,4.348,5.812,14.671,5.652,1.321,5.743,2.217,1.0,0.0
train,204555,reject,frame_crossing+arena+ref_contact,4.912,5.152,14.721,8.535,1.171,5.752,1.894,1.0,0.0
train,204556,reject,frame_crossing+arena+ref_contact,4.884,5.233,14.723,8.521,1.189,5.808,1.133,2.0,0.0
train,204557,reject,frame_crossing+arena+ref_contact,4.592,5.556,14.686,6.059,1.263,5.798,1.176,1.0,0.0
train,204558,reject,frame_crossing+arena+ref_contact,4.348,5.697,14.613,5.831,1.295,5.629,1.153,3.0,0.0
train,204559,reject,frame_crossing+arena+ref_contact,4.499,4.515,14.738,7.982,1.026,4.616,1.266,2.0,0.0
train,204560,reject,frame_crossing+arena+ref_contact,4.709,5.282,14.691,10.075,1.201,5.653,1.505,2.0,0.0
train,204561,reject,frame_crossing+arena+ref_contact,4.959,6.362,14.747,6.901,1.446,7.171,1.015,1.0,0.0
train,204562,reject,frame_crossing+arena+ref_contact,4.396,5.412,14.706,9.161,1.23,5.408,1.579,2.0,0.0
train,204563,reject,frame_crossing+arena+ref_contact,4.322,4.987,14.725,7.798,1.133,4.898,1.13,2.0,0.0
train,204564,reject,arena+frame_margin,4.798,4.377,14.783,5.322,1.0,4.798,1.073,0.0,0.024
train,204565,pass,,4.451,3.73,14.58,5.104,1.0,4.451,1.058,0.0,0.036
train,204566,reject,frame_margin,4.397,5.488,14.744,7.484,1.247,5.485,1.026,0.0,0.021
train,204567,reject,frame_crossing+arena+ref_contact,5.045,5.465,14.688,9.618,1.242,6.267,2.343,3.0,0.0
train,204568,reject,arena+frame_margin,4.585,4.78,14.606,7.761,1.086,4.981,1.032,0.0,0.009
train,204569,reject,frame_crossing+arena+ref_contact,4.734,6.446,14.729,8.645,1.465,6.935,1.952,1.0,0.0
train,204570,reject,frame_crossing+arena+frame_margin,4.514,4.876,14.726,7.375,1.108,5.003,1.266,1.0,0.015
train,204571,reject,frame_crossing+arena+ref_contact,4.671,6.209,14.756,6.701,1.411,6.592,1.723,1.0,0.0
train,204572,reject,frame_crossing+arena+ref_contact,4.813,6.458,14.713,7.861,1.468,7.065,2.278,1.0,0.0
train,204573,reject,frame_crossing+arena+ref_contact,4.557,4.539,14.688,7.132,1.032,4.701,1.029,2.0,0.0
train,204574,reject,frame_crossing+arena+ref_contact,4.635,5.11,14.681,9.316,1.161,5.382,1.35,1.0,0.0
train,204575,reject,frame_crossing+arena+ref_contact,4.309,6.23,14.574,6.123,1.416,6.101,1.13,2.0,0.0
train,204576,reject,frame_crossing+arena+ref_contact,4.59,4.703,14.607,9.443,1.069,4.906,1.28,2.0,0.0
train,204577,reject,frame_crossing+arena+ref_contact,4.508,5.544,14.731,5.934,1.26,5.68,1.228,1.0,0.0
train,204578,reject,frame_crossing+arena+ref_contact,4.671,6.139,14.693,6.607,1.395,6.517,1.384,2.0,0.0
train,204579,reject,frame_crossing+arena+ref_contact,4.696,5.584,14.586,8.148,1.269,5.96,2.075,3.0,0.0
train,204580,reject,frame_crossing+ref_contact,4.192,3.927,14.573,5.591,1.0,4.192,1.109,1.0,0.0
train,204581,reject,arena+ref_contact,4.677,4.868,14.557,7.636,1.106,5.175,1.263,0.0,0.0
train,204582,reject,frame_crossing+arena+ref_contact,4.627,5.758,14.75,8.813,1.309,6.055,1.858,2.0,0.0
train,204583,reject,frame_crossing+arena+ref_contact,4.967,5.667,14.741,7.009,1.288,6.397,1.035,2.0,0.0
train,204584,reject,frame_crossing+arena+ref_contact,4.595,5.501,14.636,7.645,1.25,5.745,1.461,1.0,0.0
train,204585,reject,frame_crossing+arena+ref_contact,4.644,6.483,14.701,5.931,1.473,6.843,1.047,1.0,0.0
train,204586,reject,frame_crossing+arena+ref_contact,4.905,6.369,14.639,8.928,1.447,7.099,1.577,1.0,0.0
train,204587,reject,frame_crossing+arena+ref_contact,4.979,6.093,14.75,7.541,1.385,6.895,2.278,1.0,0.0
train,204588,reject,frame_crossing+arena+ref_contact,4.785,5.345,14.713,8.468,1.215,5.812,2.206,3.0,0.0
train,204589,reject,arena+frame_margin,4.636,6.451,14.734,7.59,1.466,6.797,1.579,0.0,0.006
train,204590,reject,frame_crossing+arena+frame_margin,4.107,4.553,14.707,7.457,1.035,4.25,1.026,1.0,0.028
train,204591,reject,frame_crossing+arena+ref_contact,4.452,3.4,14.51,6.094,1.0,4.452,1.189,2.0,0.0
train,204592,reject,arena+frame_margin,4.29,4.781,14.723,8.712,1.087,4.661,1.263,0.0,0.006
train,204593,reject,frame_crossing+arena+ref_contact,4.811,5.678,14.759,7.877,1.29,6.208,1.032,2.0,0.0
train,204594,reject,frame_crossing+arena+ref_contact,4.382,3.176,14.552,4.449,1.0,4.382,1.031,1.0,0.0
train,204595,reject,frame_crossing+arena+ref_contact,4.68,5.094,14.725,5.614,1.158,5.418,1.181,1.0,0.0
train,204596,reject,arena,4.106,5.411,14.7,7.203,1.23,5.05,1.398,0.0,0.042
train,204597,reject,frame_crossing+arena+ref_contact,4.779,3.276,14.573,5.133,1.0,4.779,1.453,2.0,0.0
train,204598,reject,arena+frame_margin,4.866,6.53,14.762,8.853,1.484,7.222,2.362,0.0,0.017
train,204599,reject,arena,4.072,4.759,14.597,6.294,1.082,4.404,1.582,0.0,0.045
train,204600,reject,arena,4.198,4.162,14.707,5.539,1.0,4.198,1.047,0.0,0.04
train,204601,reject,frame_crossing+ref_contact,5.061,4.528,14.71,6.468,1.029,5.209,1.176,4.0,0.0
train,204602,reject,frame_crossing+arena+ref_contact,4.23,6.08,14.718,7.518,1.382,5.845,1.293,2.0,0.0
train,204603,reject,arena,3.456,5.544,14.755,6.041,1.26,4.355,1.026,0.0,0.043
train,204604,reject,frame_crossing+arena+ref_contact,4.762,6.791,14.734,8.368,1.543,7.35,1.047,3.0,0.0
train,204605,reject,frame_crossing+ref_contact,4.461,4.71,14.745,8.997,1.07,4.775,1.205,2.0,0.0
train,204606,reject,frame_crossing+arena+ref_contact,4.75,5.818,14.72,7.835,1.322,6.28,1.109,1.0,0.0
train,204607,pass,,3.54,5.05,14.718,5.735,1.148,4.063,1.779,0.0,0.043
train,204608,pass,,4.09,4.045,14.786,5.104,1.0,4.09,1.529,0.0,0.069
train,204609,reject,frame_crossing+ref_contact,4.695,5.484,14.677,9.38,1.246,5.852,1.181,1.0,0.0
train,204610,reject,frame_crossing+arena+ref_contact,5.2,5.376,14.623,8.06,1.222,6.353,1.684,2.0,0.0
train,204611,reject,frame_crossing+arena+ref_contact,3.666,5.068,14.625,7.732,1.152,4.222,1.274,2.0,0.0
train,204612,reject,frame_crossing+arena+ref_contact,4.616,5.805,14.731,7.318,1.319,6.09,1.475,2.0,0.0
train,204613,reject,frame_crossing+arena+ref_contact,4.3,4.33,14.735,7.433,1.0,4.3,1.228,1.0,0.0
train,204614,reject,frame_crossing+arena+ref_contact,4.565,5.016,14.612,8.189,1.14,5.204,1.735,1.0,0.0
train,204615,reject,frame_crossing+ref_contact,4.6,5.53,14.717,10.472,1.257,5.781,1.473,1.0,0.0
train,204616,reject,frame_crossing+arena+ref_contact,4.968,6.232,14.704,6.259,1.416,7.037,1.015,1.0,0.0
train,204617,reject,frame_crossing+arena+ref_contact,4.358,5.734,14.736,7.11,1.303,5.679,1.219,3.0,0.0
train,204618,reject,arena,4.186,4.354,14.577,9.585,1.0,4.186,1.249,0.0,0.049
train,204619,reject,arena,4.288,5.458,14.756,6.422,1.241,5.32,1.109,0.0,0.036
train,204620,reject,frame_crossing+arena+ref_contact,4.4,4.832,14.682,6.014,1.098,4.832,1.403,1.0,0.0
train,204621,reject,frame_crossing+arena+ref_contact,4.63,5.595,14.624,7.232,1.272,5.887,1.529,1.0,0.0
train,204622,reject,frame_crossing+arena+ref_contact,4.551,3.945,14.451,6.117,1.0,4.551,1.205,2.0,0.0
train,204623,reject,frame_crossing+arena+ref_contact,4.959,5.94,14.674,10.429,1.35,6.694,2.259,1.0,0.0
train,204624,reject,frame_crossing+arena+ref_contact,4.346,5.67,14.694,5.908,1.289,5.6,2.115,1.0,0.0
train,204625,reject,frame_crossing+arena+ref_contact,4.659,4.194,14.689,5.957,1.0,4.659,1.245,1.0,0.0
train,204626,reject,frame_crossing+arena+ref_contact,4.609,4.638,14.756,8.462,1.054,4.858,1.617,2.0,0.0
train,204627,reject,frame_crossing+arena+ref_contact,4.031,4.704,14.698,8.723,1.069,4.309,1.103,1.0,0.0
train,204628,reject,arena,4.491,5.182,14.719,8.497,1.178,5.289,1.654,0.0,0.036
train,204629,reject,frame_crossing+arena+ref_contact,5.005,5.331,14.556,7.589,1.212,6.064,1.153,3.0,0.0
train,204630,reject,frame_crossing+arena+ref_contact,4.509,4.754,14.792,6.745,1.08,4.871,1.408,2.0,0.0
train,204631,reject,arena,4.292,4.457,14.744,7.779,1.013,4.348,1.073,0.0,0.039
train,204632,reject,frame_crossing+arena+ref_contact,4.43,4.855,14.695,8.24,1.104,4.888,1.205,1.0,0.0
train,204633,reject,arena+frame_margin,4.305,5.885,14.776,6.609,1.338,5.759,1.171,0.0,0.009
train,204634,reject,frame_crossing+ref_contact,4.522,5.344,14.719,9.558,1.215,5.492,1.072,1.0,0.0
train,204635,reject,frame_crossing+arena+ref_contact,4.47,4.515,14.647,8.79,1.026,4.587,1.906,2.0,0.0
train,204636,reject,frame_crossing+arena+ref_contact,4.326,5.182,14.703,9.585,1.178,5.094,2.125,1.0,0.0
train,204637,reject,frame_crossing+arena+frame_margin,4.27,4.611,14.616,10.395,1.048,4.475,1.53,1.0,0.025
train,204638,reject,frame_crossing+arena+ref_contact,4.452,4.894,14.732,6.505,1.112,4.952,1.266,2.0,0.0
train,204639,reject,frame_crossing+ref_contact,4.225,5.973,14.651,7.179,1.357,5.735,2.071,2.0,0.0
train,204640,reject,frame_crossing+arena+ref_contact,4.363,4.527,14.745,8.07,1.029,4.489,1.538,1.0,0.0
train,204641,reject,arena,4.03,5.336,14.488,8.796,1.213,4.887,1.408,0.0,0.038
train,204642,reject,arena,4.458,5.175,14.657,8.039,1.176,5.243,1.854,0.0,0.036
train,204643,reject,arena,4.752,5.492,14.724,6.468,1.248,5.932,1.266,0.0,0.035
train,204644,reject,frame_crossing+arena+ref_contact,4.804,5.036,14.688,6.108,1.145,5.498,1.266,3.0,0.0
train,204645,reject,frame_crossing+arena+ref_contact,4.809,6.346,14.713,6.964,1.442,6.936,1.172,1.0,0.0
train,204646,reject,arena,3.633,3.913,14.619,3.89,1.0,3.633,1.063,0.0,0.06
train,204647,reject,frame_crossing+arena+ref_contact,5.139,4.477,14.557,8.253,1.018,5.229,1.031,2.0,0.0
train,204648,reject,frame_crossing+arena+ref_contact,4.291,5.32,14.741,9.028,1.209,5.189,1.523,2.0,0.0
train,204649,reject,frame_crossing+arena+ref_contact,4.316,4.829,14.66,6.107,1.097,4.737,1.077,2.0,0.0
train,204650,reject,frame_crossing+arena+ref_contact,4.854,5.924,14.644,10.737,1.346,6.535,2.361,3.0,0.0
train,204651,reject,frame_crossing+arena+ref_contact,4.722,4.703,14.447,9.365,1.069,5.047,1.538,3.0,0.0
train,204652,reject,frame_crossing+arena+ref_contact,4.525,5.568,14.755,6.012,1.266,5.726,1.109,2.0,0.0
train,204653,reject,arena,4.879,5.852,14.678,7.618,1.33,6.489,1.801,0.0,0.038
train,204654,reject,frame_crossing+arena+ref_contact,4.688,5.565,14.782,8.6,1.265,5.93,1.172,4.0,0.0
train,204655,reject,frame_crossing+arena+ref_contact,4.09,5.662,14.747,7.172,1.287,5.263,1.429,1.0,0.0
train,204656,reject,frame_crossing+ref_contact,4.497,4.829,14.716,5.715,1.098,4.935,1.063,1.0,0.0
train,204657,reject,frame_crossing+arena+ref_contact,4.763,6.423,14.716,6.786,1.46,6.954,1.849,1.0,0.0
train,204658,reject,frame_crossing+arena+ref_contact,4.799,5.345,14.707,9.44,1.215,5.829,1.271,2.0,0.0
train,204659,reject,frame_crossing+arena+ref_contact,4.416,3.887,14.558,5.612,1.0,4.416,1.228,1.0,0.0
train,204660,reject,frame_crossing+arena+ref_contact,4.99,5.74,14.71,8.484,1.305,6.51,1.747,2.0,0.0
train,204661,reject,frame_crossing+ref_contact,4.659,4.678,14.57,9.926,1.063,4.953,1.235,2.0,0.0
train,204662,reject,frame_crossing+arena+ref_contact,4.894,4.495,14.52,8.362,1.022,5.0,1.631,2.0,0.0
train,204663,reject,arena,4.28,5.069,14.724,6.413,1.152,4.93,1.181,0.0,0.044
train,204664,reject,frame_crossing+arena+ref_contact,4.218,5.54,14.741,6.644,1.259,5.311,1.744,1.0,0.0
train,204665,reject,frame_crossing+arena+ref_contact,4.884,5.864,14.607,9.641,1.333,6.509,1.96,3.0,0.0
train,204666,reject,arena+frame_margin,4.511,4.517,14.709,7.975,1.027,4.631,1.205,0.0,0.018
train,204667,reject,arena,4.223,4.692,14.721,6.267,1.066,4.504,1.035,0.0,0.036
train,204668,reject,frame_margin,4.918,5.379,14.737,9.939,1.223,6.012,1.641,0.0,0.003
train,204669,reject,frame_crossing+arena+ref_contact,4.499,4.871,14.753,8.371,1.107,4.98,1.274,2.0,0.0
train,204670,reject,frame_crossing+arena+ref_contact,4.609,6.249,14.758,8.206,1.42,6.547,1.506,3.0,0.0
train,204671,reject,frame_crossing+arena+ref_contact,4.748,5.801,14.803,10.611,1.318,6.26,1.162,2.0,0.0
train,204672,reject,frame_crossing+arena+frame_margin,4.957,5.44,14.735,6.355,1.236,6.129,1.077,1.0,0.005
train,204673,reject,frame_crossing+arena+ref_contact,4.964,5.714,14.638,8.639,1.299,6.447,1.274,3.0,0.0
train,204674,reject,frame_crossing+arena+ref_contact,4.43,5.284,14.633,6.775,1.201,5.32,1.895,3.0,0.0
train,204675,reject,frame_crossing+arena+ref_contact,4.05,5.01,14.604,6.589,1.139,4.611,1.198,1.0,0.0
train,204676,reject,frame_crossing+arena+ref_contact,4.674,5.091,14.814,7.462,1.157,5.407,1.153,2.0,0.0
train,204677,reject,frame_crossing+arena+ref_contact,4.705,5.493,14.732,9.584,1.248,5.873,1.153,2.0,0.0
train,204678,reject,arena,4.616,5.01,14.755,9.289,1.139,5.255,1.368,0.0,0.036
train,204679,reject,arena,4.164,3.771,14.741,7.192,1.0,4.164,1.043,0.0,0.036
train,204680,reject,frame_crossing+arena+ref_contact,4.876,4.859,14.507,7.77,1.104,5.385,1.235,2.0,0.0
train,204681,reject,frame_crossing+arena+ref_contact,4.627,4.904,14.74,10.327,1.115,5.157,1.491,1.0,0.0
train,204682,reject,frame_crossing+arena+ref_contact,4.256,4.633,14.803,7.613,1.053,4.481,1.538,1.0,0.0
train,204683,reject,frame_crossing+arena+ref_contact,4.484,6.129,14.764,6.686,1.393,6.246,1.072,2.0,0.0
train,204684,reject,frame_crossing+arena+ref_contact,4.883,5.812,14.766,10.657,1.321,6.45,1.862,4.0,0.0
train,204685,reject,frame_crossing+arena+ref_contact,4.829,4.972,14.751,9.265,1.13,5.456,1.542,1.0,0.0
train,204686,reject,frame_crossing+ref_contact,4.784,6.145,14.617,6.195,1.397,6.681,1.523,3.0,0.0
train,204687,reject,frame_crossing+arena+ref_contact,4.615,5.032,14.716,8.65,1.144,5.277,1.13,2.0,0.0
train,204688,reject,arena,4.363,4.817,14.679,7.047,1.095,4.777,1.107,0.0,0.054
train,204689,reject,frame_crossing+arena+ref_contact,4.907,6.544,14.703,7.697,1.487,7.298,1.988,2.0,0.0
train,204690,reject,frame_crossing+arena+ref_contact,4.219,5.782,14.697,7.212,1.314,5.544,1.053,1.0,0.0
train,204691,reject,frame_crossing+arena+ref_contact,4.431,5.873,14.56,7.351,1.335,5.914,1.496,2.0,0.0
train,204692,reject,frame_crossing+arena+ref_contact,4.138,4.963,14.707,6.224,1.128,4.667,1.172,1.0,0.0
train,204693,reject,frame_crossing+arena+ref_contact,4.547,5.756,14.625,7.411,1.308,5.947,1.274,1.0,0.0
train,204694,reject,frame_crossing+arena+ref_contact,4.411,4.176,14.592,6.535,1.0,4.411,1.253,1.0,0.0
train,204695,reject,frame_crossing+arena+ref_contact,4.245,4.266,14.67,5.918,1.0,4.245,1.398,2.0,0.0
train,204696,reject,frame_crossing+arena+ref_contact,4.235,4.873,14.721,8.311,1.107,4.69,1.596,2.0,0.0
train,204697,reject,frame_crossing+arena+ref_contact,4.71,5.575,14.676,6.52,1.267,5.968,1.529,1.0,0.0
train,204698,reject,frame_crossing+arena+ref_contact,4.391,5.642,14.76,9.227,1.282,5.631,1.846,2.0,0.0
train,204699,reject,frame_crossing+arena+ref_contact,4.19,4.844,14.761,7.14,1.101,4.613,1.651,1.0,0.0
train,204700,reject,frame_crossing+arena+ref_contact,4.252,3.972,14.622,9.571,1.0,4.252,1.204,1.0,0.0
train,204701,reject,arena+frame_margin,4.823,6.388,14.749,7.174,1.452,7.001,1.844,0.0,0.011
train,204702,reject,arena+frame_margin,4.15,5.111,14.61,6.957,1.162,4.82,1.158,0.0,0.013
train,204703,reject,frame_crossing+arena+ref_contact,4.802,4.905,14.724,8.435,1.115,5.354,1.158,1.0,0.0
train,204704,reject,frame_crossing+arena+ref_contact,4.256,5.182,14.657,8.334,1.178,5.012,2.164,1.0,0.0
train,204705,reject,frame_crossing+arena+ref_contact,4.844,6.65,14.726,8.175,1.511,7.321,1.029,2.0,0.0
train,204706,reject,frame_crossing+ref_contact,4.759,5.924,14.686,8.187,1.346,6.407,2.167,2.0,0.0
train,204707,reject,frame_crossing+arena+ref_contact,4.147,4.667,14.675,7.884,1.061,4.399,1.405,1.0,0.0
train,204708,reject,frame_crossing+arena+ref_contact,4.59,5.792,14.674,8.182,1.316,6.042,1.53,2.0,0.0
train,204709,reject,frame_crossing+arena+ref_contact,4.725,6.634,14.736,6.958,1.508,7.124,1.473,2.0,0.0
train,204710,reject,frame_crossing+arena+ref_contact,4.453,5.406,14.78,9.163,1.229,5.471,1.631,1.0,0.0
train,204711,reject,frame_crossing+arena+ref_contact,5.001,5.387,14.695,8.896,1.224,6.123,1.821,1.0,0.0
train,204712,reject,frame_crossing+ref_contact,4.983,4.629,14.518,7.499,1.052,5.243,1.031,2.0,0.0
train,204713,reject,arena+frame_margin,4.435,4.182,14.569,5.384,1.0,4.435,1.077,0.0,0.004
train,204714,reject,frame_crossing+arena+ref_contact,4.693,6.068,14.71,6.313,1.379,6.472,1.148,2.0,0.0
train,204715,reject,frame_crossing+arena+ref_contact,4.923,6.078,14.742,7.908,1.381,6.8,2.536,2.0,0.0
train,204716,reject,frame_crossing+arena+ref_contact,4.272,5.026,14.599,8.44,1.142,4.88,1.043,2.0,0.0
train,204717,reject,frame_crossing+arena+ref_contact,4.59,4.202,14.684,6.223,1.0,4.59,1.228,1.0,0.0
train,204718,reject,frame_crossing+arena+ref_contact,4.711,5.529,14.59,6.946,1.257,5.92,1.697,1.0,0.0
train,204719,reject,frame_crossing+arena+ref_contact,4.662,5.389,14.624,9.421,1.225,5.71,1.699,1.0,0.0
train,204720,reject,frame_crossing+arena+ref_contact,4.824,4.849,14.689,7.226,1.102,5.316,1.063,1.0,0.0
train,204721,reject,frame_crossing+arena+ref_contact,4.728,5.781,14.543,8.955,1.314,6.212,1.035,3.0,0.0
train,204722,reject,frame_crossing+arena+ref_contact,5.123,4.9,14.676,7.425,1.114,5.705,2.295,2.0,0.0
train,204723,reject,frame_crossing+arena+ref_contact,5.131,6.069,14.696,6.922,1.379,7.077,1.335,1.0,0.0
train,204724,reject,frame_crossing+ref_contact,4.575,5.023,14.737,8.571,1.142,5.223,1.505,1.0,0.0
train,204725,reject,arena,4.06,6.333,14.726,5.827,1.439,5.844,1.032,0.0,0.037
train,204726,reject,frame_crossing+arena+ref_contact,4.116,4.761,14.648,7.303,1.082,4.454,1.398,1.0,0.0
train,204727,reject,frame_crossing+arena+ref_contact,5.027,5.841,14.671,7.738,1.327,6.673,1.906,1.0,0.0
train,204728,reject,frame_crossing+arena+ref_contact,4.733,5.063,14.776,7.054,1.151,5.446,1.13,2.0,0.0
train,204729,reject,frame_crossing+arena+ref_contact,4.568,4.93,14.69,8.197,1.12,5.117,1.403,1.0,0.0
train,204730,reject,frame_crossing+arena+ref_contact,4.805,6.666,14.741,5.998,1.515,7.281,1.337,3.0,0.0
train,204731,reject,frame_crossing+arena+ref_contact,4.851,5.954,14.702,7.655,1.353,6.564,1.92,2.0,0.0
train,204732,reject,frame_crossing+arena+ref_contact,4.469,4.731,14.68,6.496,1.075,4.805,1.118,1.0,0.0
train,204733,reject,arena,4.72,6.287,14.614,6.587,1.429,6.744,1.058,0.0,0.053
train,204734,reject,arena+frame_margin,4.48,5.467,14.76,8.687,1.242,5.566,1.626,0.0,0.026
train,204735,reject,frame_crossing+arena+ref_contact,4.463,5.845,14.758,7.276,1.329,5.929,1.063,2.0,0.0
train,204736,reject,frame_crossing+arena+ref_contact,4.862,5.244,14.69,7.757,1.192,5.795,2.217,2.0,0.0
train,204737,reject,frame_crossing+arena+ref_contact,4.743,5.524,14.8,9.037,1.256,5.955,1.47,2.0,0.0
train,204738,reject,frame_crossing+arena+ref_contact,4.38,5.629,14.744,6.978,1.279,5.603,1.015,1.0,0.0
train,204739,reject,frame_crossing+ref_contact,4.588,5.441,14.606,7.567,1.237,5.673,1.53,1.0,0.0
train,204740,reject,frame_crossing+arena+ref_contact,4.023,5.65,14.645,8.372,1.284,5.165,1.398,1.0,0.0
train,204741,reject,arena,4.189,5.877,14.729,5.789,1.336,5.595,1.176,0.0,0.035
train,204742,reject,frame_crossing+arena+ref_contact,4.503,5.154,14.652,7.749,1.171,5.274,1.031,2.0,0.0
train,204743,reject,arena+frame_margin,4.748,4.895,14.667,5.709,1.112,5.281,1.077,0.0,0.0
train,204744,reject,frame_crossing+arena+ref_contact,4.572,5.545,14.748,6.738,1.26,5.761,1.072,2.0,0.0
train,204745,reject,arena,3.912,4.701,14.692,5.863,1.068,4.179,1.073,0.0,0.043
train,204746,reject,frame_crossing+arena+ref_contact,4.244,4.468,14.731,7.354,1.015,4.31,1.553,2.0,0.0
train,204747,reject,frame_crossing+arena+ref_contact,4.206,4.917,14.717,4.87,1.118,4.701,1.663,1.0,0.0
train,204748,reject,frame_crossing+arena+ref_contact,5.002,5.595,14.672,6.479,1.272,6.361,1.031,1.0,0.0
train,204749,reject,frame_crossing+arena+ref_contact,5.152,5.707,14.741,9.523,1.297,6.683,2.278,1.0,0.0
train,204750,reject,frame_crossing+arena+ref_contact,5.003,5.962,14.784,8.762,1.355,6.78,1.974,3.0,0.0
train,204751,reject,frame_crossing+arena+ref_contact,5.253,5.414,14.67,9.191,1.23,6.463,2.317,4.0,0.0
train,204752,reject,arena,4.848,6.135,14.756,6.855,1.394,6.759,1.271,0.0,0.039
train,204753,reject,arena+frame_margin,4.243,5.25,14.589,5.811,1.193,5.063,1.026,0.0,0.022
train,204754,reject,frame_crossing+arena+ref_contact,4.831,6.637,14.748,5.854,1.508,7.286,1.328,2.0,0.0
train,204755,reject,frame_crossing+arena+ref_contact,4.549,5.39,14.714,7.176,1.225,5.573,1.029,1.0,0.0
train,204756,reject,frame_crossing+arena+ref_contact,4.865,5.531,14.735,6.326,1.257,6.115,1.073,2.0,0.0
train,204757,reject,frame_crossing+arena+ref_contact,4.292,5.348,14.772,6.75,1.216,5.217,1.235,2.0,0.0
train,204758,reject,frame_crossing+ref_contact,4.345,4.495,14.635,6.358,1.022,4.439,1.032,1.0,0.0
train,204759,reject,frame_crossing+arena+ref_contact,4.855,5.53,14.648,9.16,1.257,6.102,1.475,3.0,0.0
train,204760,reject,frame_crossing+ref_contact,4.38,5.145,14.722,9.463,1.169,5.122,1.263,1.0,0.0
train,204761,reject,frame_crossing+arena+ref_contact,4.844,4.621,14.614,6.931,1.05,5.087,1.614,3.0,0.0
train,204762,reject,frame_crossing+arena+ref_contact,4.489,5.538,14.574,8.767,1.259,5.651,1.107,2.0,0.0
train,204763,reject,arena,4.961,5.341,14.576,8.439,1.214,6.022,1.109,0.0,0.035
train,204764,reject,frame_crossing+arena+ref_contact,4.6,4.232,14.632,7.686,1.0,4.6,1.333,3.0,0.0
train,204765,reject,frame_crossing+arena+ref_contact,4.649,5.54,14.709,6.85,1.259,5.854,1.231,2.0,0.0
train,204766,reject,frame_crossing+arena+ref_contact,4.802,5.149,14.712,7.06,1.17,5.619,1.249,2.0,0.0
train,204767,reject,frame_crossing+arena+ref_contact,4.422,4.099,14.503,5.698,1.0,4.422,1.047,1.0,0.0
train,204768,reject,frame_crossing+arena+ref_contact,5.213,5.699,14.699,9.663,1.295,6.752,2.368,2.0,0.0
train,204769,reject,frame_crossing+arena+ref_contact,4.243,3.639,14.507,5.46,1.0,4.243,1.398,1.0,0.0
train,204770,reject,frame_crossing+arena+ref_contact,4.429,5.426,14.704,6.618,1.233,5.461,1.687,1.0,0.0
train,204771,reject,arena,4.117,5.318,14.699,6.084,1.209,4.977,1.969,0.0,0.058
train,204772,reject,arena,4.288,4.384,14.76,7.245,1.0,4.288,1.176,0.0,0.039
train,204773,reject,frame_crossing+arena+ref_contact,4.661,5.245,14.564,9.436,1.192,5.556,1.253,2.0,0.0
train,204774,reject,frame_crossing+arena+ref_contact,4.705,5.194,14.619,9.603,1.18,5.553,1.939,1.0,0.0
train,204775,reject,arena+ref_contact,4.442,4.11,14.772,5.044,1.0,4.442,1.474,0.0,0.0
train,204776,reject,frame_margin,3.728,5.124,14.723,4.513,1.165,4.341,1.063,0.0,0.024
train,204777,reject,frame_crossing+arena+ref_contact,4.672,4.806,14.713,8.081,1.092,5.103,1.026,1.0,0.0
train,204778,reject,frame_crossing+arena+ref_contact,4.506,4.916,14.742,9.092,1.117,5.035,1.253,3.0,0.0
train,204779,reject,frame_crossing+arena+ref_contact,4.354,4.683,14.697,7.546,1.064,4.634,1.181,1.0,0.0
train,204780,reject,frame_crossing+arena+ref_contact,4.775,5.973,14.694,8.729,1.357,6.482,2.164,1.0,0.0
train,204781,reject,frame_crossing+arena+ref_contact,4.638,5.907,14.697,8.127,1.343,6.226,1.408,2.0,0.0
train,204782,reject,frame_crossing+ref_contact,4.569,5.711,14.574,5.978,1.298,5.93,1.13,2.0,0.0
train,204783,reject,arena,4.53,5.642,14.738,7.9,1.282,5.808,1.198,0.0,0.037
train,204784,reject,arena,3.976,4.193,14.566,6.08,1.0,3.976,1.043,0.0,0.036
train,204785,reject,frame_crossing+arena+ref_contact,3.916,5.296,14.72,5.604,1.204,4.713,1.774,1.0,0.0
train,204786,reject,frame_crossing+arena+ref_contact,4.636,4.405,14.619,8.312,1.001,4.641,1.595,3.0,0.0
train,204787,reject,frame_crossing+ref_contact,4.212,5.442,14.74,6.234,1.237,5.209,1.204,1.0,0.0
train,204788,reject,frame_crossing+arena+ref_contact,4.556,4.489,14.727,9.729,1.02,4.648,1.13,2.0,0.0
train,204789,reject,frame_crossing+arena+ref_contact,3.998,4.452,14.735,6.001,1.012,4.045,1.383,1.0,0.0
train,204790,reject,frame_crossing+arena+ref_contact,5.041,5.367,14.716,9.94,1.22,6.15,1.951,2.0,0.0
train,204791,reject,frame_crossing+arena+ref_contact,4.338,4.696,14.663,6.799,1.067,4.629,1.109,1.0,0.0
train,204792,reject,frame_crossing+ref_contact,4.579,4.98,14.618,6.994,1.132,5.182,1.043,1.0,0.0
train,204793,reject,frame_crossing+arena+ref_contact,4.723,5.957,14.68,7.275,1.354,6.394,1.644,5.0,0.0
train,204794,reject,frame_crossing+arena+ref_contact,5.107,4.824,14.685,7.894,1.096,5.6,1.337,2.0,0.0
train,204795,reject,frame_crossing+arena+ref_contact,4.807,5.792,14.751,9.929,1.316,6.327,2.155,2.0,0.0
train,204796,reject,frame_crossing+arena+ref_contact,4.25,4.459,14.725,7.555,1.013,4.307,1.263,1.0,0.0
train,204797,reject,frame_crossing+arena+ref_contact,4.508,5.079,14.707,9.408,1.154,5.203,1.205,1.0,0.0
train,204798,reject,frame_crossing+arena+ref_contact,5.151,6.187,14.739,7.8,1.406,7.243,1.47,2.0,0.0
train,204799,reject,frame_crossing+arena+ref_contact,4.952,6.292,14.676,8.871,1.43,7.082,1.631,3.0,0.0
train,204800,reject,frame_crossing+arena+ref_contact,4.489,6.25,14.631,6.845,1.42,6.375,1.181,3.0,0.0
train,204801,reject,frame_crossing+arena+ref_contact,4.282,6.252,14.681,7.927,1.421,6.083,1.047,2.0,0.0
train,204802,reject,arena+ref_contact,4.647,6.014,14.722,7.156,1.367,6.351,2.019,0.0,0.0
train,204803,reject,arena,4.788,6.102,14.661,5.798,1.387,6.64,1.654,0.0,0.041
train,204804,reject,frame_crossing+ref_contact,4.827,5.65,14.69,6.38,1.284,6.198,1.529,1.0,0.0
train,204805,reject,frame_crossing+arena+ref_contact,4.433,4.385,14.448,5.062,1.0,4.433,1.477,1.0,0.0
train,204806,reject,frame_crossing+arena+ref_contact,4.933,5.5,14.58,9.248,1.25,6.167,1.077,2.0,0.0
train,204807,reject,frame_crossing+arena+ref_contact,4.117,6.292,14.713,6.245,1.43,5.888,1.28,1.0,0.0
train,204808,reject,frame_crossing+arena+ref_contact,4.364,5.249,14.725,9.363,1.193,5.206,1.436,2.0,0.0
train,204809,reject,frame_crossing+arena+ref_contact,4.731,5.771,14.759,7.224,1.312,6.205,1.029,2.0,0.0
train,204810,reject,arena+frame_margin,4.975,6.217,14.533,7.198,1.413,7.028,1.249,0.0,0.02
train,204811,reject,frame_crossing+arena+ref_contact,5.019,6.293,14.729,8.974,1.43,7.179,2.18,1.0,0.0
train,204812,reject,arena,3.509,4.161,14.661,5.45,1.0,3.509,1.542,0.0,0.036
train,204813,reject,frame_crossing+arena+ref_contact,4.202,3.912,14.665,5.633,1.0,4.202,1.204,1.0,0.0
train,204814,reject,frame_crossing+arena+ref_contact,4.278,5.872,14.604,6.15,1.335,5.71,1.249,1.0,0.0
train,204815,reject,arena+frame_margin,4.758,5.34,14.598,8.014,1.214,5.774,1.13,0.0,0.022
train,204816,reject,frame_crossing+ref_contact,4.791,5.688,14.658,6.885,1.293,6.193,1.073,1.0,0.0
train,204817,reject,frame_crossing+arena+ref_contact,4.857,5.76,14.672,8.775,1.309,6.359,1.793,1.0,0.0
train,204818,reject,frame_crossing+arena+ref_contact,4.273,5.083,14.736,7.317,1.155,4.937,1.015,1.0,0.0
train,204819,reject,frame_crossing+arena+ref_contact,4.329,4.444,14.782,7.95,1.01,4.373,1.764,2.0,0.0
train,204820,reject,frame_crossing+arena+ref_contact,4.494,5.067,14.591,8.753,1.152,5.175,1.453,1.0,0.0
train,204821,reject,frame_crossing+arena+ref_contact,4.609,5.132,14.689,8.012,1.166,5.376,1.158,2.0,0.0
train,204822,reject,frame_crossing+arena+ref_contact,5.111,6.617,14.666,8.003,1.504,7.686,1.894,1.0,0.0
train,204823,reject,frame_crossing+ref_contact,4.553,5.22,14.736,7.533,1.186,5.401,1.403,1.0,0.0
train,204824,reject,frame_crossing+ref_contact,4.428,4.767,14.691,7.294,1.083,4.798,1.434,1.0,0.0
train,204825,reject,frame_crossing+arena+ref_contact,4.619,5.127,14.663,7.024,1.165,5.382,1.328,2.0,0.0
train,204826,reject,frame_crossing+frame_margin,4.132,4.921,14.589,5.847,1.118,4.622,1.249,1.0,0.005
train,204827,reject,frame_crossing+arena+ref_contact,4.403,4.637,14.702,6.989,1.054,4.64,1.058,1.0,0.0
train,204828,reject,frame_crossing+arena+ref_contact,4.857,5.454,14.76,8.962,1.239,6.02,1.992,3.0,0.0
train,204829,reject,frame_crossing+ref_contact,4.368,4.751,14.683,8.899,1.08,4.717,1.109,1.0,0.0
train,204830,reject,frame_crossing+arena+ref_contact,4.586,4.938,14.711,8.669,1.122,5.147,1.311,2.0,0.0
train,204831,reject,frame_crossing+arena+ref_contact,4.433,4.885,14.658,8.565,1.11,4.921,1.436,1.0,0.0
train,204832,reject,frame_crossing+arena+ref_contact,4.284,4.37,14.676,10.839,1.0,4.284,1.097,1.0,0.0
train,204833,reject,frame_crossing+arena+ref_contact,4.428,6.371,14.76,6.139,1.448,6.411,1.491,2.0,0.0
train,204834,reject,frame_crossing+arena+ref_contact,5.074,4.443,14.575,8.223,1.01,5.123,1.176,2.0,0.0
train,204835,reject,frame_crossing+arena+ref_contact,4.701,5.604,14.725,8.483,1.274,5.988,1.744,2.0,0.0
train,204836,reject,frame_crossing+ref_contact,5.029,4.349,14.691,7.321,1.0,5.029,1.103,1.0,0.0
train,204837,reject,frame_crossing+arena+ref_contact,5.032,5.128,14.699,9.541,1.166,5.865,1.553,1.0,0.0
train,204838,reject,frame_crossing+arena+ref_contact,4.672,4.974,14.772,9.236,1.13,5.282,1.505,2.0,0.0
train,204839,reject,frame_crossing+arena+ref_contact,4.423,4.207,14.54,6.822,1.0,4.423,1.461,1.0,0.0
train,204840,reject,frame_crossing+arena+ref_contact,4.448,5.506,14.746,7.583,1.251,5.566,1.754,2.0,0.0
train,204841,reject,arena+frame_margin,4.93,5.455,14.687,8.359,1.24,6.112,1.862,0.0,0.025
train,204842,reject,frame_crossing+arena+ref_contact,4.62,4.366,14.721,7.686,1.0,4.62,1.031,1.0,0.0
train,204843,reject,frame_crossing+arena+ref_contact,4.944,5.638,14.623,6.806,1.281,6.336,1.031,3.0,0.0
train,204844,reject,frame_crossing+arena+ref_contact,4.386,4.565,14.591,6.631,1.038,4.55,1.235,1.0,0.0
train,204845,reject,frame_crossing+ref_contact,4.434,4.584,14.398,6.896,1.042,4.62,1.029,1.0,0.0
train,204846,reject,frame_crossing+arena+ref_contact,4.558,5.673,14.738,7.828,1.289,5.877,1.488,1.0,0.0
train,204847,reject,frame_crossing+arena+ref_contact,4.663,3.833,14.506,6.093,1.0,4.663,1.235,2.0,0.0
train,204848,reject,frame_crossing+arena+ref_contact,4.317,5.212,14.725,5.026,1.185,5.114,1.219,1.0,0.0
train,204849,reject,frame_crossing+arena+ref_contact,4.858,5.798,14.691,6.987,1.318,6.401,1.148,3.0,0.0
train,204850,reject,frame_crossing+arena+ref_contact,4.663,5.364,14.622,8.661,1.219,5.685,1.95,1.0,0.0
train,204851,reject,arena,3.689,4.62,14.634,5.739,1.05,3.873,1.026,0.0,0.043
train,204852,reject,frame_crossing+arena+ref_contact,4.076,5.702,14.647,9.023,1.296,5.282,1.453,2.0,0.0
train,204853,pass,,3.967,5.134,14.788,5.728,1.167,4.629,1.626,0.0,0.036
train,204854,pass,,4.314,5.252,14.708,5.961,1.194,5.149,1.231,0.0,0.037
train,204855,reject,frame_crossing+arena+ref_contact,4.386,4.833,14.748,8.113,1.098,4.818,1.844,2.0,0.0
train,204856,reject,frame_crossing+ref_contact,4.639,4.899,14.738,10.845,1.113,5.165,1.553,1.0,0.0
train,204857,reject,frame_crossing+arena+ref_contact,4.817,5.288,14.664,9.635,1.202,5.789,1.043,2.0,0.0
train,204858,reject,frame_crossing+arena+ref_contact,4.926,6.215,14.721,9.327,1.412,6.957,1.972,2.0,0.0
train,204859,reject,frame_crossing+arena+ref_contact,4.694,6.356,14.742,7.264,1.444,6.781,1.974,1.0,0.0
train,204860,reject,frame_crossing+arena+ref_contact,4.603,5.239,14.71,9.171,1.191,5.481,1.072,2.0,0.0
train,204861,reject,arena,3.975,4.274,14.565,6.584,1.0,3.975,1.043,0.0,0.049
train,204862,reject,frame_crossing+arena+ref_contact,4.648,4.676,14.611,7.752,1.063,4.94,1.793,1.0,0.0
train,204863,reject,arena+frame_margin,4.641,5.696,14.69,6.805,1.294,6.008,1.13,0.0,0.009
train,204864,reject,frame_crossing+ref_contact,4.297,4.338,14.702,6.828,1.0,4.297,1.103,1.0,0.0
train,204865,reject,frame_crossing+arena+ref_contact,4.251,6.278,14.67,8.432,1.427,6.066,2.508,1.0,0.0
train,204866,reject,frame_crossing+ref_contact,4.016,5.244,14.777,7.851,1.192,4.786,1.488,1.0,0.0
train,204867,pass,,3.709,4.929,14.682,5.442,1.12,4.155,1.148,0.0,0.038
train,204868,reject,frame_crossing+arena+ref_contact,5.098,5.128,14.745,8.157,1.165,5.94,1.5,3.0,0.0
train,204869,reject,frame_crossing+arena+ref_contact,4.295,5.427,14.71,8.388,1.233,5.298,2.123,1.0,0.0
train,204870,reject,arena+frame_margin,3.863,4.02,14.741,5.535,1.0,3.863,1.231,0.0,0.005
train,204871,reject,frame_crossing+ref_contact,4.29,4.73,14.591,9.049,1.075,4.611,1.849,1.0,0.0
train,204872,reject,frame_crossing+arena+ref_contact,4.943,5.412,14.71,10.103,1.23,6.08,2.259,2.0,0.0
train,204873,reject,frame_crossing+arena+ref_contact,4.543,5.02,14.729,6.711,1.141,5.183,1.434,1.0,0.0
train,204874,reject,frame_crossing+ref_contact,4.914,5.312,14.712,7.774,1.207,5.932,1.172,2.0,0.0
train,204875,reject,frame_crossing+arena+ref_contact,4.522,5.336,14.704,7.509,1.213,5.484,1.327,1.0,0.0
train,204876,reject,arena+frame_margin,4.064,4.001,14.725,7.015,1.0,4.064,1.053,0.0,0.024
train,204877,reject,arena,4.264,4.662,14.496,5.049,1.059,4.517,1.235,0.0,0.038
train,204878,reject,frame_crossing+arena+ref_contact,4.466,6.325,14.686,5.645,1.438,6.42,1.043,1.0,0.0
train,204879,reject,frame_crossing+arena+ref_contact,4.924,5.3,14.736,10.175,1.205,5.932,1.687,3.0,0.0
train,204880,reject,arena+ref_contact,3.615,6.179,14.625,5.858,1.404,5.077,1.053,0.0,0.0
train,204881,reject,arena,4.285,4.836,14.692,5.845,1.099,4.709,1.245,0.0,0.037
train,204882,reject,arena+frame_margin,3.861,5.051,14.67,6.11,1.148,4.432,1.176,0.0,0.025
train,204883,reject,frame_crossing+arena+ref_contact,4.317,5.186,14.604,6.199,1.179,5.087,1.328,2.0,0.0
train,204884,reject,frame_crossing+arena+ref_contact,4.531,4.63,14.72,6.823,1.052,4.768,1.553,1.0,0.0
train,204885,reject,frame_crossing+arena+ref_contact,5.314,6.117,14.717,7.502,1.39,7.389,3.127,2.0,0.0
train,204886,reject,frame_crossing+arena+ref_contact,4.846,5.696,14.655,7.949,1.294,6.273,2.051,2.0,0.0
train,204887,reject,frame_crossing+arena+ref_contact,4.335,5.879,14.72,9.303,1.336,5.792,1.481,1.0,0.0
train,204888,reject,frame_crossing+arena+ref_contact,5.318,5.712,14.562,6.81,1.298,6.904,1.249,2.0,0.0
train,204889,reject,frame_crossing+ref_contact,4.171,5.136,14.73,5.731,1.167,4.869,1.496,2.0,0.0
train,204890,reject,frame_crossing+arena+ref_contact,4.889,5.677,14.625,6.612,1.29,6.307,2.351,2.0,0.0
train,204891,reject,frame_crossing+arena+ref_contact,4.727,5.073,14.699,7.463,1.153,5.45,1.032,2.0,0.0
train,204892,reject,arena,4.932,5.62,14.629,8.148,1.277,6.299,2.575,0.0,0.037
train,204893,reject,frame_crossing+arena+ref_contact,4.613,4.949,14.738,8.546,1.125,5.189,1.245,2.0,0.0
train,204894,reject,frame_crossing+arena+ref_contact,4.638,6.246,14.696,6.062,1.419,6.584,1.047,1.0,0.0
train,204895,reject,frame_crossing+arena+ref_contact,4.71,4.935,14.692,7.222,1.122,5.283,1.293,2.0,0.0
train,204896,reject,frame_crossing+arena+ref_contact,4.102,4.4,14.677,6.12,1.0,4.103,1.245,1.0,0.0
train,204897,reject,frame_crossing+arena+ref_contact,3.923,5.166,14.728,5.165,1.174,4.606,1.103,2.0,0.0
train,204898,reject,frame_crossing+arena+ref_contact,5.046,6.26,14.715,7.157,1.423,7.178,1.335,2.0,0.0
train,204899,reject,frame_crossing+arena+ref_contact,3.956,4.451,14.621,6.121,1.012,4.002,1.031,1.0,0.0
train,204900,reject,arena+ref_contact,4.533,5.795,14.752,10.207,1.317,5.969,1.235,0.0,0.0
train,204901,reject,frame_crossing+ref_contact,5.034,4.69,14.741,7.478,1.066,5.366,1.744,2.0,0.0
train,204902,reject,frame_crossing+ref_contact,4.99,5.716,14.751,6.945,1.299,6.482,1.058,3.0,0.0
train,204903,reject,ref_contact,4.201,4.662,14.718,6.934,1.06,4.451,1.072,0.0,0.0
train,204904,reject,frame_crossing+arena+ref_contact,5.008,5.964,14.687,9.152,1.356,6.789,1.505,3.0,0.0
train,204905,reject,arena,4.116,3.854,14.713,5.306,1.0,4.116,1.015,0.0,0.036
train,204906,reject,frame_crossing+arena+ref_contact,4.534,5.849,14.696,9.336,1.329,6.027,1.077,2.0,0.0
train,204907,pass,,4.271,4.03,14.761,6.753,1.0,4.271,1.073,0.0,0.059
train,204908,reject,frame_crossing+arena+ref_contact,4.59,4.453,14.755,8.217,1.012,4.645,1.363,2.0,0.0
train,204909,reject,frame_crossing+ref_contact,5.191,5.254,14.745,8.013,1.194,6.199,2.38,3.0,0.0
train,204910,reject,arena,3.88,4.363,14.511,6.263,1.0,3.88,1.844,0.0,0.036
train,204911,reject,frame_crossing+arena+ref_contact,4.806,6.452,14.578,8.134,1.466,7.048,1.951,2.0,0.0
train,204912,reject,frame_crossing+arena+ref_contact,5.25,5.467,14.653,9.439,1.242,6.523,1.491,2.0,0.0
train,204913,reject,frame_crossing+arena+ref_contact,4.567,4.256,14.783,5.458,1.0,4.567,1.293,2.0,0.0
train,204914,reject,frame_crossing+arena+ref_contact,4.0,5.086,14.766,5.927,1.156,4.624,2.026,1.0,0.0
train,204915,reject,frame_crossing+arena+ref_contact,4.609,4.344,14.665,7.384,1.0,4.609,1.433,2.0,0.0
train,204916,reject,arena,4.176,4.097,14.567,5.634,1.0,4.176,1.109,0.0,0.036
train,204917,reject,frame_crossing+arena+ref_contact,4.702,6.526,14.797,10.27,1.483,6.973,1.53,3.0,0.0
train,204918,reject,frame_crossing+arena+ref_contact,4.416,5.679,14.737,8.441,1.291,5.7,2.206,1.0,0.0
train,204919,reject,frame_crossing+arena+ref_contact,4.486,5.413,14.69,10.511,1.23,5.519,1.451,1.0,0.0
train,204920,reject,frame_crossing+arena+ref_contact,4.918,4.941,14.686,7.476,1.123,5.523,1.063,2.0,0.0
train,204921,reject,frame_crossing+arena+ref_contact,4.993,5.98,14.751,8.285,1.359,6.786,1.047,1.0,0.0
train,204922,reject,frame_crossing+arena+ref_contact,4.583,5.562,14.741,6.997,1.264,5.793,1.311,2.0,0.0
train,204923,reject,frame_crossing+arena+ref_contact,4.47,6.346,14.731,8.617,1.442,6.448,1.505,1.0,0.0
train,204924,reject,frame_crossing+arena+ref_contact,4.8,6.378,14.612,7.448,1.45,6.959,1.043,3.0,0.0
train,204925,reject,frame_crossing+arena+ref_contact,5.064,5.59,14.644,7.937,1.27,6.433,2.215,3.0,0.0
train,204926,reject,frame_crossing+arena+ref_contact,4.681,5.431,14.699,8.376,1.234,5.778,1.408,2.0,0.0
train,204927,reject,arena+frame_margin,4.701,5.489,14.683,7.312,1.248,5.865,1.372,0.0,0.028
train,204928,reject,frame_crossing+arena+ref_contact,4.549,4.706,14.656,8.846,1.07,4.866,1.92,1.0,0.0
train,204929,reject,frame_crossing+arena+ref_contact,3.852,4.925,14.723,6.105,1.119,4.312,1.756,1.0,0.0
train,204930,reject,arena,3.757,4.803,14.654,6.411,1.092,4.101,1.28,0.0,0.047
train,204931,reject,frame_crossing+arena+ref_contact,5.377,6.531,14.676,8.979,1.484,7.982,2.669,4.0,0.0
train,204932,reject,frame_crossing+arena+ref_contact,4.857,5.045,14.731,10.139,1.147,5.569,1.047,2.0,0.0
train,204933,reject,frame_crossing+arena+ref_contact,4.759,5.695,14.738,9.101,1.294,6.159,1.794,1.0,0.0
train,204934,reject,frame_crossing+arena+ref_contact,4.85,6.073,14.578,6.969,1.38,6.695,1.419,2.0,0.0
train,204935,reject,frame_crossing+ref_contact,4.377,4.28,14.669,5.603,1.0,4.377,1.171,1.0,0.0
train,204936,reject,frame_crossing+arena+ref_contact,4.715,5.892,14.724,6.683,1.339,6.314,1.235,2.0,0.0
train,204937,reject,frame_crossing+arena+ref_contact,4.517,5.32,14.807,7.483,1.209,5.462,1.047,1.0,0.0
train,204938,reject,frame_crossing+arena+ref_contact,4.75,5.484,14.728,9.251,1.246,5.921,1.451,1.0,0.0
train,204939,reject,frame_crossing+arena+frame_margin,4.068,4.734,14.611,5.445,1.076,4.377,1.043,1.0,0.005
train,204940,reject,frame_crossing+arena+ref_contact,4.136,4.377,14.663,9.628,1.0,4.136,1.433,1.0,0.0
train,204941,reject,frame_crossing+arena+ref_contact,5.03,5.439,14.722,9.293,1.236,6.218,1.579,1.0,0.0
train,204942,reject,frame_crossing+arena+frame_margin,4.564,5.019,14.722,8.261,1.141,5.206,1.198,2.0,0.001
train,204943,reject,frame_crossing+arena+ref_contact,4.789,5.435,14.685,6.82,1.235,5.915,1.063,2.0,0.0
train,204944,reject,frame_crossing+arena+ref_contact,4.567,5.856,14.742,8.502,1.331,6.079,1.198,1.0,0.0
train,204945,reject,frame_crossing+arena+ref_contact,4.165,4.836,14.653,6.186,1.099,4.577,1.176,2.0,0.0
train,204946,reject,arena+ref_contact,4.189,5.412,14.579,7.37,1.23,5.153,1.335,0.0,0.0
train,204947,reject,frame_crossing+frame_margin,4.429,4.644,14.708,5.857,1.055,4.675,1.231,1.0,0.013
train,204948,reject,frame_crossing+arena+ref_contact,4.986,5.409,14.728,10.614,1.229,6.129,1.031,1.0,0.0
train,204949,reject,frame_crossing+arena+ref_contact,4.465,5.135,14.743,7.061,1.167,5.211,1.158,3.0,0.0
train,204950,reject,frame_crossing+arena+ref_contact,4.047,5.429,14.702,6.71,1.234,4.993,1.644,1.0,0.0
train,204951,reject,frame_crossing+arena+ref_contact,4.517,5.508,14.713,10.395,1.252,5.655,1.372,1.0,0.0
train,204952,reject,frame_crossing+arena+ref_contact,4.923,5.701,14.736,9.526,1.296,6.378,2.571,2.0,0.0
train,204953,reject,frame_crossing+arena+ref_contact,5.323,6.288,14.643,7.76,1.429,7.607,1.939,2.0,0.0
train,204954,reject,frame_crossing+arena+ref_contact,4.468,4.481,14.624,7.571,1.018,4.551,1.263,2.0,0.0
train,204955,reject,frame_crossing+arena+ref_contact,4.575,4.964,14.753,8.477,1.128,5.161,2.049,1.0,0.0
train,204956,reject,frame_crossing+ref_contact,4.78,4.328,14.641,9.125,1.0,4.78,1.231,2.0,0.0
train,204957,reject,frame_crossing+ref_contact,4.417,4.872,14.529,8.19,1.107,4.891,1.311,1.0,0.0
train,204958,reject,arena,4.021,5.499,14.745,8.444,1.25,5.025,1.28,0.0,0.036
train,204959,reject,frame_crossing+arena+ref_contact,4.855,6.344,14.723,8.749,1.442,7.0,1.849,2.0,0.0
train,204960,reject,frame_crossing+arena+ref_contact,4.313,5.666,14.648,6.764,1.288,5.554,1.327,1.0,0.0
train,204961,reject,frame_crossing+arena+ref_contact,3.936,4.846,14.682,8.028,1.101,4.335,1.582,1.0,0.0
train,204962,reject,frame_crossing+arena+ref_contact,4.951,6.189,14.747,6.193,1.407,6.964,1.333,1.0,0.0
train,204963,reject,frame_crossing+arena+ref_contact,4.131,3.865,14.625,9.516,1.0,4.131,1.058,1.0,0.0
train,204964,reject,frame_crossing+arena+ref_contact,4.599,4.204,14.757,8.023,1.0,4.599,1.56,1.0,0.0
train,204965,reject,frame_crossing+arena+ref_contact,4.524,3.97,14.718,5.035,1.0,4.524,1.596,1.0,0.0
train,204966,reject,frame_crossing+ref_contact,4.746,4.988,14.702,7.224,1.134,5.381,1.097,1.0,0.0
train,204967,reject,arena+frame_margin,4.537,5.566,14.746,8.447,1.265,5.74,2.049,0.0,0.023
train,204968,reject,frame_crossing+arena+ref_contact,3.857,5.166,14.71,7.353,1.174,4.528,1.66,1.0,0.0
train,204969,reject,arena+frame_margin,4.381,4.672,14.49,6.632,1.062,4.652,1.451,0.0,0.016
train,204970,reject,frame_crossing+arena+ref_contact,4.268,4.615,14.701,7.392,1.049,4.477,1.162,3.0,0.0
train,204971,reject,arena,4.599,5.386,14.711,7.108,1.224,5.63,1.327,0.0,0.038
train,204972,reject,arena+frame_margin,4.569,4.664,14.553,8.072,1.06,4.844,1.829,0.0,0.003
train,204973,reject,frame_crossing+arena+ref_contact,4.561,4.308,14.65,7.087,1.0,4.561,1.176,2.0,0.0
train,204974,reject,arena+frame_margin,4.994,6.327,14.713,7.471,1.438,7.18,1.744,0.0,0.021
train,204975,reject,frame_crossing+ref_contact,4.627,5.99,14.687,6.098,1.361,6.299,1.821,1.0,0.0
train,204976,reject,frame_crossing+arena+ref_contact,4.816,5.421,14.705,6.041,1.232,5.933,1.491,2.0,0.0
train,204977,reject,frame_crossing+arena+ref_contact,4.436,5.63,14.656,6.656,1.279,5.675,1.171,1.0,0.0
train,204978,reject,frame_crossing+arena+ref_contact,4.688,5.823,14.731,9.07,1.323,6.203,1.706,1.0,0.0
train,204979,reject,frame_crossing+arena+ref_contact,4.022,4.528,14.738,6.763,1.029,4.139,1.894,1.0,0.0
train,204980,reject,frame_crossing+arena+ref_contact,4.325,4.587,14.65,7.942,1.042,4.508,1.073,1.0,0.0
train,204981,reject,frame_crossing+ref_contact,4.342,4.488,14.73,9.282,1.02,4.429,1.47,2.0,0.0
train,204982,reject,frame_crossing+arena+ref_contact,3.904,4.202,14.709,6.918,1.0,3.904,1.103,1.0,0.0
train,204983,reject,frame_crossing+arena+ref_contact,4.817,5.178,14.638,7.04,1.177,5.669,1.475,2.0,0.0
train,204984,reject,frame_crossing+arena+ref_contact,4.33,5.909,14.708,6.137,1.343,5.815,1.172,2.0,0.0
train,204985,reject,frame_crossing+arena+ref_contact,5.265,5.725,14.667,8.602,1.301,6.849,1.936,2.0,0.0
train,204986,reject,frame_crossing+arena+ref_contact,4.551,5.318,14.716,8.625,1.209,5.5,1.031,1.0,0.0
train,204987,reject,frame_crossing+arena+ref_contact,4.392,5.021,14.681,7.005,1.141,5.011,1.162,2.0,0.0
train,204988,reject,frame_crossing+arena+ref_contact,4.363,6.241,14.682,5.77,1.418,6.189,1.92,3.0,0.0
train,204989,reject,arena,3.756,4.051,14.7,8.252,1.0,3.756,1.077,0.0,0.038
train,204990,reject,frame_crossing+arena+ref_contact,5.086,6.516,14.709,7.861,1.481,7.533,1.128,1.0,0.0
train,204991,reject,arena,4.451,4.92,14.563,7.07,1.118,4.978,1.031,0.0,0.036
train,204992,reject,frame_crossing+arena+ref_contact,4.422,4.879,14.744,8.414,1.109,4.904,1.408,1.0,0.0
train,204993,reject,frame_crossing+arena+ref_contact,4.204,4.949,14.779,7.517,1.125,4.728,1.651,2.0,0.0
train,204994,reject,frame_crossing+arena+ref_contact,4.163,6.538,14.742,6.018,1.486,6.187,1.228,1.0,0.0
train,204995,reject,arena,3.861,4.14,14.659,8.499,1.0,3.861,1.047,0.0,0.05
train,204996,reject,frame_crossing+ref_contact,4.816,5.316,14.597,9.534,1.208,5.818,1.912,2.0,0.0
train,204997,reject,frame_crossing+ref_contact,4.824,5.38,14.702,8.205,1.223,5.899,1.348,2.0,0.0
train,204998,reject,arena+frame_margin,4.865,5.739,14.661,6.114,1.304,6.346,1.538,0.0,0.011
train,204999,reject,arena,4.224,6.114,14.75,6.675,1.39,5.87,1.103,0.0,0.039
train,205000,reject,frame_crossing+arena+ref_contact,4.759,4.961,14.681,7.063,1.127,5.365,1.434,3.0,0.0
train,205001,reject,frame_crossing+arena+ref_contact,4.859,6.036,14.692,9.907,1.372,6.666,1.723,4.0,0.0
train,205002,reject,frame_crossing+arena+ref_contact,4.411,5.67,14.763,9.623,1.289,5.684,1.433,1.0,0.0
train,205003,reject,frame_crossing+ref_contact,4.644,5.404,14.77,6.563,1.228,5.704,1.571,1.0,0.0
train,205004,reject,frame_crossing+arena+ref_contact,4.305,4.911,14.638,9.536,1.116,4.805,1.026,1.0,0.0
train,205005,reject,frame_crossing+arena+ref_contact,4.581,4.575,14.684,5.853,1.04,4.764,1.031,1.0,0.0
train,205006,reject,frame_crossing+ref_contact,4.097,4.666,14.697,11.343,1.06,4.344,1.231,2.0,0.0
train,205007,reject,frame_crossing+arena+ref_contact,4.979,6.372,14.733,8.437,1.448,7.21,1.972,1.0,0.0
train,205008,reject,frame_crossing+arena+ref_contact,4.928,5.8,14.697,9.702,1.318,6.495,1.047,2.0,0.0
train,205009,reject,frame_crossing+arena+ref_contact,4.691,5.63,14.711,8.767,1.279,6.002,1.523,2.0,0.0
train,205010,pass,,4.256,3.997,14.712,7.628,1.0,4.256,1.271,0.0,0.044
train,205011,reject,frame_crossing+ref_contact,4.515,5.348,14.701,7.993,1.215,5.488,1.597,2.0,0.0
train,205012,reject,frame_crossing+arena+ref_contact,4.443,6.553,14.697,5.906,1.489,6.617,1.754,2.0,0.0
train,205013,reject,frame_crossing+arena+ref_contact,4.828,5.625,14.598,7.052,1.278,6.173,1.293,3.0,0.0
train,205014,reject,frame_crossing+arena+ref_contact,4.856,5.974,14.647,9.061,1.358,6.592,1.323,2.0,0.0
train,205015,reject,frame_crossing+arena+ref_contact,4.693,5.543,14.774,9.644,1.26,5.912,1.058,2.0,0.0
train,205016,reject,frame_crossing+arena+ref_contact,4.637,6.169,14.671,6.625,1.402,6.502,1.323,2.0,0.0
train,205017,reject,frame_crossing+arena+ref_contact,4.155,3.921,14.697,7.122,1.0,4.155,1.609,1.0,0.0
train,205018,reject,frame_crossing+arena+ref_contact,5.018,5.441,14.697,8.876,1.237,6.206,1.118,1.0,0.0
train,205019,reject,frame_crossing+arena+ref_contact,4.927,5.942,14.697,6.646,1.35,6.653,1.368,3.0,0.0
train,205020,reject,frame_crossing+arena+ref_contact,4.884,5.857,14.719,8.497,1.331,6.502,1.172,1.0,0.0
train,205021,reject,frame_crossing+arena+ref_contact,4.201,5.319,14.681,6.386,1.209,5.079,1.171,1.0,0.0
train,205022,reject,frame_crossing+arena+ref_contact,4.171,4.953,14.571,9.868,1.126,4.695,1.109,1.0,0.0
train,205023,reject,frame_crossing+arena+ref_contact,4.392,5.318,14.717,7.296,1.209,5.308,1.333,2.0,0.0
train,205024,reject,frame_crossing+arena+ref_contact,4.305,6.044,14.783,5.897,1.374,5.913,1.109,2.0,0.0
train,205025,reject,frame_crossing+ref_contact,4.244,4.865,14.699,9.848,1.106,4.692,1.564,2.0,0.0
train,205026,reject,frame_crossing+arena+ref_contact,4.49,4.195,14.556,5.787,1.0,4.49,1.398,2.0,0.0
train,205027,reject,frame_crossing+arena+ref_contact,4.385,6.084,14.648,5.896,1.383,6.062,1.687,1.0,0.0
train,205028,reject,frame_crossing+arena+ref_contact,4.931,4.856,14.575,8.836,1.104,5.442,1.133,2.0,0.0
train,205029,reject,frame_crossing+arena+ref_contact,4.629,4.925,14.69,10.031,1.119,5.181,1.631,2.0,0.0
train,205030,reject,frame_crossing+arena+frame_margin,4.746,6.179,14.719,7.024,1.404,6.665,2.13,1.0,0.005
train,205031,reject,frame_crossing+arena+ref_contact,4.714,5.389,14.723,8.42,1.225,5.773,2.155,1.0,0.0
train,205032,reject,frame_crossing+arena+ref_contact,4.194,5.192,14.701,8.423,1.18,4.95,1.162,1.0,0.0
train,205033,reject,frame_crossing+arena+ref_contact,4.772,6.474,14.756,6.679,1.471,7.021,1.031,2.0,0.0
train,205034,reject,frame_crossing+arena+ref_contact,4.435,6.31,14.731,6.029,1.434,6.359,2.654,1.0,0.0
train,205035,reject,frame_crossing+arena+ref_contact,4.744,5.952,14.655,6.887,1.353,6.417,1.403,2.0,0.0
train,205036,reject,frame_crossing+arena+ref_contact,4.653,6.289,14.755,7.74,1.429,6.652,1.103,3.0,0.0
train,205037,reject,arena+ref_contact,4.763,5.064,14.738,8.44,1.151,5.482,1.337,0.0,0.0
train,205038,reject,frame_crossing+arena+ref_contact,5.189,5.287,14.695,9.439,1.202,6.235,1.739,2.0,0.0
train,205039,reject,frame_crossing+arena+ref_contact,4.787,5.925,14.663,7.535,1.347,6.447,1.408,1.0,0.0
train,205040,reject,frame_crossing+arena+ref_contact,4.84,6.398,14.745,8.79,1.454,7.037,2.164,3.0,0.0
train,205041,reject,frame_crossing+arena+ref_contact,4.851,5.508,14.675,8.864,1.252,6.073,2.172,2.0,0.0
train,205042,reject,arena+ref_contact,4.78,5.472,14.701,7.794,1.244,5.945,2.177,0.0,0.0
train,205043,reject,arena,4.427,5.285,14.742,8.11,1.201,5.317,1.073,0.0,0.038
train,205044,reject,frame_crossing+arena+ref_contact,4.483,4.747,14.694,7.967,1.079,4.837,1.072,2.0,0.0
train,205045,reject,frame_crossing+arena+ref_contact,4.259,4.596,14.709,8.612,1.045,4.449,1.073,1.0,0.0
train,205046,reject,frame_crossing+arena+ref_contact,4.637,5.886,14.728,5.488,1.338,6.203,1.663,2.0,0.0
train,205047,reject,frame_crossing+ref_contact,4.438,4.99,14.747,6.262,1.134,5.034,1.408,1.0,0.0
train,205048,reject,frame_crossing+arena+ref_contact,5.173,6.419,14.618,6.642,1.459,7.547,1.774,3.0,0.0
train,205049,reject,frame_crossing+arena+ref_contact,4.956,5.324,14.735,9.22,1.21,5.996,1.384,3.0,0.0
train,205050,reject,frame_crossing+arena+ref_contact,4.53,4.035,14.618,6.616,1.0,4.53,1.047,2.0,0.0
train,205051,reject,frame_crossing+ref_contact,4.636,5.3,14.746,9.509,1.204,5.584,1.337,3.0,0.0
train,205052,reject,frame_crossing+arena+ref_contact,4.854,5.138,14.706,8.351,1.168,5.668,1.103,1.0,0.0
train,205053,reject,frame_crossing+arena+ref_contact,4.714,5.853,14.694,6.346,1.33,6.27,1.654,1.0,0.0
train,205054,reject,frame_crossing+arena+ref_contact,4.566,4.922,14.71,10.31,1.119,5.108,1.271,2.0,0.0
train,205055,reject,frame_crossing+arena+ref_contact,4.759,5.815,14.778,7.114,1.322,6.289,1.37,1.0,0.0
train,205056,reject,arena+frame_margin,4.405,5.639,14.75,7.438,1.282,5.645,2.155,0.0,0.021
train,205057,reject,frame_crossing+arena+ref_contact,4.689,5.477,14.758,9.124,1.245,5.837,1.162,2.0,0.0
train,205058,reject,frame_crossing+arena+ref_contact,4.13,3.856,14.722,5.246,1.0,4.13,1.263,2.0,0.0
train,205059,reject,frame_crossing+arena+ref_contact,4.507,6.043,14.691,7.021,1.373,6.19,1.109,1.0,0.0
train,205060,reject,arena,3.923,4.431,14.717,4.594,1.007,3.95,1.176,0.0,0.036
train,205061,reject,frame_crossing+arena+ref_contact,4.495,6.209,14.736,6.954,1.411,6.344,1.477,1.0,0.0
train,205062,reject,frame_crossing+arena+ref_contact,5.089,6.374,14.603,6.85,1.449,7.372,1.856,3.0,0.0
train,205063,reject,frame_crossing+arena+ref_contact,4.971,6.266,14.733,9.378,1.424,7.079,1.035,2.0,0.0
train,205064,reject,frame_crossing+arena+ref_contact,4.668,5.202,14.716,5.882,1.182,5.518,1.505,1.0,0.0
train,205065,pass,,4.439,4.926,14.733,9.72,1.12,4.97,1.271,0.0,0.036
train,205066,reject,frame_crossing+arena+ref_contact,4.773,5.335,14.555,9.329,1.213,5.787,1.328,2.0,0.0
train,205067,reject,arena,3.722,4.818,14.67,7.827,1.095,4.076,2.058,0.0,0.04
train,205068,reject,frame_crossing+arena+ref_contact,4.803,6.841,14.64,8.061,1.555,7.468,1.433,2.0,0.0
train,205069,reject,arena,4.457,4.865,14.677,8.967,1.106,4.928,1.396,0.0,0.04
train,205070,reject,frame_crossing+arena+ref_contact,4.344,6.328,14.612,6.986,1.438,6.247,1.592,1.0,0.0
train,205071,reject,frame_crossing+arena+ref_contact,4.621,5.447,14.71,8.466,1.238,5.72,2.019,3.0,0.0
train,205072,reject,frame_crossing+ref_contact,4.584,5.064,14.603,9.063,1.151,5.276,1.176,2.0,0.0
train,205073,reject,frame_crossing+arena+ref_contact,4.529,5.63,14.733,10.394,1.28,5.795,1.015,1.0,0.0
train,205074,pass,,4.262,3.96,14.579,7.634,1.0,4.262,1.429,0.0,0.035
train,205075,reject,frame_crossing+arena+ref_contact,4.291,4.97,14.652,7.802,1.13,4.847,1.162,1.0,0.0
train,205076,reject,arena+frame_margin,4.29,5.493,14.667,9.43,1.248,5.356,1.072,0.0,0.023
train,205077,pass,,4.173,4.106,14.754,6.793,1.0,4.173,1.301,0.0,0.036
train,205078,reject,arena+ref_contact,4.655,4.701,14.609,7.776,1.068,4.973,1.015,0.0,0.0
train,205079,reject,frame_crossing+ref_contact,4.256,4.162,14.686,6.325,1.0,4.256,1.13,1.0,0.0
train,205080,reject,frame_crossing+arena+ref_contact,4.682,5.351,14.737,7.865,1.216,5.694,1.553,1.0,0.0
train,205081,reject,frame_crossing+arena+ref_contact,4.716,6.526,14.658,5.865,1.483,6.995,1.405,1.0,0.0
train,205082,reject,frame_margin,4.149,5.281,14.635,7.973,1.2,4.98,1.368,0.0,0.002
train,205083,reject,frame_crossing+arena+ref_contact,4.668,5.026,14.73,7.732,1.142,5.333,1.699,2.0,0.0
train,205084,reject,frame_crossing+arena+ref_contact,4.789,6.403,14.647,5.83,1.455,6.969,1.529,1.0,0.0
train,205085,reject,frame_crossing+arena+ref_contact,4.408,5.837,14.686,5.585,1.327,5.848,1.523,1.0,0.0
train,205086,reject,frame_crossing+ref_contact,4.235,3.647,14.624,5.364,1.0,4.235,1.073,1.0,0.0
train,205087,reject,frame_crossing+arena+ref_contact,4.776,6.21,14.599,7.368,1.411,6.74,1.5,1.0,0.0
train,205088,reject,frame_crossing+arena+ref_contact,4.745,4.397,14.527,4.229,1.0,4.745,1.029,1.0,0.0
train,205089,reject,frame_crossing+ref_contact,4.21,4.292,14.636,7.555,1.0,4.21,1.13,1.0,0.0
train,205090,reject,frame_crossing+arena+ref_contact,4.778,5.532,14.731,7.317,1.257,6.007,1.523,1.0,0.0
train,205091,reject,frame_crossing+arena+ref_contact,4.507,5.41,14.61,9.268,1.23,5.541,1.153,2.0,0.0
train,205092,reject,frame_crossing+arena+ref_contact,4.37,4.925,14.728,8.648,1.119,4.891,1.073,3.0,0.0
train,205093,reject,frame_crossing+arena+ref_contact,4.704,4.272,14.666,6.063,1.0,4.704,1.433,1.0,0.0
train,205094,reject,frame_crossing+arena+ref_contact,4.109,6.196,14.763,6.989,1.408,5.787,1.47,1.0,0.0
train,205095,reject,frame_crossing+arena+ref_contact,3.989,3.953,14.638,5.299,1.0,3.989,1.176,1.0,0.0
train,205096,reject,frame_crossing+arena+ref_contact,4.082,4.566,14.719,8.205,1.038,4.236,1.756,1.0,0.0
train,205097,reject,frame_crossing+arena+ref_contact,4.612,4.708,14.668,7.504,1.07,4.934,1.363,2.0,0.0
train,205098,reject,frame_crossing+arena+ref_contact,4.427,4.895,14.748,11.023,1.113,4.925,1.972,1.0,0.0
train,205099,reject,frame_crossing+arena+ref_contact,4.54,6.103,14.77,6.963,1.387,6.296,1.779,1.0,0.0
train,205100,reject,arena,4.506,5.445,14.667,7.39,1.238,5.576,1.831,0.0,0.036
train,205101,reject,arena,3.604,4.459,14.688,5.908,1.013,3.652,1.032,0.0,0.032
train,205102,reject,frame_crossing+arena+ref_contact,5.146,5.26,14.654,8.652,1.196,6.152,1.043,1.0,0.0
train,205103,reject,frame_crossing+arena+ref_contact,5.382,6.473,14.603,8.53,1.471,7.917,2.019,3.0,0.0
train,205104,reject,frame_crossing+arena+ref_contact,5.043,5.74,14.629,7.99,1.305,6.579,1.627,2.0,0.0
train,205105,reject,frame_crossing+arena+ref_contact,5.088,5.332,14.618,8.172,1.212,6.166,1.419,2.0,0.0
train,205106,reject,frame_crossing+arena+ref_contact,4.731,5.284,14.721,8.453,1.201,5.682,1.073,1.0,0.0
train,205107,reject,arena+ref_contact,4.295,4.114,14.67,8.342,1.0,4.295,1.301,0.0,0.0
train,205108,reject,arena,3.971,3.268,14.654,5.863,1.0,3.971,1.249,0.0,0.037
train,205109,reject,frame_crossing+arena+ref_contact,4.597,5.034,14.661,7.112,1.144,5.259,1.026,3.0,0.0
train,205110,reject,frame_crossing+arena+ref_contact,4.852,5.408,14.66,6.299,1.229,5.964,1.451,3.0,0.0
train,205111,reject,arena,4.587,4.538,14.595,5.834,1.031,4.731,1.107,0.0,0.055
train,205112,reject,frame_crossing+arena+frame_margin,4.782,5.966,14.59,8.165,1.356,6.484,1.794,1.0,0.007
train,205113,reject,frame_crossing+arena+ref_contact,4.848,5.161,14.679,9.551,1.173,5.687,1.991,2.0,0.0
train,205114,reject,arena,4.801,5.285,14.727,8.739,1.201,5.766,1.235,0.0,0.036
train,205115,reject,frame_crossing+arena+ref_contact,4.407,4.515,14.55,6.705,1.026,4.522,1.043,2.0,0.0
train,205116,reject,frame_crossing+arena+ref_contact,4.402,5.533,14.768,5.995,1.258,5.535,1.403,2.0,0.0
train,205117,reject,arena+frame_margin,4.478,5.57,14.648,8.412,1.266,5.668,1.627,0.0,0.004
train,205118,reject,frame_crossing+arena+ref_contact,4.697,5.614,14.731,7.271,1.276,5.992,1.545,1.0,0.0
train,205119,reject,frame_crossing+arena+ref_contact,4.664,6.587,14.736,7.985,1.497,6.982,1.328,1.0,0.0
train,205120,reject,frame_crossing+arena+ref_contact,4.337,6.377,14.639,6.921,1.449,6.286,1.148,1.0,0.0
train,205121,reject,frame_crossing+arena+ref_contact,4.794,5.184,14.608,7.249,1.178,5.649,1.582,1.0,0.0
train,205122,reject,frame_crossing+ref_contact,4.217,4.64,14.581,7.887,1.055,4.447,1.176,1.0,0.0
train,205123,reject,frame_crossing+ref_contact,3.949,3.749,14.743,7.124,1.0,3.949,1.097,1.0,0.0
train,205124,reject,frame_crossing+arena+ref_contact,4.376,4.657,14.711,7.99,1.058,4.632,1.245,1.0,0.0
train,205125,reject,frame_crossing+arena+ref_contact,4.666,5.978,14.706,9.882,1.359,6.34,1.419,2.0,0.0
train,205126,reject,frame_crossing+arena+ref_contact,4.672,5.253,14.699,6.883,1.194,5.578,2.019,2.0,0.0
train,205127,reject,frame_crossing+ref_contact,4.554,5.611,14.573,8.112,1.275,5.808,1.523,2.0,0.0
train,205128,reject,frame_crossing+arena+ref_contact,4.853,6.102,14.588,7.263,1.387,6.73,1.363,3.0,0.0
train,205129,reject,frame_crossing+arena+ref_contact,4.322,4.06,14.762,7.608,1.0,4.322,1.047,2.0,0.0
train,205130,reject,arena+ref_contact,4.397,5.416,14.727,8.822,1.231,5.412,1.627,0.0,0.0
train,205131,reject,frame_crossing+ref_contact,4.971,5.478,14.697,11.017,1.245,6.189,2.278,2.0,0.0
train,205132,reject,frame_crossing+arena+ref_contact,4.395,4.959,14.737,9.402,1.127,4.952,1.383,2.0,0.0
train,205133,reject,arena+frame_margin,4.636,5.446,14.787,6.691,1.238,5.738,1.133,0.0,0.024
train,205134,reject,arena,4.191,5.001,14.701,8.302,1.137,4.764,1.335,0.0,0.046
train,205135,reject,frame_crossing+arena+ref_contact,4.82,5.821,14.723,10.442,1.323,6.377,1.047,3.0,0.0
train,205136,reject,frame_crossing+arena+ref_contact,4.491,5.868,14.716,7.971,1.334,5.989,1.873,1.0,0.0
train,205137,reject,frame_crossing+arena+ref_contact,4.883,5.437,14.763,10.073,1.236,6.034,2.283,3.0,0.0
train,205138,reject,frame_crossing+ref_contact,4.326,4.321,14.653,8.343,1.0,4.326,1.063,2.0,0.0
train,205139,reject,frame_crossing+ref_contact,4.424,3.786,14.573,5.817,1.0,4.424,1.176,1.0,0.0
train,205140,reject,frame_crossing+arena+ref_contact,4.975,5.673,14.74,10.065,1.289,6.414,1.761,3.0,0.0
train,205141,reject,arena,4.043,5.5,14.656,6.847,1.25,5.054,1.641,0.0,0.033
train,205142,reject,frame_crossing+arena+ref_contact,5.106,6.338,14.731,9.217,1.44,7.354,2.256,3.0,0.0
train,205143,reject,frame_crossing+arena+ref_contact,4.391,4.927,14.706,8.132,1.12,4.917,1.031,1.0,0.0
train,205144,reject,frame_crossing+arena+ref_contact,5.016,6.03,14.657,9.134,1.371,6.875,1.043,3.0,0.0
train,205145,reject,frame_crossing+arena+ref_contact,4.576,5.093,14.755,9.723,1.158,5.297,1.712,1.0,0.0
train,205146,reject,frame_crossing+arena+ref_contact,4.393,6.101,14.757,7.074,1.387,6.092,1.545,2.0,0.0
train,205147,reject,frame_crossing+ref_contact,4.321,4.876,14.693,9.194,1.108,4.788,1.271,2.0,0.0
train,205148,reject,frame_crossing+arena+ref_contact,4.369,4.24,14.654,8.387,1.0,4.369,1.176,1.0,0.0
train,205149,reject,frame_crossing+ref_contact,4.288,4.618,14.676,8.079,1.05,4.5,1.249,2.0,0.0
train,205150,reject,frame_crossing+arena+ref_contact,4.143,3.93,14.506,5.439,1.0,4.143,1.153,1.0,0.0
train,205151,reject,frame_crossing+arena+ref_contact,4.573,5.333,14.736,8.618,1.212,5.543,1.451,2.0,0.0
train,205152,reject,frame_crossing+arena+ref_contact,4.635,5.689,14.776,9.341,1.293,5.993,1.739,1.0,0.0
train,205153,reject,frame_crossing+ref_contact,4.414,4.335,14.744,6.345,1.0,4.414,1.249,1.0,0.0
train,205154,reject,arena,3.979,4.188,14.709,5.359,1.0,3.979,1.245,0.0,0.042
train,205155,reject,frame_crossing+arena+ref_contact,4.806,4.494,14.609,7.994,1.021,4.908,1.695,2.0,0.0
train,205156,reject,frame_crossing+arena+ref_contact,4.908,4.037,14.64,7.105,1.0,4.908,1.032,3.0,0.0
train,205157,reject,frame_crossing+arena+ref_contact,5.027,5.139,14.755,8.761,1.168,5.871,2.203,2.0,0.0
train,205158,pass,,3.978,4.337,14.685,4.066,1.0,3.978,1.107,0.0,0.037
train,205159,reject,frame_crossing+arena+ref_contact,5.357,5.458,14.625,9.097,1.24,6.645,1.072,2.0,0.0
train,205160,reject,frame_crossing+arena+ref_contact,5.035,4.527,14.701,9.378,1.029,5.18,1.609,3.0,0.0
train,205161,reject,arena,4.384,4.609,14.631,4.694,1.048,4.592,1.158,0.0,0.037
train,205162,reject,frame_crossing+arena+ref_contact,5.102,5.047,14.702,9.234,1.147,5.853,2.589,1.0,0.0
train,205163,reject,frame_crossing+arena+ref_contact,4.845,5.059,14.714,7.502,1.15,5.572,1.204,4.0,0.0
train,205164,reject,frame_crossing+arena+ref_contact,4.993,6.537,14.72,8.197,1.486,7.418,1.026,1.0,0.0
train,205165,pass,,4.417,4.947,14.727,5.881,1.124,4.967,1.109,0.0,0.042
train,205166,reject,arena,4.37,5.578,14.551,8.111,1.268,5.54,1.35,0.0,0.036
train,205167,reject,arena+frame_margin,4.218,5.673,14.735,7.074,1.289,5.438,1.327,0.0,0.028
train,205168,reject,frame_crossing+arena+ref_contact,4.802,5.8,14.75,8.878,1.318,6.33,1.764,1.0,0.0
train,205169,reject,arena,4.473,4.688,14.774,6.545,1.065,4.765,1.118,0.0,0.037
train,205170,reject,arena,3.756,3.985,14.745,6.348,1.0,3.756,1.529,0.0,0.064
train,205171,reject,frame_crossing+arena+ref_contact,5.223,6.475,14.696,6.199,1.472,7.686,1.337,3.0,0.0
train,205172,reject,frame_crossing+arena+ref_contact,4.906,5.394,14.688,7.208,1.226,6.014,1.44,4.0,0.0
train,205173,reject,arena,4.646,5.123,14.703,6.493,1.164,5.41,1.172,0.0,0.035
train,205174,reject,arena,4.176,3.728,14.71,6.031,1.0,4.176,1.133,0.0,0.037
train,205175,reject,frame_crossing+arena+ref_contact,5.004,5.613,14.689,9.415,1.276,6.384,2.428,1.0,0.0
train,205176,reject,frame_crossing+arena+ref_contact,4.509,4.662,14.574,7.804,1.06,4.778,1.267,1.0,0.0
train,205177,reject,arena,4.651,5.154,14.587,9.916,1.171,5.448,1.204,0.0,0.035
train,205178,reject,arena+ref_contact,4.573,4.662,14.505,8.2,1.06,4.845,1.799,0.0,0.0
train,205179,reject,frame_crossing+arena+ref_contact,4.984,5.427,14.532,8.562,1.233,6.148,1.543,2.0,0.0
train,205180,reject,arena,4.204,4.707,14.688,8.588,1.07,4.498,1.148,0.0,0.045
train,205181,reject,frame_crossing+arena+ref_contact,4.824,4.961,14.649,6.527,1.127,5.438,1.47,1.0,0.0
train,205182,reject,frame_crossing+arena+ref_contact,4.375,4.022,14.575,7.292,1.0,4.375,1.542,1.0,0.0
train,205183,reject,frame_crossing+arena+ref_contact,4.362,5.396,14.531,7.409,1.226,5.35,1.073,2.0,0.0
train,205184,reject,frame_crossing+arena+ref_contact,4.72,5.265,14.703,6.686,1.197,5.648,1.249,2.0,0.0
train,205185,reject,arena,3.956,4.494,14.724,8.496,1.021,4.04,1.335,0.0,0.037
train,205186,reject,frame_crossing+arena+ref_contact,4.567,5.606,14.7,9.082,1.274,5.819,1.181,2.0,0.0
train,205187,reject,frame_crossing+arena+frame_margin,4.327,4.169,14.684,8.562,1.0,4.327,1.043,1.0,0.008
train,205188,reject,frame_crossing+arena+frame_margin,4.204,4.76,14.766,8.046,1.082,4.548,1.029,1.0,0.005
train,205189,reject,frame_crossing+arena+ref_contact,4.797,5.399,14.654,9.833,1.227,5.887,1.592,3.0,0.0
train,205190,reject,frame_crossing+arena+ref_contact,4.167,3.693,14.721,7.363,1.0,4.167,1.253,1.0,0.0
train,205191,reject,frame_crossing+arena+ref_contact,5.211,5.817,14.69,9.661,1.322,6.889,1.097,2.0,0.0
train,205192,reject,frame_crossing+arena+ref_contact,3.908,4.816,14.661,8.027,1.095,4.278,1.488,1.0,0.0
train,205193,reject,frame_crossing+arena+frame_margin,5.149,5.934,14.728,8.369,1.349,6.944,1.372,1.0,0.003
train,205194,reject,frame_crossing+arena+ref_contact,5.229,4.839,14.68,8.544,1.1,5.75,1.245,2.0,0.0
train,205195,reject,frame_margin,4.584,4.821,14.616,8.06,1.096,5.023,1.383,0.0,0.014
train,205196,reject,frame_crossing+ref_contact,5.1,5.112,14.73,6.889,1.162,5.926,1.172,1.0,0.0
train,205197,reject,arena,3.833,4.326,14.687,8.502,1.0,3.833,1.301,0.0,0.044
train,205198,reject,frame_crossing+ref_contact,4.413,4.345,14.651,8.449,1.0,4.413,1.5,1.0,0.0
train,205199,pass,,4.084,4.665,14.56,8.11,1.06,4.331,1.429,0.0,0.049
train,205200,reject,frame_crossing+arena+ref_contact,4.862,6.049,14.57,7.12,1.375,6.683,1.035,3.0,0.0
train,205201,pass,,4.04,5.0,14.728,6.467,1.136,4.591,1.031,0.0,0.06
train,205202,reject,frame_crossing+arena+ref_contact,4.769,5.035,14.696,8.452,1.144,5.457,1.053,1.0,0.0
train,205203,reject,frame_crossing+ref_contact,4.976,5.046,14.705,8.987,1.147,5.707,1.015,3.0,0.0
train,205204,reject,frame_crossing+arena+ref_contact,5.0,5.616,14.723,7.96,1.276,6.382,2.946,1.0,0.0
train,205205,reject,frame_crossing+arena+ref_contact,4.423,4.573,14.724,7.821,1.039,4.598,1.228,3.0,0.0
train,205206,reject,frame_crossing+arena+ref_contact,4.627,5.2,14.702,11.406,1.182,5.468,1.571,2.0,0.0
train,205207,reject,frame_crossing+arena+ref_contact,4.782,6.436,14.654,6.691,1.463,6.994,1.032,1.0,0.0
train,205208,reject,arena,4.33,4.948,14.665,6.917,1.125,4.869,1.293,0.0,0.036
train,205209,reject,arena+frame_margin,4.515,4.819,14.55,7.801,1.095,4.945,1.271,0.0,0.019
train,205210,reject,frame_crossing+arena+ref_contact,4.446,5.72,14.629,9.002,1.3,5.781,2.374,1.0,0.0
train,205211,reject,frame_crossing+arena+ref_contact,4.64,5.533,14.732,9.768,1.258,5.834,1.92,2.0,0.0
train,205212,reject,frame_crossing+arena+ref_contact,4.192,4.039,14.679,8.503,1.0,4.192,1.148,1.0,0.0
train,205213,reject,frame_crossing+arena+ref_contact,4.505,4.395,14.666,6.003,1.0,4.505,1.015,1.0,0.0
train,205214,reject,frame_crossing+arena+ref_contact,4.009,4.832,14.629,6.745,1.098,4.402,1.267,1.0,0.0
train,205215,reject,frame_crossing+arena+ref_contact,4.236,4.914,14.697,5.869,1.117,4.732,1.026,1.0,0.0
train,205216,reject,frame_crossing+arena+ref_contact,3.817,4.097,14.548,10.363,1.0,3.817,1.015,1.0,0.0
train,205217,reject,frame_crossing+arena+ref_contact,4.66,5.634,14.747,8.705,1.28,5.967,1.249,2.0,0.0
train,205218,reject,frame_crossing+arena+ref_contact,4.449,6.527,14.772,9.826,1.483,6.599,1.266,3.0,0.0
train,205219,reject,frame_crossing+ref_contact,4.124,4.445,14.666,6.345,1.01,4.166,1.263,1.0,0.0
train,205220,reject,arena+frame_margin,3.954,4.497,14.652,7.018,1.022,4.041,1.263,0.0,0.015
train,205221,reject,frame_crossing+ref_contact,4.296,5.783,14.678,9.005,1.314,5.646,1.641,1.0,0.0
train,205222,reject,frame_crossing+arena+ref_contact,4.781,6.473,14.68,7.356,1.471,7.034,1.529,2.0,0.0
train,205223,reject,frame_crossing+ref_contact,4.409,5.233,14.786,8.087,1.189,5.244,1.058,1.0,0.0
train,205224,reject,arena,3.897,4.04,14.584,8.287,1.0,3.897,1.47,0.0,0.037
train,205225,reject,frame_crossing+arena+ref_contact,4.839,6.353,14.602,7.472,1.444,6.987,1.204,1.0,0.0
train,205226,reject,frame_crossing+arena+ref_contact,4.558,5.475,14.716,7.843,1.244,5.671,1.735,1.0,0.0
train,205227,reject,frame_crossing+arena+ref_contact,4.899,5.91,14.755,7.436,1.343,6.579,1.13,1.0,0.0
train,205228,reject,frame_crossing+arena+ref_contact,4.386,4.935,14.632,8.353,1.122,4.92,1.189,1.0,0.0
train,205229,reject,frame_crossing+arena+ref_contact,5.212,5.835,14.664,6.862,1.326,6.912,1.176,3.0,0.0
train,205230,reject,frame_crossing+arena+ref_contact,4.948,5.318,14.649,8.332,1.209,5.981,1.974,4.0,0.0
train,205231,reject,frame_crossing+arena+ref_contact,4.499,5.963,14.764,6.924,1.355,6.097,1.398,2.0,0.0
train,205232,reject,arena,4.009,4.964,14.607,8.184,1.128,4.523,1.794,0.0,0.036
train,205233,reject,frame_crossing+ref_contact,4.05,5.142,14.733,8.667,1.169,4.734,1.266,1.0,0.0
train,205234,reject,arena+ref_contact,4.739,6.424,14.665,7.273,1.46,6.918,1.047,0.0,0.0
train,205235,reject,arena,4.489,4.368,14.659,6.921,1.0,4.489,1.35,0.0,0.041
train,205236,pass,,3.997,3.247,14.633,5.649,1.0,3.997,1.172,0.0,0.037
train,205237,reject,frame_crossing+arena+ref_contact,4.569,5.416,14.63,8.876,1.231,5.625,1.864,2.0,0.0
train,205238,reject,frame_crossing+arena+ref_contact,4.922,6.497,14.705,7.815,1.477,7.267,1.699,1.0,0.0
train,205239,reject,frame_crossing+arena+frame_margin,4.28,5.736,14.737,5.776,1.304,5.579,1.162,1.0,0.0
train,205240,reject,frame_crossing+ref_contact,4.26,5.543,14.604,6.867,1.26,5.366,1.35,1.0,0.0
train,205241,reject,frame_crossing+arena+ref_contact,5.104,6.406,14.694,7.938,1.456,7.43,1.735,2.0,0.0
train,205242,reject,frame_crossing+arena+ref_contact,4.65,4.728,14.772,7.72,1.075,4.997,1.92,1.0,0.0
train,205243,pass,,3.958,3.752,14.67,5.785,1.0,3.958,1.063,0.0,0.043
train,205244,reject,frame_crossing+arena+frame_margin,4.387,5.4,14.758,6.748,1.227,5.384,1.35,1.0,0.001
train,205245,reject,frame_crossing+arena+ref_contact,4.512,5.642,14.764,8.567,1.282,5.786,1.235,2.0,0.0
train,205246,reject,frame_crossing+arena+ref_contact,4.481,4.794,14.666,7.379,1.09,4.882,2.086,1.0,0.0
train,205247,reject,frame_crossing+ref_contact,4.487,5.369,14.636,7.312,1.22,5.475,1.029,2.0,0.0
train,205248,reject,frame_crossing+arena+ref_contact,3.785,4.257,14.671,8.257,1.0,3.785,1.654,1.0,0.0
train,205249,reject,arena,4.667,5.818,14.664,6.056,1.322,6.171,1.063,0.0,0.046
train,205250,reject,frame_crossing+arena+ref_contact,4.172,4.11,14.664,8.23,1.0,4.172,1.176,1.0,0.0
train,205251,reject,frame_margin,4.671,5.396,14.68,5.588,1.226,5.728,1.035,0.0,0.011
train,205252,reject,frame_crossing+arena+ref_contact,4.055,4.616,14.711,7.67,1.049,4.254,1.189,2.0,0.0
train,205253,reject,frame_crossing+arena+ref_contact,4.206,5.374,14.681,8.201,1.221,5.137,1.475,1.0,0.0
train,205254,reject,frame_crossing+arena+ref_contact,4.195,5.218,14.791,6.548,1.186,4.976,1.077,1.0,0.0
train,205255,reject,frame_crossing+arena+ref_contact,4.047,4.075,14.663,6.124,1.0,4.047,1.162,1.0,0.0
train,205256,reject,arena+ref_contact,4.396,5.037,14.739,7.035,1.145,5.032,1.228,0.0,0.0
train,205257,reject,frame_crossing+arena+ref_contact,4.738,5.594,14.639,7.229,1.271,6.025,1.569,2.0,0.0
train,205258,reject,frame_crossing+arena+ref_contact,4.828,5.331,14.557,6.899,1.212,5.849,1.072,2.0,0.0
train,205259,reject,frame_crossing+frame_margin,4.169,4.454,14.703,6.048,1.012,4.221,1.077,1.0,0.018
train,205260,reject,frame_crossing+arena+ref_contact,4.297,4.119,14.715,6.6,1.0,4.297,1.44,1.0,0.0
train,205261,reject,frame_crossing+arena+ref_contact,4.862,6.275,14.639,7.134,1.426,6.934,1.047,2.0,0.0
train,205262,reject,frame_crossing+arena+ref_contact,4.79,5.601,14.633,6.88,1.273,6.098,1.789,2.0,0.0
train,205263,reject,arena+ref_contact,4.681,4.552,14.593,6.834,1.035,4.843,1.133,0.0,0.0
train,205264,reject,frame_crossing+arena+ref_contact,4.763,5.622,14.717,9.3,1.278,6.086,1.043,2.0,0.0
train,205265,reject,frame_crossing+arena+ref_contact,4.533,4.442,14.749,8.39,1.009,4.576,1.327,1.0,0.0
train,205266,reject,frame_crossing+arena+ref_contact,4.806,6.085,14.649,8.292,1.383,6.647,1.245,4.0,0.0
train,205267,reject,frame_crossing+arena+ref_contact,5.064,5.13,14.637,7.861,1.166,5.903,1.4,1.0,0.0
train,205268,reject,frame_crossing+arena+ref_contact,4.597,5.941,14.796,8.514,1.35,6.206,1.047,1.0,0.0
train,205269,reject,frame_crossing+arena+ref_contact,4.334,4.617,14.742,8.962,1.049,4.549,1.253,1.0,0.0
train,205270,reject,frame_crossing+arena+ref_contact,4.938,6.028,14.617,6.702,1.37,6.765,1.328,3.0,0.0
train,205271,reject,frame_crossing+arena+ref_contact,4.925,5.815,14.601,8.496,1.322,6.51,1.327,3.0,0.0
train,205272,reject,arena,4.71,5.02,14.555,7.039,1.141,5.373,1.747,0.0,0.038
train,205273,reject,frame_crossing+arena+ref_contact,4.498,3.734,14.68,7.399,1.0,4.498,1.035,1.0,0.0
train,205274,reject,frame_crossing+arena+ref_contact,4.36,6.502,14.612,10.065,1.478,6.443,1.429,2.0,0.0
train,205275,reject,arena,5.008,6.499,14.738,7.829,1.477,7.397,2.396,0.0,0.033
train,205276,reject,arena+frame_margin,4.045,4.64,14.589,9.235,1.054,4.265,1.153,0.0,0.02
train,205277,reject,frame_crossing+arena+ref_contact,4.405,5.331,14.704,6.771,1.212,5.337,1.031,1.0,0.0
train,205278,reject,frame_crossing+arena+ref_contact,5.167,5.474,14.715,10.481,1.244,6.429,2.155,2.0,0.0
train,205279,reject,frame_crossing+arena+ref_contact,4.538,5.108,14.683,8.389,1.161,5.267,1.263,1.0,0.0
train,205280,reject,frame_crossing+arena+ref_contact,4.645,5.145,14.7,8.316,1.169,5.431,1.47,2.0,0.0
train,205281,reject,arena,4.767,6.387,14.564,7.526,1.452,6.92,1.13,0.0,0.057
train,205282,reject,frame_crossing+arena+ref_contact,5.045,5.557,14.534,9.407,1.263,6.372,1.695,3.0,0.0
train,205283,reject,arena,4.383,5.199,14.612,6.217,1.182,5.179,1.162,0.0,0.036
train,205284,reject,frame_crossing+arena+ref_contact,4.94,5.471,14.585,8.071,1.243,6.143,2.093,1.0,0.0
train,205285,reject,frame_crossing+arena+ref_contact,5.077,5.986,14.75,8.301,1.361,6.907,2.356,3.0,0.0
train,205286,reject,frame_crossing+arena+ref_contact,4.897,6.176,14.606,6.835,1.404,6.874,1.362,1.0,0.0
train,205287,reject,frame_crossing+arena+ref_contact,4.547,5.173,14.713,7.729,1.176,5.346,1.434,3.0,0.0
train,205288,reject,frame_crossing+arena+frame_margin,4.487,4.62,14.743,6.804,1.05,4.712,1.026,1.0,0.012
train,205289,reject,frame_crossing+arena+ref_contact,4.914,5.239,14.67,8.862,1.191,5.851,1.263,2.0,0.0
train,205290,reject,frame_crossing+arena+ref_contact,4.211,5.659,14.71,7.501,1.286,5.416,1.249,2.0,0.0
train,205291,reject,frame_crossing+ref_contact,4.496,4.748,14.737,9.932,1.079,4.852,1.433,1.0,0.0
train,205292,reject,arena,4.595,6.511,14.739,5.714,1.48,6.8,1.172,0.0,0.04
train,205293,reject,frame_crossing+arena+ref_contact,4.693,5.031,14.7,7.259,1.143,5.366,1.477,2.0,0.0
train,205294,reject,frame_crossing+arena+ref_contact,4.806,5.228,14.643,7.663,1.188,5.71,1.026,2.0,0.0
train,205295,reject,frame_crossing+ref_contact,4.297,4.156,14.653,8.965,1.0,4.297,1.372,1.0,0.0
train,205296,reject,frame_crossing+arena+ref_contact,4.51,5.132,14.732,9.01,1.166,5.261,1.073,1.0,0.0
train,205297,reject,arena+ref_contact,4.382,4.6,14.596,9.238,1.045,4.582,1.103,0.0,0.0
train,205298,reject,frame_crossing+arena+ref_contact,4.182,3.9,14.681,6.879,1.0,4.182,1.274,1.0,0.0
train,205299,reject,frame_crossing+arena+ref_contact,5.195,5.635,14.706,7.524,1.281,6.653,1.733,1.0,0.0
train,205300,reject,frame_crossing+arena+ref_contact,5.164,6.337,14.632,6.944,1.44,7.438,1.029,3.0,0.0
train,205301,reject,frame_crossing+arena+ref_contact,4.509,5.313,14.686,6.763,1.207,5.445,1.481,1.0,0.0
train,205302,reject,frame_crossing+arena+ref_contact,4.249,6.053,14.708,5.832,1.376,5.845,1.496,1.0,0.0
train,205303,reject,frame_crossing+arena+ref_contact,4.639,5.366,14.699,8.889,1.219,5.657,1.107,2.0,0.0
train,205304,reject,frame_crossing+ref_contact,4.953,5.368,14.743,7.557,1.22,6.043,1.419,2.0,0.0
train,205305,reject,frame_crossing+arena+ref_contact,4.598,4.626,14.727,6.705,1.051,4.834,1.043,1.0,0.0
train,205306,reject,arena+frame_margin,4.576,6.223,14.688,6.94,1.414,6.472,1.228,0.0,0.026
train,205307,reject,frame_crossing+arena+ref_contact,4.814,3.313,14.637,5.217,1.0,4.814,1.133,1.0,0.0
train,205308,reject,frame_crossing+arena+ref_contact,4.709,6.635,14.704,8.9,1.508,7.102,1.362,2.0,0.0
train,205309,reject,frame_crossing+arena+ref_contact,4.28,3.869,14.57,5.864,1.0,4.28,1.058,1.0,0.0
train,205310,reject,frame_crossing+arena+ref_contact,5.093,5.957,14.712,8.879,1.354,6.895,1.433,1.0,0.0
train,205311,reject,arena,4.382,4.236,14.534,4.52,1.0,4.382,1.031,0.0,0.067
train,205312,reject,frame_crossing+arena+ref_contact,4.991,5.76,14.626,6.529,1.309,6.533,1.807,2.0,0.0
train,205313,reject,frame_crossing+arena+ref_contact,4.804,5.381,14.756,8.369,1.223,5.875,1.053,1.0,0.0
train,205314,reject,frame_crossing+ref_contact,4.763,5.362,14.712,10.146,1.219,5.803,2.051,3.0,0.0
train,205315,reject,frame_crossing+arena+ref_contact,5.106,5.053,14.693,8.771,1.148,5.863,1.031,1.0,0.0
train,205316,reject,frame_crossing+arena+ref_contact,4.519,6.198,14.826,6.05,1.409,6.366,1.849,2.0,0.0
train,205317,reject,frame_crossing+arena+ref_contact,4.281,4.36,14.689,9.377,1.0,4.281,1.348,2.0,0.0
train,205318,reject,frame_crossing+arena+ref_contact,4.745,5.754,14.674,6.067,1.308,6.206,1.063,2.0,0.0
train,205319,reject,frame_crossing+arena+ref_contact,4.511,4.992,14.756,7.508,1.135,5.119,1.029,1.0,0.0
train,205320,reject,frame_crossing+arena+ref_contact,4.545,4.719,14.728,7.772,1.072,4.874,1.733,3.0,0.0
train,205321,reject,frame_crossing+arena+ref_contact,4.13,4.704,14.701,6.49,1.069,4.415,1.249,1.0,0.0
train,205322,reject,frame_crossing+arena+ref_contact,4.19,5.334,14.766,7.101,1.212,5.08,1.434,1.0,0.0
train,205323,reject,frame_crossing+arena+ref_contact,5.064,6.166,14.698,9.302,1.401,7.096,1.873,2.0,0.0
train,205324,reject,frame_crossing+arena+ref_contact,4.675,6.257,14.59,5.906,1.422,6.647,1.032,1.0,0.0
train,205325,reject,frame_crossing+arena+ref_contact,4.616,5.79,14.743,7.444,1.316,6.074,1.542,2.0,0.0
train,205326,reject,frame_crossing+arena+ref_contact,4.502,5.143,14.684,7.026,1.169,5.261,1.035,2.0,0.0
train,205327,reject,frame_crossing+arena+ref_contact,4.352,4.705,14.705,6.439,1.069,4.654,1.47,1.0,0.0
train,205328,reject,frame_crossing+arena+ref_contact,4.185,4.56,14.704,9.473,1.036,4.337,1.72,1.0,0.0
train,205329,reject,frame_crossing+arena+ref_contact,5.14,6.183,14.585,8.998,1.405,7.223,1.849,2.0,0.0
train,205330,reject,frame_crossing+arena+ref_contact,4.314,5.064,14.681,8.498,1.151,4.965,1.333,1.0,0.0
train,205331,reject,frame_crossing+arena+ref_contact,5.041,5.907,14.696,7.997,1.343,6.767,1.189,2.0,0.0
train,205332,reject,frame_crossing+ref_contact,4.003,5.289,14.713,6.239,1.202,4.812,1.245,1.0,0.0
train,205333,reject,frame_crossing+arena+ref_contact,4.488,5.864,14.577,6.568,1.333,5.981,1.496,1.0,0.0
train,205334,reject,frame_crossing+arena+ref_contact,4.612,6.036,14.609,7.155,1.372,6.327,1.403,1.0,0.0
train,205335,reject,frame_crossing+arena+ref_contact,4.516,4.826,14.69,8.708,1.097,4.954,1.553,1.0,0.0
train,205336,reject,frame_crossing+arena+ref_contact,4.349,4.458,14.616,7.719,1.013,4.407,1.328,2.0,0.0
train,205337,reject,frame_crossing+arena+ref_contact,4.098,5.168,14.697,6.826,1.174,4.813,1.031,1.0,0.0
train,205338,reject,frame_crossing+arena+frame_margin,4.915,4.87,14.726,7.486,1.107,5.44,1.396,2.0,0.008
train,205339,reject,frame_crossing+arena+ref_contact,5.259,5.837,14.635,6.696,1.327,6.977,1.553,2.0,0.0
train,205340,reject,frame_crossing+ref_contact,5.158,5.84,14.657,6.548,1.327,6.845,1.53,2.0,0.0
train,205341,reject,frame_crossing+ref_contact,4.384,5.623,14.652,9.621,1.278,5.602,1.451,1.0,0.0
train,205342,reject,frame_crossing+arena+ref_contact,4.792,5.047,14.627,9.29,1.147,5.497,1.015,2.0,0.0
train,205343,reject,frame_crossing+arena+ref_contact,4.797,4.526,14.751,8.501,1.029,4.934,1.758,2.0,0.0
train,205344,reject,frame_crossing+arena+ref_contact,4.603,5.793,14.732,8.479,1.317,6.06,1.271,1.0,0.0
train,205345,reject,arena,4.623,4.695,14.73,8.125,1.067,4.933,1.333,0.0,0.037
train,205346,reject,frame_crossing+arena+ref_contact,4.638,5.773,14.571,7.895,1.312,6.086,1.053,2.0,0.0
train,205347,reject,frame_crossing+arena+ref_contact,4.916,5.728,14.717,8.487,1.302,6.4,1.926,2.0,0.0
train,205348,reject,arena+ref_contact,4.099,4.656,14.701,8.358,1.058,4.337,1.384,0.0,0.0
train,205349,reject,frame_crossing+arena+ref_contact,4.827,5.273,14.736,9.495,1.198,5.784,1.153,2.0,0.0
train,205350,reject,frame_crossing+arena+ref_contact,4.6,5.179,14.617,9.285,1.177,5.414,1.506,2.0,0.0
train,205351,reject,frame_crossing+arena+ref_contact,4.749,5.952,14.67,6.571,1.353,6.425,1.793,1.0,0.0
train,205352,reject,frame_crossing+arena+ref_contact,4.512,4.314,14.669,9.32,1.0,4.512,1.228,1.0,0.0
train,205353,reject,frame_crossing+arena+ref_contact,3.754,3.58,14.522,6.366,1.0,3.754,1.13,1.0,0.0
train,205354,reject,frame_crossing+arena+ref_contact,4.617,5.107,14.578,8.834,1.161,5.359,1.473,2.0,0.0
train,205355,reject,frame_crossing+arena+ref_contact,4.555,5.271,14.693,8.904,1.198,5.457,1.077,1.0,0.0
train,205356,reject,frame_crossing+arena+ref_contact,4.659,6.338,14.689,5.842,1.44,6.711,1.383,1.0,0.0
train,205357,reject,frame_crossing+arena+ref_contact,4.346,4.035,14.625,7.376,1.0,4.346,1.103,2.0,0.0
train,205358,reject,frame_crossing+arena+ref_contact,4.475,4.505,14.535,5.578,1.024,4.581,1.047,1.0,0.0
train,205359,reject,frame_crossing+arena+ref_contact,4.799,5.085,14.638,6.856,1.156,5.547,1.047,3.0,0.0
train,205360,reject,frame_crossing+arena+ref_contact,3.842,4.511,14.676,5.782,1.025,3.939,1.026,1.0,0.0
train,205361,reject,frame_crossing+arena+ref_contact,4.775,5.206,14.712,8.853,1.183,5.65,1.761,2.0,0.0
train,205362,reject,frame_crossing+arena+ref_contact,4.487,4.433,14.752,8.507,1.008,4.521,1.063,2.0,0.0
train,205363,reject,frame_crossing+arena+ref_contact,4.895,5.314,14.623,9.217,1.208,5.911,1.13,3.0,0.0
train,205364,pass,,3.998,4.097,14.591,6.331,1.0,3.998,1.171,0.0,0.035
train,205365,reject,arena,4.17,4.855,14.63,8.718,1.103,4.602,1.553,0.0,0.04
train,205366,reject,frame_crossing+arena+ref_contact,5.201,4.722,14.528,7.641,1.073,5.582,1.249,2.0,0.0
train,205367,reject,frame_crossing+arena+ref_contact,4.47,6.429,14.739,6.617,1.461,6.531,1.383,2.0,0.0
train,205368,reject,frame_crossing+arena+ref_contact,5.08,6.296,14.612,8.776,1.431,7.27,2.019,2.0,0.0
train,205369,reject,frame_crossing+arena+ref_contact,4.531,4.462,14.706,6.249,1.014,4.596,1.073,1.0,0.0
train,205370,reject,frame_crossing+arena+ref_contact,4.926,5.378,14.623,6.359,1.222,6.02,1.231,2.0,0.0
train,205371,reject,frame_crossing+ref_contact,5.092,5.347,14.717,8.146,1.215,6.187,1.249,2.0,0.0
train,205372,reject,frame_crossing+arena+ref_contact,4.498,6.462,14.722,6.283,1.469,6.607,2.094,3.0,0.0
train,205373,reject,frame_crossing+arena+ref_contact,4.789,4.074,14.614,6.517,1.0,4.789,1.109,2.0,0.0
train,205374,reject,frame_crossing+arena+ref_contact,4.588,5.219,14.751,8.428,1.186,5.443,1.328,1.0,0.0
train,205375,reject,frame_crossing+arena+ref_contact,4.441,3.708,14.659,6.108,1.0,4.441,1.073,1.0,0.0
train,205376,reject,frame_crossing+arena+ref_contact,4.458,5.376,14.751,8.563,1.222,5.448,1.249,1.0,0.0
train,205377,reject,arena,4.503,4.603,14.668,7.944,1.046,4.71,1.148,0.0,0.037
train,205378,reject,frame_crossing+arena+ref_contact,5.019,4.746,14.615,9.267,1.079,5.414,1.671,3.0,0.0
train,205379,reject,frame_crossing+arena+ref_contact,4.451,4.633,14.584,6.554,1.053,4.686,1.13,2.0,0.0
train,205380,reject,frame_crossing+arena+ref_contact,4.482,5.564,14.565,6.626,1.264,5.667,1.434,2.0,0.0
train,205381,reject,frame_crossing+arena+ref_contact,4.376,4.992,14.705,6.601,1.135,4.966,1.219,2.0,0.0
train,205382,reject,frame_crossing+arena+ref_contact,4.61,5.021,14.596,7.578,1.141,5.261,1.577,2.0,0.0
train,205383,reject,arena,4.579,6.399,14.644,8.979,1.454,6.66,1.78,0.0,0.038
train,205384,reject,arena+frame_margin,4.059,4.258,14.55,9.086,1.0,4.059,1.335,0.0,0.003
train,205385,reject,frame_crossing+arena+ref_contact,4.971,5.353,14.725,9.624,1.216,6.048,1.245,2.0,0.0
train,205386,reject,arena,4.037,4.987,14.65,6.224,1.133,4.576,1.774,0.0,0.039
train,205387,reject,frame_crossing+arena+ref_contact,4.932,5.072,14.66,5.351,1.153,5.686,1.44,1.0,0.0
train,205388,reject,frame_crossing+arena+ref_contact,4.668,4.763,14.561,8.793,1.083,5.054,1.553,1.0,0.0
train,205389,reject,frame_crossing+arena+ref_contact,4.342,5.768,14.558,6.264,1.311,5.692,1.047,1.0,0.0
train,205390,reject,arena,3.971,5.35,14.602,5.78,1.216,4.829,1.398,0.0,0.036
train,205391,reject,frame_crossing+arena+ref_contact,4.526,5.62,14.705,8.828,1.277,5.782,2.508,1.0,0.0
train,205392,reject,frame_crossing+arena+ref_contact,4.862,5.48,14.716,8.04,1.246,6.055,1.171,1.0,0.0
train,205393,reject,frame_crossing+arena+ref_contact,4.837,5.163,14.654,9.258,1.173,5.675,2.065,2.0,0.0
train,205394,reject,frame_crossing+arena+ref_contact,4.985,4.969,14.603,7.974,1.129,5.63,1.015,3.0,0.0
train,205395,reject,frame_crossing+arena+ref_contact,4.618,6.352,14.758,5.833,1.444,6.667,1.44,1.0,0.0
train,205396,reject,frame_crossing+arena+ref_contact,4.717,5.05,14.707,7.228,1.148,5.414,1.271,1.0,0.0
train,205397,reject,frame_crossing+arena+ref_contact,4.54,5.975,14.664,7.46,1.358,6.166,1.921,1.0,0.0
train,205398,reject,frame_crossing+arena+ref_contact,4.78,5.835,14.732,9.64,1.326,6.339,1.772,1.0,0.0
train,205399,reject,arena,4.087,4.271,14.581,5.574,1.0,4.087,1.032,0.0,0.036
train,205400,reject,frame_crossing+arena+ref_contact,4.789,4.831,14.714,8.496,1.098,5.259,1.198,2.0,0.0
train,205401,reject,frame_crossing+ref_contact,4.321,5.33,14.691,7.388,1.211,5.234,1.553,2.0,0.0
train,205402,reject,frame_crossing+arena+ref_contact,3.914,4.876,14.692,7.538,1.108,4.337,1.162,1.0,0.0
train,205403,reject,frame_crossing+arena+ref_contact,4.584,4.649,14.664,6.582,1.057,4.844,1.253,1.0,0.0
train,205404,reject,frame_crossing+arena+ref_contact,4.818,5.958,14.689,9.035,1.354,6.524,1.189,3.0,0.0
train,205405,reject,frame_crossing+arena+ref_contact,3.954,4.965,14.651,6.277,1.128,4.462,1.697,1.0,0.0
train,205406,reject,frame_crossing+arena+ref_contact,4.804,5.246,14.704,9.592,1.192,5.728,1.553,4.0,0.0
train,205407,reject,frame_crossing+arena+ref_contact,5.037,5.484,14.725,6.617,1.246,6.277,1.898,2.0,0.0
train,205408,reject,frame_crossing+arena+ref_contact,4.78,5.616,14.666,8.75,1.276,6.101,1.148,3.0,0.0
train,205409,reject,frame_crossing+arena+ref_contact,4.503,5.053,14.465,7.296,1.148,5.17,1.015,2.0,0.0
train,205410,reject,frame_crossing+arena+ref_contact,4.848,6.233,14.73,9.76,1.416,6.867,1.92,2.0,0.0
train,205411,reject,arena,4.051,4.489,14.762,6.432,1.02,4.133,1.267,0.0,0.046
train,205412,reject,frame_crossing+arena+ref_contact,4.234,4.974,14.742,9.803,1.131,4.786,1.892,3.0,0.0
train,205413,reject,arena,4.016,4.731,14.646,8.078,1.075,4.318,1.3,0.0,0.036
train,205414,reject,arena,5.079,6.221,14.697,6.958,1.414,7.182,1.204,0.0,0.053
train,205415,reject,frame_crossing+arena+ref_contact,4.433,5.392,14.716,6.919,1.226,5.433,1.301,1.0,0.0
train,205416,reject,frame_crossing+arena+ref_contact,4.344,4.717,14.691,9.672,1.072,4.657,1.453,1.0,0.0
train,205417,reject,frame_crossing+arena+ref_contact,4.871,4.364,14.446,6.483,1.0,4.871,1.271,2.0,0.0
train,205418,reject,frame_crossing+arena+ref_contact,4.647,4.833,14.638,6.171,1.098,5.105,1.267,1.0,0.0
train,205419,reject,frame_crossing+arena+ref_contact,4.202,5.221,14.779,8.651,1.186,4.986,1.274,2.0,0.0
train,205420,reject,frame_crossing+arena+ref_contact,4.818,4.96,14.723,8.686,1.127,5.432,1.158,1.0,0.0
train,205421,reject,frame_crossing+ref_contact,4.412,5.423,14.72,5.674,1.233,5.438,1.398,1.0,0.0
train,205422,reject,frame_crossing+arena+ref_contact,4.578,5.711,14.63,5.843,1.298,5.943,1.153,2.0,0.0
train,205423,reject,frame_crossing+arena+ref_contact,4.487,6.111,14.603,7.77,1.389,6.231,1.687,1.0,0.0
train,205424,reject,frame_crossing+arena+ref_contact,4.393,3.647,14.771,5.721,1.0,4.393,1.043,1.0,0.0
train,205425,pass,,4.107,4.563,14.631,8.675,1.037,4.259,1.687,0.0,0.043
train,205426,reject,frame_crossing+arena+ref_contact,4.516,4.341,14.739,6.87,1.0,4.516,1.133,1.0,0.0
train,205427,reject,arena+ref_contact,5.025,5.572,14.447,8.018,1.266,6.364,1.761,0.0,0.0
train,205428,reject,frame_crossing+ref_contact,4.706,5.216,14.692,8.279,1.185,5.578,1.073,1.0,0.0
train,205429,reject,frame_crossing+arena+ref_contact,4.8,6.069,14.548,7.073,1.379,6.621,1.453,1.0,0.0
train,205430,reject,frame_crossing+arena+ref_contact,4.599,4.315,14.676,7.796,1.0,4.599,1.107,2.0,0.0
train,205431,pass,,4.299,4.926,14.74,8.065,1.12,4.813,1.337,0.0,0.038
train,205432,reject,frame_crossing+arena+ref_contact,3.946,4.519,14.583,7.925,1.027,4.053,1.337,1.0,0.0
train,205433,reject,arena,4.573,5.579,14.677,6.022,1.268,5.798,1.035,0.0,0.039
train,205434,reject,arena+ref_contact,4.607,4.507,14.594,6.663,1.024,4.719,1.72,0.0,0.0
train,205435,reject,frame_crossing+arena+ref_contact,4.841,5.343,14.682,8.433,1.214,5.879,1.327,3.0,0.0
train,205436,reject,frame_crossing+arena+ref_contact,5.252,6.485,14.555,6.971,1.474,7.74,1.348,3.0,0.0
train,205437,reject,frame_crossing+arena+ref_contact,4.16,4.297,14.598,6.941,1.0,4.16,1.148,1.0,0.0
train,205438,reject,frame_crossing+arena+ref_contact,4.31,5.314,14.61,7.805,1.208,5.205,1.204,1.0,0.0
train,205439,reject,frame_crossing+arena+ref_contact,4.669,5.52,14.642,10.007,1.255,5.858,1.92,2.0,0.0
train,205440,reject,frame_crossing+arena+ref_contact,4.789,6.46,14.745,6.721,1.468,7.031,1.723,1.0,0.0
train,205441,reject,frame_crossing+arena+ref_contact,4.853,6.587,14.724,5.894,1.497,7.265,1.047,1.0,0.0
train,205442,reject,frame_crossing+arena+ref_contact,4.669,5.285,14.718,10.826,1.201,5.609,1.228,1.0,0.0
train,205443,reject,frame_crossing+arena+frame_margin,4.195,4.339,14.756,6.629,1.0,4.195,1.043,2.0,0.011
train,205444,reject,frame_crossing+arena+ref_contact,4.939,5.907,14.753,7.151,1.342,6.631,1.597,2.0,0.0
train,205445,reject,frame_crossing+arena+ref_contact,4.79,5.373,14.672,9.261,1.221,5.849,1.271,2.0,0.0
train,205446,reject,arena,3.75,4.557,14.624,4.909,1.036,3.883,1.133,0.0,0.039
train,205447,reject,arena,4.062,5.322,14.731,6.94,1.21,4.914,1.47,0.0,0.035
train,205448,reject,arena+frame_margin,4.065,3.954,14.685,6.202,1.0,4.065,1.063,0.0,0.019
train,205449,reject,arena+frame_margin,4.433,4.622,14.713,10.696,1.05,4.656,1.249,0.0,0.026
train,205450,reject,frame_crossing+arena+ref_contact,4.945,5.153,14.72,9.028,1.171,5.792,1.858,3.0,0.0
train,205451,reject,arena,4.106,3.678,14.745,6.733,1.0,4.106,1.205,0.0,0.039
train,205452,reject,frame_crossing+arena+ref_contact,4.568,4.61,14.677,9.124,1.048,4.786,1.311,2.0,0.0
train,205453,reject,frame_crossing+arena+ref_contact,4.504,5.044,14.73,7.917,1.146,5.164,1.107,3.0,0.0
train,205454,reject,frame_crossing+ref_contact,4.729,4.764,14.609,5.961,1.083,5.12,1.172,1.0,0.0
train,205455,reject,frame_crossing+arena+ref_contact,4.958,6.606,14.687,6.254,1.501,7.443,1.015,2.0,0.0
train,205456,reject,frame_crossing+arena+ref_contact,4.731,5.095,14.715,10.474,1.158,5.478,1.323,1.0,0.0
train,205457,reject,frame_crossing+arena+ref_contact,4.659,4.301,14.721,6.744,1.0,4.659,1.337,2.0,0.0
train,205458,pass,,4.039,3.936,14.768,4.924,1.0,4.039,1.181,0.0,0.036
train,205459,reject,frame_crossing+arena+ref_contact,4.232,4.959,14.692,7.383,1.127,4.77,1.198,2.0,0.0
train,205460,reject,arena+frame_margin,4.447,5.477,14.73,7.389,1.245,5.536,1.542,0.0,0.005
train,205461,reject,frame_crossing+arena+ref_contact,5.199,4.904,14.642,6.806,1.114,5.794,1.969,2.0,0.0
train,205462,reject,frame_crossing+arena+ref_contact,4.416,5.346,14.75,9.281,1.215,5.365,1.654,1.0,0.0
train,205463,pass,,4.419,6.223,14.726,5.699,1.414,6.25,1.363,0.0,0.037
train,205464,reject,arena,4.802,4.55,14.672,5.859,1.034,4.966,1.109,0.0,0.034
train,205465,reject,frame_crossing+arena+frame_margin,4.51,5.177,14.709,8.121,1.177,5.307,1.266,1.0,0.004
train,205466,reject,frame_crossing+arena+ref_contact,5.01,6.311,14.617,8.743,1.434,7.187,1.856,3.0,0.0
train,205467,reject,frame_crossing+arena+ref_contact,4.337,5.213,14.739,9.016,1.185,5.139,1.097,1.0,0.0
train,205468,reject,frame_crossing+arena+ref_contact,4.242,4.727,14.664,4.298,1.074,4.557,1.235,1.0,0.0
train,205469,pass,,4.782,4.338,14.696,6.549,1.0,4.782,1.026,0.0,0.038
train,205470,reject,frame_crossing+arena+ref_contact,4.633,5.093,14.708,8.995,1.157,5.363,1.695,2.0,0.0
train,205471,reject,frame_crossing+arena+ref_contact,5.015,5.369,14.595,7.075,1.22,6.12,2.203,2.0,0.0
train,205472,reject,frame_crossing+arena+ref_contact,4.728,4.115,14.622,6.122,1.0,4.728,1.13,2.0,0.0
train,205473,reject,frame_crossing+arena+ref_contact,5.174,6.47,14.633,7.86,1.47,7.608,2.295,1.0,0.0
train,205474,reject,frame_crossing+arena+ref_contact,4.645,5.418,14.674,8.584,1.231,5.72,1.706,2.0,0.0
train,205475,reject,frame_crossing+arena+ref_contact,4.67,6.584,14.605,5.804,1.496,6.989,1.579,1.0,0.0
train,205476,reject,frame_crossing+arena+frame_margin,4.614,6.235,14.611,8.657,1.417,6.539,1.739,1.0,0.016
train,205477,reject,frame_crossing+arena+ref_contact,4.821,5.128,14.723,8.491,1.165,5.619,1.293,1.0,0.0
train,205478,reject,frame_crossing+arena+ref_contact,4.701,5.466,14.609,8.958,1.242,5.839,1.794,1.0,0.0
train,205479,reject,frame_crossing+arena+ref_contact,4.768,5.63,14.684,9.676,1.279,6.1,1.35,2.0,0.0
train,205480,reject,frame_crossing+arena+ref_contact,4.719,4.2,14.619,6.686,1.0,4.719,1.13,2.0,0.0
train,205481,reject,frame_crossing+arena+ref_contact,4.776,4.643,14.644,7.203,1.055,5.04,1.118,1.0,0.0
train,205482,reject,frame_crossing+arena+ref_contact,4.158,4.717,14.66,7.934,1.072,4.458,1.063,1.0,0.0
train,205483,reject,frame_crossing+arena+ref_contact,4.593,3.111,14.728,4.176,1.0,4.593,1.058,1.0,0.0
train,205484,reject,arena,3.888,5.686,14.634,6.054,1.292,5.024,1.35,0.0,0.039
train,205485,reject,frame_crossing+arena+ref_contact,4.184,6.488,14.727,5.881,1.474,6.17,1.073,1.0,0.0
train,205486,reject,frame_crossing+arena+frame_margin,4.368,6.607,14.672,6.082,1.502,6.56,1.245,1.0,0.016
train,205487,reject,arena,4.245,5.656,14.73,6.205,1.286,5.458,1.053,0.0,0.041
train,205488,reject,frame_crossing+arena+ref_contact,4.471,6.115,14.711,7.093,1.39,6.213,2.38,3.0,0.0
train,205489,reject,frame_crossing+arena+ref_contact,4.554,4.197,14.548,7.463,1.0,4.554,1.323,1.0,0.0
train,205490,reject,frame_crossing+ref_contact,4.339,4.62,14.745,8.836,1.05,4.556,1.063,1.0,0.0
train,205491,reject,arena,4.47,5.553,14.739,8.583,1.262,5.641,1.266,0.0,0.039
train,205492,reject,frame_crossing+arena+ref_contact,4.768,6.29,14.765,9.452,1.43,6.817,1.78,2.0,0.0
train,205493,reject,frame_crossing+arena+ref_contact,4.689,5.95,14.677,8.398,1.352,6.34,1.821,1.0,0.0
train,205494,reject,frame_crossing+arena+ref_contact,4.786,6.25,14.613,7.387,1.42,6.798,1.118,1.0,0.0
train,205495,reject,frame_crossing+arena+ref_contact,4.424,5.12,14.623,9.432,1.164,5.148,2.108,1.0,0.0
train,205496,reject,frame_crossing+arena+ref_contact,4.346,5.456,14.719,10.066,1.24,5.388,1.553,1.0,0.0
train,205497,reject,frame_crossing+arena+ref_contact,4.221,4.365,14.694,8.455,1.0,4.221,1.723,1.0,0.0
train,205498,reject,frame_crossing+arena+ref_contact,4.135,6.561,14.722,9.295,1.491,6.166,1.372,2.0,0.0
train,205499,reject,frame_crossing+arena+ref_contact,4.521,4.564,14.694,6.082,1.037,4.69,1.245,1.0,0.0
train,205500,reject,frame_crossing+arena+ref_contact,4.696,4.992,14.649,8.361,1.134,5.328,1.542,4.0,0.0
train,205501,reject,arena,4.599,5.13,14.753,8.443,1.166,5.363,1.148,0.0,0.03
train,205502,reject,frame_crossing+arena+ref_contact,4.454,4.815,14.615,8.358,1.094,4.874,1.654,1.0,0.0
train,205503,reject,frame_crossing+arena+ref_contact,5.254,5.589,14.678,10.627,1.27,6.674,2.771,4.0,0.0
train,205504,reject,frame_crossing+arena+ref_contact,4.855,5.33,14.637,7.029,1.211,5.881,1.148,2.0,0.0
train,205505,reject,frame_crossing+arena+ref_contact,4.586,5.628,14.618,8.033,1.279,5.866,1.363,1.0,0.0
train,205506,reject,arena,4.647,4.521,14.709,6.754,1.027,4.775,1.047,0.0,0.036
train,205507,reject,frame_crossing+arena+ref_contact,5.067,5.917,14.739,8.206,1.345,6.814,1.362,1.0,0.0
train,205508,reject,frame_crossing+arena+ref_contact,4.699,5.114,14.744,8.518,1.162,5.462,1.158,1.0,0.0
train,205509,reject,arena,4.093,4.742,14.606,5.833,1.078,4.411,1.109,0.0,0.037
train,205510,reject,frame_crossing+arena+ref_contact,4.655,4.51,14.689,7.633,1.025,4.772,1.047,1.0,0.0
train,205511,reject,frame_crossing+arena+ref_contact,4.202,3.455,14.635,5.041,1.0,4.202,1.029,1.0,0.0
train,205512,reject,frame_crossing+arena+ref_contact,5.154,6.358,14.635,7.012,1.445,7.448,1.107,1.0,0.0
train,205513,reject,frame_crossing+arena+ref_contact,4.53,4.891,14.644,7.525,1.112,5.036,1.405,3.0,0.0
train,205514,reject,frame_crossing+arena+ref_contact,4.711,5.14,14.725,10.016,1.168,5.503,1.133,2.0,0.0
train,205515,reject,frame_crossing+ref_contact,4.563,5.793,14.788,8.241,1.316,6.007,1.249,4.0,0.0
train,205516,reject,frame_crossing+arena+ref_contact,4.685,5.65,14.685,5.85,1.284,6.015,1.235,1.0,0.0
train,205517,reject,frame_crossing+ref_contact,4.381,5.89,14.679,7.298,1.339,5.864,1.883,2.0,0.0
train,205518,reject,frame_crossing+arena+ref_contact,4.691,6.1,14.704,7.212,1.386,6.504,1.109,2.0,0.0
train,205519,reject,frame_crossing+arena+ref_contact,5.318,5.08,14.726,8.734,1.155,6.14,1.245,1.0,0.0
train,205520,reject,frame_crossing+arena+ref_contact,4.825,4.762,14.723,10.724,1.082,5.222,1.077,2.0,0.0
train,205521,reject,frame_crossing+arena+ref_contact,4.484,4.981,14.74,6.323,1.132,5.076,1.176,1.0,0.0
train,205522,reject,frame_crossing+arena+ref_contact,4.906,5.265,14.727,9.117,1.197,5.871,1.974,1.0,0.0
train,205523,reject,frame_crossing+arena+ref_contact,3.865,4.991,14.475,8.545,1.134,4.384,1.293,1.0,0.0
train,205524,reject,arena,3.953,4.678,14.601,5.775,1.063,4.202,1.118,0.0,0.036
train,205525,reject,arena+ref_contact,4.463,4.823,14.589,6.107,1.096,4.892,1.073,0.0,0.0
train,205526,reject,frame_crossing+arena+ref_contact,4.505,5.409,14.684,6.807,1.229,5.538,1.451,1.0,0.0
train,205527,reject,frame_crossing+arena+ref_contact,4.69,5.291,14.688,9.404,1.203,5.64,1.477,2.0,0.0
train,205528,reject,frame_crossing+arena+ref_contact,4.875,5.326,14.7,5.512,1.21,5.901,1.043,1.0,0.0
train,205529,reject,frame_crossing+arena+ref_contact,4.58,4.834,14.729,9.41,1.099,5.032,1.756,2.0,0.0
train,205530,reject,frame_crossing+arena+ref_contact,4.769,5.251,14.621,7.192,1.193,5.691,1.205,1.0,0.0
train,205531,reject,frame_crossing+ref_contact,4.053,4.714,14.695,7.708,1.071,4.342,1.133,2.0,0.0
train,205532,reject,frame_crossing+arena+ref_contact,4.329,5.175,14.683,5.995,1.176,5.091,1.153,1.0,0.0
train,205533,reject,frame_crossing+arena+ref_contact,4.825,5.933,14.757,9.51,1.348,6.506,1.856,2.0,0.0
train,205534,reject,frame_crossing+ref_contact,5.057,6.08,14.674,7.281,1.382,6.989,1.047,3.0,0.0
train,205535,reject,frame_crossing+ref_contact,4.584,4.357,14.508,6.073,1.0,4.584,1.077,1.0,0.0
train,205536,reject,frame_crossing+arena+ref_contact,4.903,6.593,14.625,7.196,1.498,7.347,1.488,1.0,0.0
train,205537,reject,arena,4.671,5.373,14.755,9.057,1.221,5.704,1.311,0.0,0.034
train,205538,reject,frame_crossing+ref_contact,4.43,4.583,14.754,8.061,1.042,4.614,1.219,2.0,0.0
train,205539,reject,frame_crossing+ref_contact,4.677,4.588,14.664,7.766,1.043,4.877,1.118,2.0,0.0
train,205540,reject,frame_crossing+arena+ref_contact,4.736,5.852,14.724,8.684,1.33,6.298,1.453,2.0,0.0
train,205541,reject,frame_crossing+arena+ref_contact,4.435,5.585,14.736,6.977,1.269,5.63,1.747,1.0,0.0
train,205542,reject,frame_crossing+arena+ref_contact,4.578,5.652,14.662,8.429,1.284,5.88,1.13,2.0,0.0
train,205543,reject,frame_crossing+arena+ref_contact,5.063,4.877,14.747,10.726,1.108,5.612,1.963,3.0,0.0
train,205544,reject,frame_crossing+arena+ref_contact,4.476,4.451,14.62,9.172,1.012,4.528,1.542,1.0,0.0
train,205545,reject,arena,3.923,3.983,14.731,5.782,1.0,3.923,1.029,0.0,0.037
train,205546,reject,frame_crossing+arena+ref_contact,4.975,6.274,14.588,6.536,1.426,7.094,1.053,1.0,0.0
train,205547,reject,frame_crossing+arena+ref_contact,4.513,4.786,14.72,6.895,1.088,4.909,1.699,1.0,0.0
train,205548,reject,arena,3.935,4.415,14.637,6.333,1.003,3.948,1.496,0.0,0.04
train,205549,reject,frame_crossing+ref_contact,4.108,4.972,14.641,6.281,1.13,4.642,1.271,1.0,0.0
train,205550,reject,frame_crossing+arena+ref_contact,4.603,5.717,14.623,7.123,1.299,5.98,2.541,1.0,0.0
train,205551,reject,frame_crossing+ref_contact,4.44,6.118,14.728,5.915,1.39,6.174,1.451,1.0,0.0
train,205552,reject,frame_crossing+arena+ref_contact,4.186,6.145,14.68,10.343,1.396,5.846,1.461,2.0,0.0
train,205553,reject,frame_crossing+arena+ref_contact,4.522,5.965,14.657,7.871,1.356,6.131,1.694,1.0,0.0
train,205554,reject,arena+ref_contact,4.248,5.809,14.691,7.613,1.32,5.607,2.125,0.0,0.0
train,205555,reject,arena+ref_contact,4.614,4.932,14.659,8.058,1.121,5.172,1.293,0.0,0.0
train,205556,reject,frame_crossing+arena+ref_contact,4.965,6.065,14.692,6.935,1.379,6.844,1.047,2.0,0.0
train,205557,reject,frame_crossing+arena+ref_contact,4.335,5.687,14.693,7.474,1.293,5.603,1.542,3.0,0.0
train,205558,reject,frame_crossing+arena+ref_contact,4.636,5.45,14.716,7.086,1.239,5.743,1.107,2.0,0.0
train,205559,reject,frame_crossing+arena+ref_contact,4.655,4.572,14.735,6.746,1.039,4.837,1.644,1.0,0.0
train,205560,reject,frame_crossing+arena+ref_contact,4.577,5.779,14.585,6.672,1.313,6.012,1.228,2.0,0.0
train,205561,reject,frame_crossing+ref_contact,4.589,4.092,14.508,9.313,1.0,4.589,1.405,2.0,0.0
train,205562,reject,arena,4.069,5.075,14.671,5.823,1.153,4.693,1.56,0.0,0.05
train,205563,reject,frame_crossing+ref_contact,4.495,4.898,14.749,10.29,1.113,5.003,1.4,2.0,0.0
train,205564,reject,frame_crossing+arena+frame_margin,4.612,5.212,14.772,10.166,1.185,5.464,1.912,1.0,0.024
train,205565,reject,frame_crossing+arena+ref_contact,4.231,4.011,14.639,5.616,1.0,4.231,1.162,2.0,0.0
train,205566,reject,frame_crossing+arena+ref_contact,4.469,3.811,14.736,8.578,1.0,4.469,1.162,1.0,0.0
train,205567,reject,arena,4.641,5.684,14.73,9.388,1.292,5.995,1.026,0.0,0.036
train,205568,reject,frame_crossing+arena+ref_contact,5.154,5.107,14.691,7.333,1.161,5.982,1.408,2.0,0.0
train,205569,reject,frame_crossing+arena+ref_contact,4.658,4.092,14.549,7.238,1.0,4.658,1.073,2.0,0.0
train,205570,reject,frame_crossing+arena+ref_contact,4.765,6.22,14.647,5.883,1.414,6.735,1.047,1.0,0.0
train,205571,reject,frame_crossing+arena+ref_contact,4.753,5.6,14.742,7.273,1.273,6.048,1.807,3.0,0.0
train,205572,reject,arena+ref_contact,4.549,4.474,14.767,6.103,1.017,4.626,1.271,0.0,0.0
train,205573,reject,frame_crossing+arena+ref_contact,5.117,5.254,14.515,8.345,1.194,6.109,1.405,3.0,0.0
train,205574,reject,frame_crossing+arena+ref_contact,4.781,5.001,14.666,6.725,1.137,5.434,1.274,3.0,0.0
train,205575,reject,frame_crossing+arena+ref_contact,4.902,4.858,14.685,7.745,1.104,5.412,1.107,2.0,0.0
train,205576,reject,frame_crossing+ref_contact,4.426,5.38,14.555,6.122,1.223,5.412,1.097,2.0,0.0
train,205577,reject,frame_crossing+arena+ref_contact,4.302,4.134,14.607,5.937,1.0,4.302,1.133,1.0,0.0
train,205578,reject,frame_crossing+arena+ref_contact,5.045,5.348,14.731,8.725,1.215,6.131,1.015,1.0,0.0
train,205579,reject,frame_crossing+ref_contact,4.392,4.118,14.668,6.024,1.0,4.392,1.189,1.0,0.0
train,205580,reject,frame_crossing+ref_contact,4.052,3.479,14.668,5.879,1.0,4.052,1.398,1.0,0.0
train,205581,reject,frame_crossing+arena+ref_contact,5.144,6.567,14.721,8.432,1.492,7.677,2.283,1.0,0.0
train,205582,reject,frame_crossing+arena+ref_contact,4.381,4.778,14.687,9.506,1.086,4.757,1.488,3.0,0.0
train,205583,reject,frame_crossing+arena+ref_contact,4.7,5.258,14.694,8.999,1.195,5.617,1.198,2.0,0.0
train,205584,reject,frame_crossing+arena+ref_contact,4.723,5.407,14.715,9.695,1.229,5.804,1.795,1.0,0.0
train,205585,reject,frame_crossing+arena+frame_margin,4.088,3.722,14.719,5.865,1.0,4.088,1.031,1.0,0.006
train,205586,reject,frame_crossing+arena+ref_contact,4.82,6.314,14.73,8.473,1.435,6.918,1.807,1.0,0.0
train,205587,reject,frame_crossing+arena+ref_contact,4.513,4.285,14.748,9.693,1.0,4.513,1.694,2.0,0.0
train,205588,reject,frame_crossing+arena+ref_contact,4.328,4.465,14.67,7.589,1.015,4.392,1.249,2.0,0.0
train,205589,reject,frame_crossing+arena+ref_contact,5.007,5.787,14.709,6.783,1.315,6.585,1.047,1.0,0.0
train,205590,reject,frame_crossing+arena+ref_contact,4.603,5.366,14.753,9.831,1.219,5.614,1.96,4.0,0.0
train,205591,reject,frame_crossing+arena+ref_contact,4.664,4.819,14.685,5.688,1.095,5.108,1.172,1.0,0.0
train,205592,reject,arena,3.849,4.77,14.716,5.291,1.084,4.173,1.219,0.0,0.048
train,205593,reject,frame_crossing+arena+ref_contact,4.348,4.337,14.667,6.917,1.0,4.348,1.553,1.0,0.0
train,205594,reject,frame_crossing+arena+ref_contact,4.251,5.948,14.706,8.266,1.352,5.746,2.356,1.0,0.0
train,205595,reject,arena,4.046,4.742,14.622,7.001,1.078,4.361,1.153,0.0,0.047
train,205596,reject,frame_crossing+arena+frame_margin,4.686,5.449,14.714,8.112,1.238,5.804,1.026,1.0,0.011
train,205597,reject,frame_crossing+arena+ref_contact,4.819,5.129,14.698,8.333,1.166,5.617,1.398,2.0,0.0
train,205598,reject,frame_crossing+arena+ref_contact,4.745,5.701,14.753,8.176,1.296,6.148,1.043,2.0,0.0
train,205599,reject,frame_crossing+arena+ref_contact,4.831,5.31,14.754,8.509,1.207,5.83,1.898,3.0,0.0
train,205600,reject,frame_crossing+arena+ref_contact,4.2,5.265,14.652,8.666,1.197,5.026,1.697,1.0,0.0
train,205601,reject,frame_crossing+arena+ref_contact,4.239,4.431,14.719,7.861,1.007,4.269,1.029,2.0,0.0
train,205602,reject,frame_crossing+arena+ref_contact,4.272,4.267,14.554,7.185,1.0,4.272,1.077,1.0,0.0
train,205603,reject,frame_crossing+arena+ref_contact,4.587,5.976,14.73,8.932,1.358,6.231,2.213,2.0,0.0
train,205604,reject,frame_crossing+arena+ref_contact,4.308,5.692,14.751,5.815,1.294,5.573,1.035,1.0,0.0
train,205605,reject,frame_crossing+arena+ref_contact,4.231,5.449,14.62,6.137,1.238,5.24,1.764,1.0,0.0
train,205606,reject,frame_crossing+arena+ref_contact,5.039,6.567,14.769,8.686,1.493,7.521,1.694,1.0,0.0
train,205607,reject,frame_crossing+arena+frame_margin,4.304,4.511,14.728,7.812,1.025,4.412,1.626,1.0,0.011
train,205608,reject,frame_crossing+arena+frame_margin,4.297,5.186,14.678,5.453,1.179,5.064,1.029,1.0,0.012
train,205609,reject,frame_crossing+arena+ref_contact,4.65,5.064,14.73,8.797,1.151,5.352,1.029,2.0,0.0
train,205610,reject,arena,3.954,5.815,14.757,5.959,1.322,5.225,1.035,0.0,0.045
train,205611,reject,frame_crossing+arena+ref_contact,4.589,3.685,14.424,6.454,1.0,4.589,1.231,2.0,0.0
train,205612,reject,frame_crossing+arena+ref_contact,4.596,6.442,14.657,5.906,1.464,6.728,1.103,2.0,0.0
train,205613,reject,frame_crossing+arena+ref_contact,4.922,5.277,14.635,8.535,1.199,5.904,1.47,2.0,0.0
train,205614,reject,frame_crossing+arena+ref_contact,4.986,6.265,14.681,8.578,1.424,7.099,1.972,3.0,0.0
train,205615,reject,arena+ref_contact,4.898,5.807,14.578,6.504,1.32,6.465,1.644,0.0,0.0
train,205616,reject,ref_contact,3.993,4.167,14.687,8.83,1.0,3.993,1.133,0.0,0.0
train,205617,reject,frame_crossing+ref_contact,4.235,6.053,14.77,6.277,1.376,5.826,1.118,2.0,0.0
train,205618,reject,arena,3.51,4.538,14.77,5.62,1.031,3.62,1.433,0.0,0.036
train,205619,reject,frame_crossing+arena+ref_contact,4.79,5.887,14.514,6.53,1.338,6.409,1.795,2.0,0.0
train,205620,reject,frame_crossing+ref_contact,3.655,4.177,14.67,9.03,1.0,3.655,1.5,1.0,0.0
train,205621,reject,arena,4.247,4.4,14.641,5.808,1.0,4.247,1.158,0.0,0.038
train,205622,reject,frame_crossing+arena+ref_contact,4.73,4.963,14.611,7.743,1.128,5.336,1.328,2.0,0.0
train,205623,reject,frame_crossing+frame_margin,3.871,4.728,14.747,7.245,1.074,4.16,1.107,1.0,0.013
train,205624,reject,frame_crossing+arena+ref_contact,4.23,5.324,14.718,5.535,1.21,5.119,1.477,1.0,0.0
train,205625,reject,arena+frame_margin,4.493,5.897,14.681,7.416,1.34,6.021,1.893,0.0,0.018
train,205626,reject,frame_crossing+arena+ref_contact,4.475,3.576,14.711,5.853,1.0,4.475,1.133,1.0,0.0
train,205627,reject,frame_crossing+arena+frame_margin,4.223,4.988,14.666,5.509,1.134,4.788,1.335,1.0,0.006
train,205628,reject,frame_crossing+ref_contact,4.651,5.42,14.688,7.592,1.232,5.729,1.654,1.0,0.0
train,205629,reject,frame_crossing+arena+ref_contact,4.816,6.391,14.745,7.504,1.452,6.994,1.128,2.0,0.0
train,205630,reject,frame_crossing+arena+frame_margin,4.053,4.613,14.689,6.026,1.048,4.25,1.181,1.0,0.002
train,205631,reject,frame_crossing+arena+ref_contact,4.541,4.658,14.755,8.915,1.059,4.807,1.235,2.0,0.0
train,205632,reject,frame_crossing+arena+ref_contact,4.673,4.476,14.739,7.476,1.017,4.754,1.231,3.0,0.0
train,205633,reject,frame_crossing+arena+ref_contact,4.688,5.958,14.669,8.938,1.354,6.348,2.267,1.0,0.0
train,205634,reject,frame_crossing+arena+ref_contact,4.168,5.141,14.59,8.34,1.168,4.871,1.461,2.0,0.0
train,205635,reject,frame_crossing+arena+ref_contact,4.549,6.102,14.599,7.026,1.387,6.309,1.505,1.0,0.0
train,205636,reject,frame_crossing+arena+ref_contact,4.543,5.897,14.75,8.912,1.34,6.089,2.058,1.0,0.0
train,205637,reject,frame_crossing+arena+ref_contact,4.345,4.36,14.567,6.44,1.0,4.345,1.162,1.0,0.0
train,205638,reject,frame_crossing+arena+ref_contact,4.048,5.997,14.759,5.949,1.363,5.517,1.176,1.0,0.0
train,205639,reject,frame_crossing+arena+ref_contact,4.657,5.792,14.657,7.963,1.316,6.129,1.176,1.0,0.0
train,205640,reject,frame_crossing+arena+ref_contact,4.07,5.089,14.67,8.029,1.157,4.708,1.249,1.0,0.0
train,205641,reject,frame_crossing+arena+ref_contact,4.952,6.396,14.529,6.791,1.454,7.199,1.37,2.0,0.0
train,205642,reject,frame_crossing+arena+ref_contact,4.962,6.081,14.643,7.7,1.382,6.858,1.433,2.0,0.0
train,205643,reject,frame_crossing+ref_contact,4.302,5.725,14.66,5.777,1.301,5.597,1.433,1.0,0.0
train,205644,reject,frame_crossing+ref_contact,4.273,6.095,14.596,7.656,1.385,5.919,1.158,2.0,0.0
train,205645,reject,arena,4.647,4.568,14.662,8.713,1.038,4.824,1.396,0.0,0.033
train,205646,reject,frame_crossing+arena+ref_contact,4.852,5.499,14.624,8.192,1.25,6.064,2.062,1.0,0.0
train,205647,reject,frame_crossing+arena+frame_margin,4.342,5.56,14.713,6.629,1.264,5.487,1.821,1.0,0.007
train,205648,reject,frame_crossing+arena+ref_contact,4.663,5.586,14.65,7.019,1.269,5.92,1.547,4.0,0.0
train,205649,reject,arena,3.653,5.067,14.735,6.066,1.152,4.207,1.133,0.0,0.042
train,205650,reject,frame_crossing+arena+ref_contact,4.384,4.797,14.652,8.657,1.09,4.779,1.198,1.0,0.0
train,205651,reject,frame_crossing+arena+ref_contact,4.734,6.586,14.654,5.982,1.497,7.086,1.453,1.0,0.0
train,205652,reject,frame_crossing+arena+ref_contact,4.418,5.205,14.741,6.042,1.183,5.226,1.176,1.0,0.0
train,205653,reject,arena,4.775,5.514,14.755,8.692,1.253,5.984,1.026,0.0,0.039
train,205654,reject,frame_crossing+arena+frame_margin,4.548,6.056,14.701,5.913,1.376,6.261,1.84,1.0,0.006
train,205655,reject,frame_crossing+arena+ref_contact,4.975,6.011,14.658,8.435,1.366,6.797,1.434,2.0,0.0
train,205656,reject,arena+ref_contact,4.5,5.5,14.667,5.8,1.25,5.625,1.077,0.0,0.0
train,205657,reject,frame_crossing+arena+ref_contact,4.586,6.557,14.749,6.4,1.49,6.834,1.614,3.0,0.0
train,205658,reject,frame_crossing+arena+ref_contact,4.895,5.335,14.629,9.173,1.213,5.935,1.13,2.0,0.0
train,205659,reject,frame_crossing+arena+ref_contact,4.824,5.281,14.599,7.743,1.2,5.789,1.651,2.0,0.0
train,205660,reject,frame_crossing+arena+ref_contact,4.342,6.241,14.722,6.829,1.418,6.158,1.529,1.0,0.0
train,205661,reject,arena+ref_contact,4.003,5.084,14.576,9.482,1.155,4.626,1.845,0.0,0.0
train,205662,reject,arena+frame_margin,4.183,4.69,14.767,6.108,1.066,4.458,1.219,0.0,0.02
train,205663,reject,frame_crossing+ref_contact,5.142,6.168,14.685,7.089,1.402,7.208,1.69,3.0,0.0
train,205664,reject,arena+frame_margin,5.103,5.244,14.728,8.114,1.192,6.081,2.368,0.0,0.021
train,205665,reject,frame_crossing+ref_contact,4.613,5.981,14.659,8.803,1.359,6.27,1.348,1.0,0.0
train,205666,pass,,4.265,5.376,14.704,5.793,1.222,5.211,1.626,0.0,0.038
train,205667,reject,arena+frame_margin,4.47,4.801,14.731,8.357,1.091,4.878,1.015,0.0,0.027
train,205668,reject,frame_crossing+arena+ref_contact,4.508,6.343,14.724,6.58,1.442,6.498,1.665,2.0,0.0
train,205669,reject,frame_crossing+arena+ref_contact,4.336,5.831,14.696,6.568,1.325,5.746,1.3,1.0,0.0
train,205670,reject,arena+frame_margin,4.508,4.594,14.687,6.891,1.044,4.707,1.172,0.0,0.019
train,205671,reject,frame_crossing+arena+ref_contact,4.457,4.642,14.691,7.039,1.055,4.703,1.148,1.0,0.0
train,205672,reject,frame_crossing+arena+ref_contact,4.06,4.5,14.541,4.961,1.023,4.152,1.181,1.0,0.0
train,205673,reject,frame_crossing+arena+ref_contact,3.915,5.19,14.743,5.492,1.179,4.618,1.253,1.0,0.0
train,205674,reject,arena,4.068,4.923,14.715,6.253,1.119,4.551,1.176,0.0,0.066
train,205675,pass,,4.42,5.867,14.72,5.868,1.333,5.894,1.595,0.0,0.038
train,205676,reject,frame_crossing+arena+ref_contact,4.306,3.971,14.623,7.805,1.0,4.306,1.5,2.0,0.0
train,205677,pass,,4.561,5.479,14.742,9.293,1.245,5.679,1.348,0.0,0.036
train,205678,reject,arena+frame_margin,3.712,4.101,14.723,6.06,1.0,3.712,1.128,0.0,0.022
train,205679,reject,arena,4.371,4.694,14.771,5.19,1.067,4.664,1.063,0.0,0.045
train,205680,reject,frame_crossing+arena,4.236,5.467,14.754,9.621,1.242,5.263,2.162,1.0,0.033
train,205681,reject,frame_crossing+arena+frame_margin,4.815,5.443,14.699,8.737,1.237,5.957,1.496,1.0,0.004
train,205682,reject,frame_crossing+arena+ref_contact,4.871,6.088,14.726,9.685,1.384,6.739,2.062,2.0,0.0
train,205683,reject,frame_crossing+ref_contact,4.262,4.841,14.669,6.098,1.1,4.688,1.337,2.0,0.0
train,205684,reject,frame_crossing+arena+ref_contact,4.897,5.268,14.738,7.551,1.197,5.864,1.694,2.0,0.0
train,205685,reject,frame_crossing+arena+ref_contact,4.816,5.498,14.652,6.614,1.25,6.018,1.405,2.0,0.0
train,205686,reject,frame_crossing+arena+ref_contact,4.771,5.075,14.608,7.598,1.153,5.503,1.595,1.0,0.0
train,205687,reject,frame_crossing+arena+ref_contact,4.467,5.541,14.536,7.406,1.259,5.625,1.043,1.0,0.0
train,205688,reject,arena+frame_margin,4.226,4.092,14.69,6.239,1.0,4.226,1.133,0.0,0.018
train,205689,reject,frame_crossing+arena+ref_contact,4.502,4.94,14.689,7.397,1.123,5.054,1.481,2.0,0.0
train,205690,reject,frame_crossing+arena+ref_contact,4.126,4.069,14.727,9.868,1.0,4.126,1.181,1.0,0.0
train,205691,reject,frame_crossing+arena+ref_contact,5.012,5.269,14.727,7.243,1.198,6.003,1.772,1.0,0.0
train,205692,reject,arena,4.38,4.486,14.701,4.966,1.02,4.466,1.176,0.0,0.039
train,205693,reject,frame_crossing+arena+ref_contact,4.295,4.233,14.691,7.231,1.0,4.295,1.348,2.0,0.0
train,205694,reject,frame_crossing+arena+ref_contact,4.693,5.15,14.727,9.946,1.171,5.493,1.249,2.0,0.0
train,205695,reject,arena,4.408,4.635,14.732,6.248,1.053,4.643,1.429,0.0,0.036
train,205696,reject,frame_crossing+arena+ref_contact,4.608,5.092,14.727,5.763,1.157,5.332,1.271,1.0,0.0
train,205697,reject,arena+frame_margin,3.727,4.671,14.651,5.443,1.062,3.957,1.228,0.0,0.006
train,205698,reject,arena+ref_contact,5.051,5.405,14.502,8.13,1.228,6.205,1.895,0.0,0.0
train,205699,reject,frame_crossing+arena+ref_contact,4.901,5.461,14.665,8.305,1.241,6.083,1.063,2.0,0.0
train,205700,reject,arena,3.807,5.236,14.61,6.065,1.19,4.531,1.158,0.0,0.037
train,205701,reject,frame_crossing+arena+ref_contact,4.593,6.132,14.556,10.958,1.394,6.401,1.687,2.0,0.0
train,205702,reject,frame_crossing+arena+ref_contact,4.228,5.423,14.731,5.911,1.232,5.211,1.031,1.0,0.0
train,205703,reject,frame_crossing+arena+ref_contact,4.039,4.865,14.63,6.418,1.106,4.465,1.097,1.0,0.0
train,205704,reject,frame_crossing+arena+ref_contact,4.572,4.824,14.793,9.527,1.096,5.012,1.474,2.0,0.0
train,205705,reject,arena,4.388,5.136,14.696,6.745,1.167,5.122,1.118,0.0,0.051
train,205706,reject,arena+frame_margin,4.181,6.273,14.715,6.378,1.426,5.961,1.031,0.0,0.004
train,205707,reject,frame_crossing+arena+ref_contact,5.03,6.209,14.72,5.943,1.411,7.098,1.383,2.0,0.0
train,205708,reject,frame_crossing+arena+ref_contact,5.16,5.204,14.615,7.589,1.183,6.103,1.687,2.0,0.0
train,205709,reject,frame_crossing+arena+ref_contact,4.565,4.757,14.714,9.114,1.081,4.936,1.477,3.0,0.0
train,205710,reject,frame_crossing+arena+ref_contact,4.55,5.128,14.593,7.126,1.166,5.303,1.026,1.0,0.0
train,205711,reject,frame_crossing+arena+ref_contact,4.978,5.243,14.515,6.591,1.192,5.931,1.37,1.0,0.0
train,205712,reject,frame_crossing+arena+ref_contact,4.712,5.1,14.703,7.75,1.159,5.462,1.723,2.0,0.0
train,205713,reject,frame_crossing+arena+ref_contact,4.945,5.364,14.734,7.385,1.219,6.028,1.582,2.0,0.0
train,205714,reject,frame_crossing+arena+ref_contact,4.294,5.206,14.479,5.958,1.183,5.081,1.103,1.0,0.0
train,205715,reject,frame_crossing+arena+ref_contact,4.505,6.079,14.718,7.98,1.382,6.224,1.148,2.0,0.0
train,205716,reject,frame_crossing+ref_contact,4.459,5.181,14.738,7.084,1.177,5.251,1.015,4.0,0.0
train,205717,reject,frame_crossing+arena+ref_contact,4.63,5.051,14.786,7.002,1.148,5.315,2.062,1.0,0.0
train,205718,reject,frame_crossing+arena+ref_contact,4.61,5.266,14.742,10.826,1.197,5.517,1.849,3.0,0.0
train,205719,reject,arena,4.089,5.144,14.714,5.656,1.169,4.78,1.172,0.0,0.041
train,205720,reject,frame_crossing+arena+ref_contact,4.771,5.59,14.62,9.369,1.27,6.062,1.84,2.0,0.0
train,205721,reject,frame_crossing+arena+ref_contact,4.46,5.556,14.763,6.913,1.263,5.632,1.109,1.0,0.0
train,205722,reject,frame_crossing+arena+ref_contact,5.015,6.269,14.675,7.268,1.425,7.145,1.253,3.0,0.0
train,205723,reject,frame_crossing+arena+ref_contact,4.51,5.928,14.615,8.755,1.347,6.076,1.396,2.0,0.0
train,205724,reject,frame_crossing+arena+ref_contact,4.226,4.788,14.684,7.808,1.088,4.599,1.245,1.0,0.0
train,205725,reject,frame_crossing+arena+ref_contact,4.337,5.007,14.557,5.308,1.138,4.935,1.035,1.0,0.0
train,205726,reject,arena,3.673,4.425,14.702,5.599,1.006,3.693,1.148,0.0,0.051
train,205727,reject,frame_crossing+arena+ref_contact,4.619,5.456,14.766,8.666,1.24,5.728,1.62,1.0,0.0
train,205728,reject,frame_crossing+ref_contact,4.841,5.904,14.753,6.182,1.342,6.495,1.047,1.0,0.0
train,205729,reject,frame_crossing+arena+ref_contact,4.806,5.656,14.723,9.514,1.285,6.178,1.592,2.0,0.0
train,205730,reject,frame_crossing+arena+ref_contact,5.143,6.436,14.619,6.621,1.463,7.522,1.263,2.0,0.0
train,205731,reject,arena,3.471,4.765,14.725,5.373,1.083,3.759,1.153,0.0,0.045
train,205732,reject,frame_crossing+arena+ref_contact,4.628,6.183,14.731,10.25,1.405,6.503,2.215,2.0,0.0
train,205733,reject,frame_crossing+arena+ref_contact,4.759,5.773,14.699,7.682,1.312,6.245,1.228,1.0,0.0
train,205734,reject,arena+ref_contact,4.901,6.142,14.72,6.739,1.396,6.84,1.436,0.0,0.0
train,205735,reject,frame_crossing+arena+ref_contact,4.329,4.66,14.746,8.913,1.059,4.585,1.368,1.0,0.0
train,205736,reject,frame_crossing+arena+ref_contact,4.293,5.676,14.649,6.825,1.29,5.539,2.062,1.0,0.0
train,205737,reject,frame_crossing+arena+ref_contact,4.71,4.903,14.717,6.492,1.114,5.248,1.429,2.0,0.0
train,205738,reject,frame_crossing+arena+ref_contact,4.337,5.277,14.719,9.165,1.199,5.202,1.328,1.0,0.0
train,205739,reject,frame_crossing+arena+ref_contact,4.627,6.353,14.606,8.959,1.444,6.681,1.789,1.0,0.0
train,205740,reject,frame_crossing+arena+ref_contact,4.369,5.416,14.682,5.862,1.231,5.378,1.073,1.0,0.0
train,205741,reject,arena,4.303,4.643,14.66,5.041,1.055,4.54,1.162,0.0,0.036
train,205742,reject,frame_crossing+arena+ref_contact,4.994,5.615,14.664,9.415,1.276,6.372,1.873,2.0,0.0
train,205743,reject,frame_crossing+arena+ref_contact,4.239,5.169,14.739,5.692,1.175,4.98,1.553,1.0,0.0
train,205744,reject,frame_crossing+arena+ref_contact,3.811,4.706,14.649,5.726,1.069,4.076,1.047,1.0,0.0
train,205745,reject,frame_crossing+ref_contact,4.195,4.298,14.645,7.463,1.0,4.195,1.047,1.0,0.0
train,205746,reject,frame_crossing+arena+ref_contact,4.886,4.672,14.714,6.987,1.062,5.188,1.015,2.0,0.0
train,205747,pass,,4.02,4.699,14.559,5.993,1.068,4.293,1.015,0.0,0.04
train,205748,reject,frame_crossing+arena+ref_contact,4.527,5.181,14.654,6.334,1.177,5.331,1.926,2.0,0.0
train,205749,reject,frame_crossing+arena+ref_contact,4.754,6.075,14.718,7.023,1.381,6.564,1.263,1.0,0.0
train,205750,reject,frame_crossing+arena+ref_contact,4.232,5.038,14.68,8.894,1.145,4.845,1.219,1.0,0.0
train,205751,reject,frame_crossing+arena+ref_contact,5.095,6.183,14.647,8.128,1.405,7.16,1.795,3.0,0.0
train,205752,reject,frame_crossing+arena+ref_contact,4.904,6.171,14.723,9.265,1.402,6.877,1.205,3.0,0.0
train,205753,reject,frame_crossing+arena+ref_contact,5.224,6.4,14.672,6.906,1.455,7.6,1.28,2.0,0.0
train,205754,reject,frame_crossing+arena+ref_contact,4.216,3.998,14.743,7.112,1.0,4.216,1.267,2.0,0.0
train,205755,reject,frame_crossing+arena+ref_contact,4.328,5.484,14.731,5.83,1.246,5.395,1.799,1.0,0.0
train,205756,reject,frame_crossing+arena+ref_contact,4.82,5.581,14.745,8.516,1.268,6.114,1.849,2.0,0.0
train,205757,reject,frame_crossing+arena+frame_margin,4.432,3.94,14.766,6.396,1.0,4.432,1.073,1.0,0.008
train,205758,reject,frame_crossing+arena+ref_contact,4.168,4.214,14.59,6.344,1.0,4.168,1.118,1.0,0.0
train,205759,reject,arena,4.548,4.246,14.633,7.399,1.0,4.548,1.327,0.0,0.036
train,205760,reject,frame_crossing+arena+ref_contact,4.648,6.404,14.667,8.67,1.456,6.765,1.267,3.0,0.0
train,205761,reject,frame_crossing+arena+ref_contact,4.948,5.685,14.629,5.885,1.292,6.393,1.245,2.0,0.0
train,205762,reject,frame_crossing+arena+ref_contact,4.066,4.892,14.707,5.851,1.112,4.521,1.153,1.0,0.0
train,205763,reject,frame_crossing+arena+ref_contact,4.633,4.541,14.486,6.26,1.032,4.781,1.249,1.0,0.0
train,205764,reject,arena,4.911,5.056,14.613,8.45,1.149,5.643,1.569,0.0,0.036
train,205765,reject,frame_crossing+ref_contact,3.455,4.08,14.679,7.226,1.0,3.455,1.263,2.0,0.0
train,205766,reject,frame_crossing+arena+ref_contact,4.739,5.115,14.751,8.362,1.162,5.509,1.436,2.0,0.0
train,205767,reject,arena,4.513,5.844,14.66,5.961,1.328,5.994,1.205,0.0,0.039
train,205768,reject,frame_crossing+arena+ref_contact,4.355,4.915,14.761,9.091,1.117,4.866,1.031,2.0,0.0
train,205769,pass,,3.809,4.747,14.582,6.257,1.079,4.11,1.35,0.0,0.034
train,205770,reject,frame_crossing+ref_contact,4.48,4.831,14.601,8.813,1.098,4.919,1.473,2.0,0.0
train,205771,reject,frame_crossing+arena+ref_contact,4.403,4.44,14.533,7.845,1.009,4.443,1.44,2.0,0.0
train,205772,reject,frame_crossing+arena+ref_contact,5.087,5.328,14.585,7.935,1.211,6.16,1.582,2.0,0.0
train,205773,reject,frame_crossing+arena+ref_contact,5.138,5.626,14.699,9.105,1.279,6.569,1.626,1.0,0.0
train,205774,reject,frame_crossing+arena+ref_contact,4.72,5.295,14.559,8.268,1.203,5.68,1.654,1.0,0.0
train,205775,reject,frame_crossing+arena+ref_contact,4.582,6.143,14.636,8.581,1.396,6.397,1.198,3.0,0.0
train,205776,reject,frame_crossing+arena+ref_contact,4.898,5.574,14.602,6.382,1.267,6.205,1.453,1.0,0.0
train,205777,reject,arena+frame_margin,4.603,5.039,14.697,7.999,1.145,5.272,1.148,0.0,0.004
train,205778,reject,arena,4.715,6.065,14.691,6.213,1.378,6.499,2.093,0.0,0.037
train,205779,reject,frame_crossing+arena,4.134,5.476,14.631,6.126,1.245,5.145,1.171,1.0,0.04
train,205780,reject,frame_crossing+arena+ref_contact,4.495,4.282,14.495,8.839,1.0,4.495,1.837,1.0,0.0
train,205781,reject,frame_crossing+arena+ref_contact,4.534,4.742,14.664,9.522,1.078,4.886,1.058,2.0,0.0
train,205782,reject,frame_crossing+arena+frame_margin,4.03,4.964,14.673,9.775,1.128,4.547,1.077,1.0,0.001
train,205783,reject,frame_crossing+arena+ref_contact,4.337,5.163,14.742,8.194,1.173,5.089,1.026,1.0,0.0
train,205784,reject,frame_crossing+arena+ref_contact,4.839,6.592,14.67,5.848,1.498,7.25,1.031,3.0,0.0
train,205785,reject,frame_crossing+arena+ref_contact,4.947,6.542,14.652,8.345,1.487,7.355,1.582,1.0,0.0
train,205786,reject,frame_crossing+arena+ref_contact,4.773,5.51,14.632,8.938,1.252,5.978,1.481,2.0,0.0
train,205787,reject,arena,4.015,5.89,14.768,7.123,1.339,5.375,1.053,0.0,0.036
train,205788,reject,frame_crossing+arena+ref_contact,4.396,5.535,14.761,6.036,1.258,5.531,1.339,1.0,0.0
train,205789,reject,arena+ref_contact,4.646,5.426,14.733,8.398,1.233,5.729,1.952,0.0,0.0
train,205790,reject,frame_crossing+arena+ref_contact,4.62,4.843,14.651,8.818,1.101,5.085,1.694,2.0,0.0
train,205791,reject,frame_crossing+arena+ref_contact,5.049,5.628,14.742,10.005,1.279,6.458,1.62,3.0,0.0
train,205792,reject,frame_crossing+arena+ref_contact,4.761,5.342,14.786,7.083,1.214,5.78,1.107,2.0,0.0
train,205793,reject,arena+ref_contact,4.259,5.445,14.63,5.917,1.237,5.27,1.772,0.0,0.0
train,205794,reject,frame_crossing+arena+ref_contact,3.927,3.741,14.657,6.725,1.0,3.927,1.047,1.0,0.0
train,205795,reject,frame_crossing+arena+ref_contact,5.093,6.331,14.644,7.051,1.439,7.328,1.043,1.0,0.0
train,205796,reject,frame_crossing+ref_contact,4.483,4.766,14.577,8.755,1.083,4.857,1.047,1.0,0.0
train,205797,reject,frame_crossing+arena+ref_contact,4.637,3.825,14.732,6.119,1.0,4.637,1.031,2.0,0.0
train,205798,reject,frame_crossing+arena+ref_contact,5.17,5.706,14.672,7.579,1.297,6.705,1.348,2.0,0.0
train,205799,reject,frame_crossing+arena+ref_contact,4.934,5.663,14.65,9.757,1.287,6.351,1.895,2.0,0.0
train,205800,reject,frame_crossing+arena+ref_contact,4.193,5.304,14.673,9.63,1.205,5.054,1.219,1.0,0.0
train,205801,reject,frame_crossing+arena+ref_contact,4.38,5.078,14.666,8.232,1.154,5.055,1.735,1.0,0.0
train,205802,reject,frame_crossing+arena+frame_margin,4.47,5.29,14.676,6.591,1.202,5.374,1.198,1.0,0.006
train,205803,reject,frame_crossing+arena+ref_contact,5.137,6.337,14.668,7.45,1.44,7.398,1.699,3.0,0.0
train,205804,reject,arena,4.395,4.998,14.666,6.764,1.136,4.993,1.189,0.0,0.036
train,205805,reject,frame_crossing+arena+ref_contact,5.1,6.678,14.651,5.964,1.518,7.739,1.073,3.0,0.0
train,205806,reject,frame_crossing+arena+ref_contact,4.497,5.176,14.735,7.599,1.176,5.29,1.631,2.0,0.0
train,205807,reject,arena,4.193,4.616,14.719,7.29,1.049,4.4,1.47,0.0,0.036
train,205808,reject,frame_crossing+ref_contact,4.57,4.588,14.7,8.274,1.043,4.766,1.396,2.0,0.0
train,205809,reject,frame_crossing+ref_contact,4.364,4.744,14.58,8.529,1.078,4.706,1.13,2.0,0.0
train,205810,reject,frame_crossing+arena+ref_contact,4.863,5.873,14.667,6.951,1.335,6.491,1.063,2.0,0.0
train,205811,reject,frame_crossing+arena+ref_contact,4.832,5.053,14.733,5.218,1.148,5.549,1.747,2.0,0.0
train,205812,reject,frame_crossing+arena+ref_contact,4.868,5.918,14.658,5.884,1.345,6.547,1.577,1.0,0.0
train,205813,reject,arena,4.232,3.608,14.594,7.44,1.0,4.232,1.053,0.0,0.057
train,205814,reject,frame_crossing+arena+ref_contact,4.925,6.339,14.668,10.592,1.441,7.095,2.118,2.0,0.0
train,205815,reject,frame_crossing+arena+ref_contact,4.887,6.013,14.64,7.308,1.367,6.679,1.063,1.0,0.0
train,205816,reject,frame_crossing+arena+ref_contact,4.35,6.107,14.667,7.313,1.388,6.038,1.72,3.0,0.0
train,205817,reject,frame_crossing+ref_contact,4.152,5.249,14.665,8.855,1.193,4.953,1.231,3.0,0.0
train,205818,reject,frame_crossing+arena+ref_contact,4.056,4.83,14.582,5.853,1.098,4.452,1.148,1.0,0.0
train,205819,reject,frame_crossing+arena+ref_contact,4.86,4.003,14.699,6.338,1.0,4.86,1.148,1.0,0.0
train,205820,reject,frame_crossing+arena+ref_contact,4.766,5.476,14.633,6.7,1.244,5.931,2.093,1.0,0.0
train,205821,reject,frame_crossing+arena+ref_contact,4.183,4.391,14.733,6.78,1.0,4.183,1.189,1.0,0.0
train,205822,reject,frame_crossing+arena+ref_contact,4.013,4.922,14.594,6.066,1.119,4.49,1.348,1.0,0.0
train,205823,reject,frame_crossing+arena+ref_contact,4.486,5.237,14.784,7.811,1.19,5.339,1.128,1.0,0.0
train,205824,reject,frame_crossing+arena+ref_contact,4.755,5.583,14.745,8.958,1.269,6.034,1.837,3.0,0.0
train,205825,reject,frame_crossing+arena+ref_contact,4.827,6.43,14.706,6.502,1.461,7.053,1.047,2.0,0.0
train,205826,reject,frame_crossing+arena+ref_contact,5.061,6.126,14.707,7.708,1.392,7.047,2.059,2.0,0.0
train,205827,reject,frame_crossing+arena+ref_contact,4.945,4.847,14.514,7.132,1.101,5.447,1.032,2.0,0.0
train,205828,reject,frame_crossing+arena+ref_contact,4.976,4.942,14.712,8.955,1.123,5.59,1.37,3.0,0.0
train,205829,reject,frame_crossing+arena+frame_margin,4.078,4.597,14.681,6.613,1.045,4.26,1.523,1.0,0.006
train,205830,reject,frame_crossing+arena+ref_contact,4.601,4.614,14.733,7.822,1.049,4.825,1.235,1.0,0.0
train,205831,reject,frame_crossing+arena+ref_contact,4.951,5.504,14.711,9.579,1.251,6.193,1.047,1.0,0.0
train,205832,reject,arena,4.239,4.152,14.737,5.949,1.0,4.239,1.274,0.0,0.037
train,205833,reject,frame_crossing+arena+ref_contact,4.352,4.748,14.721,8.419,1.079,4.696,1.363,1.0,0.0
train,205834,reject,frame_crossing+arena+ref_contact,4.258,5.413,14.701,8.536,1.23,5.238,1.47,1.0,0.0
train,205835,reject,frame_crossing+arena+ref_contact,4.919,6.16,14.748,8.407,1.4,6.885,1.849,2.0,0.0
train,205836,reject,frame_crossing+ref_contact,4.807,5.273,14.71,6.521,1.199,5.761,1.058,1.0,0.0
train,205837,reject,frame_crossing+arena+ref_contact,4.596,4.665,14.719,5.385,1.06,4.873,1.148,1.0,0.0
train,205838,reject,frame_crossing+arena+ref_contact,4.861,4.672,14.662,5.341,1.062,5.161,1.148,2.0,0.0
train,205839,reject,frame_crossing+arena+ref_contact,5.029,6.345,14.733,7.966,1.442,7.252,2.517,1.0,0.0
train,205840,reject,arena,3.667,3.977,14.711,3.898,1.0,3.667,1.219,0.0,0.037
train,205841,reject,frame_crossing+ref_contact,4.221,5.961,14.69,9.526,1.355,5.719,1.53,1.0,0.0
train,205842,reject,frame_crossing+arena+ref_contact,5.441,6.173,14.697,8.89,1.403,7.634,2.982,2.0,0.0
train,205843,reject,frame_crossing+arena+ref_contact,4.371,5.696,14.618,8.554,1.295,5.659,1.13,1.0,0.0
train,205844,reject,frame_crossing+arena+ref_contact,4.334,5.197,14.708,7.419,1.181,5.119,1.231,1.0,0.0
train,205845,reject,frame_crossing+arena+ref_contact,4.73,5.084,14.73,8.439,1.155,5.465,1.249,2.0,0.0
train,205846,reject,frame_crossing+arena+ref_contact,4.529,4.192,14.621,7.569,1.0,4.529,1.28,2.0,0.0
train,205847,reject,frame_crossing+arena+ref_contact,4.751,5.632,14.72,8.951,1.28,6.081,1.031,2.0,0.0
train,205848,reject,frame_crossing+ref_contact,4.352,5.407,14.721,8.275,1.229,5.348,1.162,3.0,0.0
train,205849,reject,arena,4.317,5.109,14.486,5.891,1.161,5.012,1.171,0.0,0.044
train,205850,reject,arena+frame_margin,4.26,6.345,14.678,7.092,1.442,6.143,2.148,0.0,0.023
train,205851,reject,frame_crossing+arena+ref_contact,4.695,5.122,14.744,9.35,1.164,5.466,1.488,1.0,0.0
train,205852,reject,frame_crossing+arena+frame_margin,4.191,5.493,14.609,6.627,1.248,5.232,1.481,1.0,0.024
train,205853,reject,frame_crossing+arena+ref_contact,4.488,4.366,14.671,7.757,1.0,4.488,1.097,2.0,0.0
train,205854,reject,frame_crossing+arena+ref_contact,5.018,6.286,14.601,7.186,1.429,7.169,1.836,3.0,0.0
train,205855,reject,frame_crossing+arena+ref_contact,4.883,5.317,14.745,8.843,1.208,5.9,1.687,3.0,0.0
train,205856,reject,arena+frame_margin,4.056,5.053,14.698,7.208,1.148,4.658,2.137,0.0,0.027
train,205857,reject,frame_crossing+arena+ref_contact,5.037,4.787,14.53,7.471,1.088,5.48,1.015,2.0,0.0
train,205858,reject,frame_crossing+ref_contact,4.619,5.542,14.73,6.828,1.26,5.817,1.172,1.0,0.0
train,205859,reject,frame_crossing+arena+ref_contact,4.887,6.282,14.636,8.331,1.428,6.978,1.92,2.0,0.0
train,205860,reject,frame_crossing+ref_contact,5.016,5.427,14.577,7.831,1.233,6.186,1.204,2.0,0.0
train,205861,reject,frame_crossing+arena+ref_contact,4.813,5.446,14.769,10.338,1.238,5.958,1.92,1.0,0.0
train,205862,reject,arena+frame_margin,4.618,6.066,14.717,6.734,1.379,6.366,1.671,0.0,0.0
train,205863,reject,frame_crossing+ref_contact,4.883,5.185,14.688,6.45,1.178,5.754,1.032,1.0,0.0
train,205864,reject,frame_crossing+arena+ref_contact,4.88,4.895,14.73,8.765,1.112,5.428,1.253,3.0,0.0
train,205865,reject,frame_crossing+arena+ref_contact,4.63,5.141,14.718,7.647,1.168,5.409,1.077,2.0,0.0
train,205866,reject,arena+ref_contact,3.999,4.417,14.53,10.217,1.004,4.014,1.461,0.0,0.0
train,205867,reject,frame_crossing+arena+ref_contact,4.424,5.084,14.737,9.055,1.155,5.112,1.547,2.0,0.0
train,205868,reject,frame_crossing+ref_contact,4.733,5.536,14.621,5.832,1.258,5.955,1.337,1.0,0.0
train,205869,reject,frame_crossing+arena+ref_contact,4.744,4.45,14.69,8.615,1.011,4.798,1.3,1.0,0.0
train,205870,reject,frame_crossing+arena+ref_contact,4.443,4.867,14.74,8.889,1.106,4.915,1.912,1.0,0.0
train,205871,reject,frame_crossing+arena+ref_contact,4.587,5.016,14.745,9.38,1.14,5.23,1.333,2.0,0.0
train,205872,reject,frame_crossing+arena+ref_contact,5.018,6.012,14.632,8.325,1.366,6.857,1.928,1.0,0.0
train,205873,reject,frame_crossing+arena+ref_contact,4.258,4.876,14.646,10.051,1.108,4.719,1.695,1.0,0.0
train,205874,reject,arena,4.017,3.543,14.571,4.706,1.0,4.017,1.058,0.0,0.037
train,205875,reject,frame_crossing+arena+ref_contact,4.15,5.413,14.756,7.016,1.23,5.105,1.043,3.0,0.0
train,205876,reject,frame_crossing+arena+ref_contact,4.539,5.205,14.686,9.099,1.183,5.369,1.047,1.0,0.0
train,205877,pass,,4.002,3.864,14.792,5.131,1.0,4.002,1.311,0.0,0.042
train,205878,reject,frame_crossing+arena+frame_margin,4.07,4.674,14.654,8.132,1.062,4.323,1.162,1.0,0.006
train,205879,reject,frame_crossing+arena+ref_contact,4.336,5.585,14.743,8.518,1.269,5.503,1.506,2.0,0.0
train,205880,reject,frame_crossing+arena+ref_contact,4.738,4.131,14.571,5.281,1.0,4.738,1.128,2.0,0.0
train,205881,reject,frame_crossing+ref_contact,4.552,4.828,14.729,6.422,1.097,4.995,1.205,1.0,0.0
train,205882,reject,arena,4.298,5.275,14.737,7.135,1.199,5.152,1.564,0.0,0.037
train,205883,reject,frame_crossing+arena+frame_margin,4.055,4.538,14.656,8.84,1.031,4.183,1.063,1.0,0.009
train,205884,reject,frame_crossing+arena+ref_contact,4.807,5.119,14.722,10.688,1.163,5.593,1.043,2.0,0.0
train,205885,reject,arena+frame_margin,4.539,4.892,14.553,8.128,1.112,5.047,1.072,0.0,0.03
train,205886,reject,frame_crossing+arena+ref_contact,4.042,5.183,14.757,6.05,1.178,4.762,2.062,1.0,0.0
train,205887,reject,arena,4.346,6.601,14.591,5.877,1.5,6.52,1.219,0.0,0.036
train,205888,reject,arena+ref_contact,4.565,6.153,14.647,9.198,1.398,6.385,1.831,0.0,0.0
train,205889,reject,frame_crossing+arena+ref_contact,4.865,4.944,14.744,9.128,1.124,5.466,1.271,3.0,0.0
train,205890,reject,frame_crossing+arena+ref_contact,4.364,5.487,14.723,9.125,1.247,5.442,2.317,4.0,0.0
train,205891,pass,,3.917,4.969,14.74,5.43,1.129,4.424,1.4,0.0,0.04
train,205892,reject,arena,4.424,4.39,14.753,6.15,1.0,4.424,1.253,0.0,0.04
train,205893,reject,arena,4.547,5.46,14.784,8.225,1.241,5.643,1.162,0.0,0.035
train,205894,reject,frame_crossing+arena+ref_contact,5.027,5.302,14.614,7.61,1.205,6.058,1.779,3.0,0.0
train,205895,reject,arena+frame_margin,4.429,3.828,14.456,6.371,1.0,4.429,1.031,0.0,0.011
train,205896,reject,frame_crossing+arena+ref_contact,4.571,5.496,14.711,8.951,1.249,5.709,1.636,2.0,0.0
train,205897,reject,frame_crossing+arena+ref_contact,4.712,5.642,14.632,7.551,1.282,6.042,2.075,3.0,0.0
train,205898,reject,frame_crossing+arena+ref_contact,4.656,4.928,14.608,8.767,1.12,5.215,1.684,2.0,0.0
train,205899,reject,frame_crossing+arena+ref_contact,4.73,5.623,14.653,6.766,1.278,6.045,1.697,3.0,0.0
train,205900,reject,frame_crossing+arena+ref_contact,4.741,6.742,14.767,6.904,1.532,7.265,1.072,1.0,0.0
train,205901,reject,frame_crossing+arena+ref_contact,4.897,5.766,14.565,8.851,1.31,6.417,1.453,2.0,0.0
train,205902,reject,frame_crossing+arena+ref_contact,4.602,6.629,14.714,7.548,1.507,6.934,1.189,1.0,0.0
train,205903,reject,frame_crossing+arena+ref_contact,4.64,4.227,14.503,7.332,1.0,4.64,1.564,1.0,0.0
train,205904,reject,frame_crossing+arena+ref_contact,4.893,5.552,14.741,8.693,1.262,6.174,1.043,1.0,0.0
train,205905,reject,frame_crossing+arena+ref_contact,4.816,5.294,14.613,7.003,1.203,5.794,1.189,1.0,0.0
train,205906,reject,frame_crossing+arena+ref_contact,4.738,6.421,14.591,6.718,1.459,6.914,2.232,2.0,0.0
train,205907,reject,frame_crossing+arena+ref_contact,4.011,4.689,14.668,6.473,1.066,4.274,1.263,1.0,0.0
train,205908,reject,frame_crossing+arena+ref_contact,5.351,5.695,14.649,9.358,1.294,6.926,1.029,2.0,0.0
train,205909,reject,arena,3.836,4.081,14.711,4.988,1.0,3.836,1.712,0.0,0.041
train,205910,reject,frame_crossing+arena+ref_contact,4.605,4.894,14.661,9.261,1.112,5.122,1.639,1.0,0.0
train,205911,reject,frame_crossing+arena+ref_contact,4.61,5.428,14.679,8.942,1.234,5.687,1.249,2.0,0.0
train,205912,reject,frame_crossing+arena+ref_contact,4.411,5.149,14.778,7.995,1.17,5.161,1.176,1.0,0.0
train,205913,reject,arena+ref_contact,4.452,3.88,14.744,4.639,1.0,4.452,1.542,0.0,0.0
train,205914,reject,frame_crossing+arena+ref_contact,5.027,5.605,14.699,9.018,1.274,6.404,1.644,1.0,0.0
train,205915,reject,frame_crossing+arena+ref_contact,4.672,5.914,14.676,7.049,1.344,6.28,1.205,1.0,0.0
train,205916,reject,frame_crossing+arena+frame_margin,4.09,5.283,14.667,7.147,1.201,4.91,1.128,1.0,0.01
train,205917,reject,frame_crossing+arena+ref_contact,4.273,4.126,14.697,9.391,1.0,4.273,1.103,1.0,0.0
train,205918,reject,frame_crossing+arena+ref_contact,4.997,4.771,14.65,8.934,1.084,5.418,1.063,2.0,0.0
train,205919,reject,frame_crossing+arena+frame_margin,4.582,5.009,14.729,8.465,1.138,5.216,1.35,1.0,0.014
train,205920,reject,frame_crossing+arena+ref_contact,4.779,5.3,14.705,11.255,1.205,5.756,1.453,1.0,0.0
train,205921,reject,frame_crossing+arena+ref_contact,4.737,5.445,14.755,10.098,1.238,5.862,1.491,3.0,0.0
train,205922,reject,frame_crossing+arena+ref_contact,4.088,4.18,14.596,8.68,1.0,4.088,1.37,1.0,0.0
train,205923,reject,arena,4.501,6.529,14.579,6.402,1.484,6.679,1.383,0.0,0.049
train,205924,reject,frame_crossing+arena+ref_contact,4.731,5.522,14.742,7.988,1.255,5.938,2.054,1.0,0.0
train,205925,reject,frame_crossing+arena+ref_contact,4.035,5.414,14.728,10.159,1.23,4.964,1.176,1.0,0.0
train,205926,reject,frame_crossing+arena+ref_contact,5.161,5.207,14.727,8.312,1.184,6.108,2.381,3.0,0.0
train,205927,reject,frame_crossing+arena+ref_contact,4.504,5.511,14.727,8.063,1.253,5.641,1.245,3.0,0.0
train,205928,reject,arena,4.401,4.187,14.712,5.377,1.0,4.401,1.235,0.0,0.036
train,205929,reject,frame_crossing+arena+ref_contact,4.463,6.547,14.604,6.015,1.488,6.641,1.436,1.0,0.0
train,205930,reject,frame_crossing+arena+ref_contact,4.964,5.035,14.638,6.591,1.144,5.681,1.245,2.0,0.0
train,205931,reject,frame_crossing+arena+ref_contact,4.659,5.012,14.558,6.696,1.139,5.307,1.542,1.0,0.0
train,205932,reject,frame_crossing+arena+ref_contact,4.534,4.886,14.712,8.099,1.11,5.034,1.488,2.0,0.0
train,205933,reject,arena,4.307,6.083,14.647,6.217,1.383,5.955,1.058,0.0,0.036
train,205934,pass,,4.53,4.919,14.747,8.275,1.118,5.065,1.228,0.0,0.035
train,205935,reject,arena,3.993,4.313,14.761,5.904,1.0,3.993,1.651,0.0,0.05
train,205936,reject,frame_crossing+arena+ref_contact,4.341,5.062,14.709,7.654,1.15,4.995,1.671,2.0,0.0
train,205937,reject,frame_crossing+arena+ref_contact,4.024,5.273,14.681,5.886,1.199,4.823,1.047,1.0,0.0
train,205938,reject,frame_crossing+arena+ref_contact,4.662,4.435,14.681,8.337,1.008,4.7,1.837,2.0,0.0
train,205939,reject,frame_crossing+arena+ref_contact,4.938,6.406,14.669,9.373,1.456,7.19,1.609,3.0,0.0
train,205940,reject,frame_crossing+arena+ref_contact,3.843,4.327,14.629,5.272,1.0,3.843,1.162,1.0,0.0
train,205941,reject,frame_crossing+arena+ref_contact,4.825,5.363,14.725,8.952,1.219,5.881,1.529,1.0,0.0
train,205942,reject,frame_crossing+arena+ref_contact,4.348,5.149,14.751,6.144,1.17,5.089,1.473,1.0,0.0
train,205943,reject,frame_crossing+arena+ref_contact,3.865,3.974,14.626,6.368,1.0,3.865,1.28,1.0,0.0
train,205944,reject,frame_crossing+arena+ref_contact,4.66,4.122,14.706,7.312,1.0,4.66,1.031,1.0,0.0
train,205945,reject,frame_crossing+arena+ref_contact,4.737,5.736,14.484,6.864,1.304,6.176,1.263,1.0,0.0
train,205946,reject,frame_crossing+arena+ref_contact,4.586,6.595,14.73,5.949,1.499,6.874,1.337,4.0,0.0
train,205947,reject,frame_crossing+arena+ref_contact,4.331,4.424,14.655,6.99,1.005,4.355,1.639,1.0,0.0
train,205948,reject,frame_crossing+arena+ref_contact,5.03,6.14,14.648,7.348,1.395,7.018,1.856,2.0,0.0
train,205949,reject,frame_crossing+arena+ref_contact,4.084,3.658,14.745,4.823,1.0,4.084,1.158,1.0,0.0
train,205950,reject,frame_crossing+arena+ref_contact,4.15,4.555,14.725,5.94,1.035,4.295,1.176,1.0,0.0
train,205951,reject,frame_crossing+arena+ref_contact,4.584,5.522,14.686,6.187,1.255,5.754,1.103,1.0,0.0
train,205952,reject,frame_crossing+arena+ref_contact,4.706,4.607,14.737,7.473,1.047,4.927,1.13,1.0,0.0
train,205953,reject,arena,4.09,4.873,14.704,6.023,1.107,4.529,1.844,0.0,0.036
train,205954,reject,frame_crossing+arena+ref_contact,4.725,6.596,14.618,8.373,1.499,7.083,1.651,1.0,0.0
train,205955,reject,frame_crossing+arena+ref_contact,4.706,5.462,14.656,10.196,1.241,5.842,1.69,2.0,0.0
train,205956,reject,frame_crossing+arena+ref_contact,4.315,5.538,14.672,8.74,1.259,5.43,1.849,1.0,0.0
train,205957,reject,frame_crossing+arena+ref_contact,4.647,5.03,14.727,8.677,1.143,5.312,1.13,3.0,0.0
train,205958,reject,frame_crossing+ref_contact,4.33,5.032,14.733,6.647,1.144,4.951,2.075,2.0,0.0
train,205959,reject,frame_crossing+arena+ref_contact,4.712,5.022,14.7,6.773,1.141,5.378,1.153,3.0,0.0
train,205960,reject,frame_crossing+arena+ref_contact,4.441,5.402,14.667,7.087,1.228,5.453,1.205,2.0,0.0
train,205961,reject,frame_crossing+arena+ref_contact,4.616,5.145,14.717,9.703,1.169,5.397,1.5,3.0,0.0
train,205962,reject,frame_crossing+arena+ref_contact,5.078,5.993,14.685,7.616,1.362,6.916,1.029,1.0,0.0
train,205963,reject,frame_crossing+arena+ref_contact,4.806,5.241,14.747,9.8,1.191,5.724,1.84,2.0,0.0
train,205964,reject,frame_crossing+arena+ref_contact,4.995,6.231,14.648,7.012,1.416,7.074,1.311,4.0,0.0
train,205965,reject,frame_crossing+arena+ref_contact,4.027,4.518,14.674,8.717,1.027,4.135,1.72,1.0,0.0
train,205966,reject,frame_crossing+arena+ref_contact,4.987,5.279,14.614,8.681,1.2,5.984,1.952,1.0,0.0
train,205967,reject,frame_crossing+arena+ref_contact,4.618,5.909,14.64,9.65,1.343,6.202,1.53,3.0,0.0
train,205968,pass,,3.829,5.215,14.558,5.758,1.185,4.538,1.28,0.0,0.038
train,205969,reject,arena+frame_margin,4.666,4.972,14.74,8.718,1.13,5.273,1.333,0.0,0.008
train,205970,reject,frame_crossing+arena+ref_contact,4.73,6.461,14.7,9.129,1.468,6.946,2.205,1.0,0.0
train,205971,reject,frame_crossing+ref_contact,4.332,4.917,14.65,6.286,1.118,4.841,1.271,1.0,0.0
train,205972,reject,frame_crossing+arena+ref_contact,4.205,3.927,14.513,9.101,1.0,4.205,1.029,1.0,0.0
train,205973,reject,frame_crossing+arena+ref_contact,4.698,6.275,14.667,6.691,1.426,6.7,1.249,3.0,0.0
train,205974,reject,frame_crossing+arena+ref_contact,4.85,6.459,14.658,8.265,1.468,7.12,2.237,2.0,0.0
train,205975,reject,frame_crossing+arena+ref_contact,5.135,5.747,14.712,7.514,1.306,6.707,1.337,2.0,0.0
train,205976,reject,arena,4.211,4.873,14.709,8.774,1.108,4.664,1.451,0.0,0.033
train,205977,reject,frame_crossing+ref_contact,4.762,5.703,14.713,7.846,1.296,6.173,1.047,2.0,0.0
train,205978,reject,frame_crossing+arena+ref_contact,4.762,6.12,14.761,7.51,1.391,6.623,2.059,3.0,0.0
train,205979,reject,frame_crossing+arena+ref_contact,4.782,4.95,14.732,10.151,1.125,5.38,1.029,2.0,0.0
train,205980,reject,frame_crossing+ref_contact,4.417,5.512,14.727,6.537,1.253,5.534,1.845,1.0,0.0
train,205981,reject,arena+frame_margin,4.595,5.126,14.608,7.958,1.165,5.353,1.267,0.0,0.024
train,205982,reject,arena,5.032,5.883,14.472,7.566,1.337,6.728,1.654,0.0,0.037
train,205983,reject,frame_crossing+arena+ref_contact,4.49,5.148,14.625,6.955,1.17,5.253,1.032,1.0,0.0
train,205984,reject,frame_crossing+arena+ref_contact,4.74,5.663,14.745,8.174,1.287,6.1,1.474,3.0,0.0
train,205985,reject,frame_crossing+arena+ref_contact,5.195,5.457,14.659,7.414,1.24,6.443,1.153,3.0,0.0
train,205986,reject,frame_crossing+arena+ref_contact,4.752,6.065,14.758,7.251,1.378,6.55,1.263,2.0,0.0
train,205987,reject,frame_crossing+arena+ref_contact,4.918,5.173,14.623,7.246,1.176,5.782,1.761,1.0,0.0
train,205988,reject,frame_crossing+arena+ref_contact,4.426,5.391,14.637,5.85,1.225,5.423,1.453,1.0,0.0
train,205989,reject,frame_crossing+arena+ref_contact,4.97,6.093,14.728,10.886,1.385,6.882,2.306,1.0,0.0
train,205990,reject,frame_crossing+arena+ref_contact,4.729,5.392,14.704,9.634,1.226,5.795,1.974,2.0,0.0
train,205991,reject,frame_crossing+arena+ref_contact,4.682,6.253,14.583,6.255,1.421,6.654,1.595,3.0,0.0
train,205992,reject,frame_crossing+arena+ref_contact,4.641,6.118,14.684,7.06,1.39,6.453,1.176,3.0,0.0
train,205993,reject,frame_crossing+arena+ref_contact,4.932,4.024,14.416,8.438,1.0,4.932,1.35,2.0,0.0
train,205994,reject,frame_crossing+arena+ref_contact,4.943,5.245,14.632,8.875,1.192,5.891,1.538,2.0,0.0
train,205995,pass,,4.599,5.892,14.74,6.876,1.339,6.159,1.542,0.0,0.04
train,205996,reject,frame_crossing+arena+ref_contact,4.237,5.09,14.712,6.649,1.157,4.902,1.235,1.0,0.0
train,205997,reject,frame_crossing+arena+ref_contact,3.754,4.204,14.733,5.713,1.0,3.754,1.328,1.0,0.0
train,205998,reject,arena,4.531,4.444,14.74,7.369,1.01,4.576,1.506,0.0,0.036
train,205999,reject,frame_crossing+arena+ref_contact,3.991,3.842,14.64,7.199,1.0,3.991,1.274,1.0,0.0
